-- phpMyAdmin SQL Dump
-- version 5.2.1
-- https://www.phpmyadmin.net/
--
-- Servidor: 127.0.0.1
-- Tiempo de generación: 18-09-2023 a las 02:02:42
-- Versión del servidor: 10.4.28-MariaDB
-- Versión de PHP: 8.2.4

SET SQL_MODE = "NO_AUTO_VALUE_ON_ZERO";
START TRANSACTION;
SET time_zone = "+00:00";


/*!40101 SET @OLD_CHARACTER_SET_CLIENT=@@CHARACTER_SET_CLIENT */;
/*!40101 SET @OLD_CHARACTER_SET_RESULTS=@@CHARACTER_SET_RESULTS */;
/*!40101 SET @OLD_COLLATION_CONNECTION=@@COLLATION_CONNECTION */;
/*!40101 SET NAMES utf8mb4 */;

--
-- Base de datos: `u392441939_siigred2023`
--

--
-- Volcado de datos para la tabla `actividad_economica`
--

INSERT INTO `actividad_economica` (`VcrIdAct`, `VcrActEco`) VALUES
('1011', 'Procesamiento y conservación de carne y productos cárnicos'),
('1012', 'Procesamiento y conservación de pescados, crustáceos y moluscos'),
('10201', 'Procesamiento y conservación de frutas, legumbres, hortalizas y tubérculos (excepto elaboración de jugos de frutas)'),
('10202', 'Elaboración de jugos de frutas'),
('1030', 'Elaboración de aceites y grasas de origen vegetal y animal'),
('10401', 'Elaboración de productos lácteos (excepto bebidas)'),
('10402', 'Elaboración de bebidas lácteas'),
('1051', 'Elaboración de productos de molinería'),
('1052', 'Elaboración de almidones y productos derivados del almidón'),
('1061', 'Trilla de café'),
('1062', 'Descafeinado, tostión y molienda del café'),
('1063', 'Elaboración de otros derivados del café'),
('1071', 'Elaboración y refinación de azúcar'),
('1072', 'Elaboración de panela'),
('1081', 'Elaboración de productos de panadería'),
('1082', 'Elaboración de cacao, chocolate y productos de confitería'),
('1083', 'Elaboración de macarrones, fideos, alcuzcuz y productos farináceos similares'),
('1084', 'Elaboración de comidas y platos preparados'),
('1089', 'Elaboración de otros productos alimenticios n.c.p.'),
('1090', 'Elaboración de alimentos preparados para animales'),
('1101', 'Destilación, rectificación y mezcla de bebidas alcohólicas'),
('1102', 'Elaboración de bebidas fermentadas no destiladas'),
('1103', 'Producción de malta, elaboración de cervezas y otras bebidas malteadas'),
('1104', 'Elaboración de bebidas no alcohólicas, producción de aguas minerales y de otras aguas embotelladas'),
('1200', 'Elaboración de productos de tabaco'),
('1311', 'Preparación e hilatura de fibras textiles'),
('1312', 'Tejeduría de productos textiles'),
('1313', 'Acabado de productos textiles'),
('1391', 'Fabricación de tejidos de punto y ganchillo'),
('1392', 'Confección de artículos con materiales textiles, excepto prendas de vestir'),
('1393', 'Fabricación de tapetes y alfombras para pisos'),
('1394', 'Fabricación de cuerdas, cordeles, cables, bramantes y redes'),
('1399', 'Fabricación de otros artículos textiles n.c.p.'),
('141', 'Cría de ganado bovino y bufalino'),
('1410', 'Confección de prendas de vestir, excepto prendas de piel'),
('142', 'Cría de caballos y otros equinos'),
('14201', 'Fabricación de prendas de vestir de piel'),
('14202', 'Fabricación de artículos de piel (excepto prendas de vestir)'),
('143', 'Cría de ovejas y cabras'),
('14301', 'Fabricación de prendas de vestir de punto y ganchillo'),
('14302', 'Fabricación de artículos de punto y ganchillo (excepto prendas de vestir)'),
('144', 'Cría de ganado porcino'),
('145', 'Cría de aves de corral'),
('149', 'Cría de otros animales n.c.p.'),
('150', 'Explotación primaria mixta (agrícola y pecuaria)'),
('1511', 'Curtido y recurtido de cueros; recurtido y teñido de pieles.'),
('1512', 'Fabricación de artículos de viaje, bolsos de mano y artículos similares elaborados en cuero, y fabricación de artículos de talabartería y guarnicionería.'),
('1513', 'Fabricación de artículos de viaje, bolsos de mano y artículos similares; artículos de talabartería y guarnicionería elaborados en otros materiales'),
('1521', 'Fabricación de calzado de cuero y piel, con cualquier tipo de suela'),
('1522', 'Fabricación de otros tipos de calzado, excepto calzado de cuero y piel'),
('1523', 'Fabricación de partes del calzado'),
('161', 'Actividades de apoyo a la agricultura'),
('1610', 'Aserrado, acepillado e impregnación de la madera'),
('162', 'Actividades de apoyo a la ganadería'),
('1620', 'Fabricación de hojas de madera para enchapado; fabricación de tableros contrachapados, tableros laminados, tableros de partículas y otros tableros y paneles'),
('163', 'Actividades posteriores a la cosecha'),
('1630', 'Fabricación de partes y piezas de madera, de carpintería y ebanistería para la construcción y para edificios'),
('164', 'Tratamiento de semillas para propagación'),
('1640', 'Fabricación de recipientes de madera'),
('1690', 'Fabricación de otros productos de madera; fabricación de artículos de corcho, cestería y espartería'),
('170', 'Caza ordinaria y mediante trampas y actividades de servicios conexas'),
('1701', 'Fabricación de pulpas (pastas) celulósicas; papel y cartón'),
('1702', 'Fabricación de papel y cartón ondulado (corrugado); fabricación de envases, empaques y de embalajes de papel y cartón.'),
('1709', 'Fabricación de otros artículos de papel y cartón'),
('1811', 'Actividades de impresión'),
('1812', 'Actividades de servicios relacionados con la impresión'),
('1820', 'Producción de copias a partir de grabaciones originales'),
('1910', 'Fabricación de productos de hornos de coque'),
('1921', 'Fabricación de productos de la refinación del petróleo'),
('1922', 'Actividad de mezcla de combustibles'),
('2011', 'Fabricación de sustancias y productos químicos básicos'),
('2012', 'Fabricación de abonos y compuestos inorgánicos nitrogenados'),
('2013', 'Fabricación de plásticos en formas primarias'),
('2014', 'Fabricación de caucho sintético en formas primarias'),
('2021', 'Fabricación de plaguicidas y otros productos químicos de uso agropecuario'),
('2022', 'Fabricación de pinturas, barnices y revestimientos similares, tintas para impresión y masillas'),
('2023', 'Fabricación de jabones y detergentes, preparados para limpiar y pulir; perfumes y preparados de tocador'),
('2029', 'Fabricación de otros productos químicos n.c.p.'),
('2030', 'Fabricación de fibras sintéticas y artificiales'),
('210', 'Silvicultura y otras actividades forestales'),
('2100', 'Fabricación de productos farmacéuticos, sustancias químicas medicinales y productos botánicos de uso farmacéutico'),
('220', 'Extracción de madera'),
('2211', 'Fabricación de llantas y neumáticos de caucho'),
('2212', 'Reencauche de llantas usadas'),
('2219', 'Fabricación de formas básicas de caucho y otros productos de caucho n.c.p.'),
('2221', 'Fabricación de formas básicas de plástico'),
('2229', 'Fabricación de artículos de plástico n.c.p.'),
('230', 'Recolección de productos forestales diferentes a la madera'),
('2310', 'Fabricación de vidrio y productos de vidrio'),
('2391', 'Fabricación de productos refractarios'),
('2392', 'Fabricación de materiales de arcilla para la construcción'),
('2393', 'Fabricación de otros productos de cerámica y porcelana'),
('2394', 'Fabricación de cemento, cal y yeso'),
('2395', 'Fabricación de artículos de hormigón, cemento y yeso'),
('2396', 'Corte, tallado y acabado de la piedra'),
('2399', 'Fabricación de otros productos minerales no metálicos n.c.p.'),
('240', 'Servicios de apoyo a la silvicultura'),
('2410', 'Industrias básicas de hierro y de acero'),
('2421', 'Industrias básicas de metales preciosos'),
('2429', 'Industrias básicas de otros metales no ferrosos'),
('2431', 'Fundición de hierro y de acero'),
('2432', 'Fundición de metales no ferrosos'),
('2511', 'Fabricación de productos metálicos para uso estructural'),
('2512', 'Fabricación de tanques, depósitos y recipientes de metal, excepto los utilizados para el envase o transporte de mercancías'),
('2513', 'Fabricación de generadores de vapor, excepto calderas de agua caliente para calefacción central'),
('2520', 'Fabricación de armas y municiones'),
('2591', 'Forja, prensado, estampado y laminado de metal; pulvimetalurgia'),
('2592', 'Tratamiento y revestimiento\nde metales; mecanizado'),
('2593', 'Fabricación de artículos de cuchillería, herramientas de mano y artículos de ferretería'),
('2599', 'Fabricación de otros productos elaborados de metal n.c.p.'),
('2610', 'Fabricación de componentes y tableros electrónicos'),
('2620', 'Fabricación de computadoras y de equipo periférico'),
('2630', 'Fabricación de equipos de comunicación'),
('2640', 'Fabricación de aparatos electrónicos de consumo'),
('2651', 'Fabricación de equipo de medición, prueba, navegación y control'),
('2652', 'Fabricación de relojes'),
('2660', 'Fabricación de equipo de irradiación y equipo electrónico de uso médico y terapéutico'),
('2670', 'Fabricación de instrumentos ópticos y equipo fotográfico'),
('2680', 'Fabricación de soportes magnéticos y ópticos'),
('2711', 'Fabricación de motores, generadores y transformadores eléctricos.'),
('2712', 'Fabricación de aparatos de distribución y control de la energía eléctrica'),
('2720', 'Fabricación de pilas, baterías y acumuladores eléctricos'),
('2731', 'Fabricación de hilos y cables eléctricos y de fibra óptica'),
('2732', 'Fabricación de dispositivos de cableado'),
('2740', 'Fabricación de equipos eléctricos de iluminación'),
('2750', 'Fabricación de aparatos de uso doméstico'),
('2790', 'Fabricación de otros tipos de equipo eléctrico n.c.p.'),
('2811', 'Fabricación de motores, turbinas, y partes para motores de combustión interna'),
('2812', 'Fabricación de equipos de potencia hidráulica y neumática'),
('2813', 'Fabricación de otras bombas, compresores, grifos y válvulas'),
('2814', 'Fabricación de cojinetes, engranajes, trenes de engranajes y piezas de transmisión'),
('2815', 'Fabricación de hornos, hogares y quemadores industriales'),
('2816', 'Fabricación de equipo de elevación y manipulación'),
('2817', 'Fabricación de maquinaria y equipo de oficina (excepto computadoras y equipo periférico)'),
('2818', 'Fabricación de herramientas manuales con motor'),
('2819', 'Fabricación de otros tipos de maquinaria y equipo de uso general n.c.p.'),
('2821', 'Fabricación de maquinaria agropecuaria y forestal'),
('2822', 'Fabricación de máquinas formadoras de metal y de máquinas herramienta'),
('2823', 'Fabricación de maquinaria para la metalurgia'),
('2824', 'Fabricación de maquinaria para explotación de minas y canteras y para obras de construcción'),
('2825', 'Fabricación de maquinaria para la elaboración de alimentos, bebidas y tabaco'),
('2826', 'Fabricación de maquinaria para la elaboración de productos textiles, prendas de vestir y cueros'),
('2829', 'Fabricación de otros tipos de maquinaria y equipo de uso especial n.c.p.'),
('2910', 'Fabricación de vehículos automotores y sus motores'),
('2920', 'Fabricación de carrocerías para vehículos automotores; fabricación de remolques y semirremolques'),
('2930', 'Fabricación de partes, piezas (autopartes) y accesorios (lujos) para vehículos automotores'),
('3011', 'Construcción de barcos y de estructuras flotantes'),
('3012', 'Construcción de embarcaciones de recreo y deporte'),
('3020', 'Fabricación de locomotoras y de material rodante para ferrocarriles'),
('3030', 'Fabricación de aeronaves, naves espaciales y de maquinaria conexa'),
('3040', 'Fabricación de vehículos militares de combate'),
('3091', 'Fabricación de motocicletas'),
('3092', 'Fabricación de bicicletas y de sillas de ruedas para personas con discapacidad'),
('3099', 'Fabricación de otros tipos de equipo de transporte n.c.p.'),
('311', 'Pesca marítima'),
('3110', 'Fabricación de muebles'),
('312', 'Pesca de agua dulce'),
('3120', 'Fabricación de colchones y somieres'),
('321', 'Acuicultura marítima'),
('3210', 'Fabricación de joyas, bisutería y artículos conexos'),
('322', 'Acuicultura de agua dulce'),
('3220', 'Fabricación de instrumentos musicales'),
('3230', 'Fabricación de artículos y\nequipo para la práctica del\ndeporte (excepto prendas\nde vestir y calzado)'),
('3240', 'Fabricación de juegos,\njuguetes y rompecabezas'),
('3250', 'Fabricación de\ninstrumentos, aparatos y\nmateriales médicos y\nodontológicos (incluido\nmobiliario)'),
('3290', 'Otras industrias manufactureras n.c.p.'),
('3311', 'Mantenimiento y reparación especializado de productos elaborados en metal'),
('3312', 'Mantenimiento y reparación especializado de maquinaria y equipo'),
('3313', 'Mantenimiento y reparación especializado de equipo electrónico y óptico'),
('3314', 'Mantenimiento y reparación especializado de equipo eléctrico'),
('3315', 'Mantenimiento y reparación especializado de equipo de transporte, excepto los vehículos automotores, motocicletas y bicicletas'),
('3319', 'Mantenimiento y reparación de otros tipos de equipos y sus componentes n.c.p.'),
('3320', 'Instalación especializada de maquinaria y equipo industrial'),
('3511', 'Generación de energía eléctrica'),
('3512', 'Transmisión de energía eléctrica'),
('3513', 'Distribución de energía eléctrica'),
('3514', 'Comercialización de energía eléctrica'),
('35201', 'Producción de gas'),
('35202', 'Distribución de combustibles gaseosos por tuberías'),
('3530', 'Suministro de vapor y aire acondicionado'),
('36001', 'Captación y tratamiento de agua'),
('36002', 'Distribución de agua'),
('3700', 'Evacuación y tratamiento de aguas residuales'),
('3811', 'Recolección de desechos no peligrosos'),
('3812', 'Recolección de desechos peligrosos'),
('3821', 'Tratamiento y disposición de desechos no peligrosos'),
('3822', 'Tratamiento y disposición de desechos peligrosos'),
('3830', 'Recuperación de materiales'),
('39001', 'Actividades de saneamiento ambiental y otros servicios de gestión de desechos (excepto los servicios prestados por contratistas de construcción, constructores y urbanizadores)'),
('39002', 'Actividades de saneamiento ambiental y otros de gestión de desechos prestados por contratistas de construcción, constructores y urbanizadores'),
('4111', 'Construcción de edificios residenciales'),
('4112', 'Construcción de edificios no residenciales'),
('4210', 'Construcción de carreteras y vías de ferrocarril'),
('4220', 'Construcción de proyectos de servicio público'),
('4290', 'Construcción de otras obras de ingeniería civil'),
('4311', 'Demolición'),
('4312', 'Preparación del terreno'),
('4321', 'Instalaciones eléctricas de la construcción'),
('4322', 'Instalaciones de fontanería, calefacción y aire acondicionado de la construcción'),
('4329', 'Otras instalaciones especializadas de la construcción'),
('4330', 'Terminación y acabado de edificios y obras de ingeniería civil'),
('4390', 'Otras actividades especializadas para la construcción de edificios y obras de ingeniería civil'),
('4511', 'Comercio de vehículos automotores nuevos'),
('4512', 'Comercio de vehículos automotores usados'),
('4520', 'Mantenimiento y reparación de vehículos automotores.'),
('4530', 'Comercio de partes, piezas (autopartes) y accesorios (lujos) para vehículos automotores'),
('45411', 'Comercio de motocicletas'),
('45412', 'Comercio de partes, piezas y accesorios de motocicletas'),
('4542', 'Mantenimiento y reparación de motocicletas y de sus partes y piezas'),
('4610', 'Comercio al por mayor a cambio de una retribución o por contrata'),
('46201', 'Comercio al por mayor de materias primas agrícolas en bruto (alimentos)'),
('46202', 'Comercio al por mayor de materias primas pecuarias y animales vivos'),
('4631', 'Comercio al por mayor de productos alimenticios'),
('46321', 'Comercio al por mayor de bebidas y tabaco (diferentes a licores y cigarrillos)'),
('46322', 'Comercio al por mayor de licores y cigarrillos'),
('4641', 'Comercio al por mayor de productos textiles y productos confeccionados para uso doméstico'),
('4642', 'Comercio al por mayor de prendas de vestir'),
('4643', 'Comercio al por mayor de calzado'),
('4644', 'Comercio al por mayor de aparatos y equipo de uso doméstico'),
('46451', 'Comercio al por mayor de productos farmacéuticos y medicinales'),
('46452', 'Comercio al por mayor de productos cosméticos y de tocador (excepto productos farmacéuticos y medicinales)'),
('46491', 'Comercio al por mayor de otros utensilios domésticos n.c.p. (excepto joyas)'),
('46492', 'Venta de joyas'),
('4651', 'Comercio al por mayor de computadores, equipo periférico y programas de informática'),
('4652', 'Comercio al por mayor de equipo, partes y piezas electrónicos y de telecomunicaciones'),
('4653', 'Comercio al por mayor de maquinaria y equipo agropecuarios'),
('4659', 'Comercio al por mayor de otros tipos de maquinaria y equipo n.c.p.'),
('46611', 'Comercio al por mayor de combustibles sólidos, líquidos, gaseosos y productos conexos (excepto combustibles derivados del petróleo)'),
('46612', 'Comercio al por mayor de combustibles derivados del petróleo'),
('4662', 'Comercio al por mayor de metales y productos metalíferos'),
('46631', 'Comercio al por mayor de materiales de construcción'),
('46632', 'Comercio al por mayor de artículos de ferretería, pinturas, productos de vidrio, equipo y materiales de fontanería y calefacción'),
('4664', 'Comercio al por mayor de productos químicos básicos, cauchos y plásticos en formas primarias y productos químicos de uso agropecuario'),
('4665', 'Comercio al por mayor de desperdicios, desechos y chatarra'),
('4669', 'Comercio al por mayor de otros productos n.c.p.'),
('4690', 'Comercio al por mayor no especializado'),
('47111', 'Comercio al por menor en establecimientos no especializados con surtido compuesto principalmente por alimentos, bebidas no alcohólicas o tabaco (excepto cigarrillos)'),
('47112', 'Comercio al por menor en establecimientos no especializados con surtido compuesto principalmente por licores y cigarrillos'),
('47191', 'Comercio al por menor en establecimientos no especializados, con surtido compuesto principalmente por productos de bebidas alcohólicas y cigarrillos'),
('47192', 'Comercio al por menor en establecimientos no especializados, con surtido compuesto principalmente por drogas, medicamentos, textos escolares, libros y cuadernos.'),
('4721', 'Comercio al por menor de productos agrícolas para el consumo en establecimientos especializados'),
('4722', 'Comercio al por menor de leche, productos lácteos y huevos, en establecimientos especializados'),
('4723', 'Comercio al por menor de carnes (incluye aves de corral), productos cárnicos, pescados y productos de mar, en establecimientos especializados'),
('47241', 'Comercio al por menor de bebidas y productos del tabaco, en establecimientos especializados (excepto licores y cigarrillos)'),
('47242', 'Comercio al por menor de licores y cigarrillos'),
('4729', 'Comercio al por menor de otros productos alimenticios n.c.p., en establecimientos especializados'),
('4731', 'Comercio al por menor de combustible para automotores'),
('4732', 'Comercio al por menor de lubricantes (aceites, grasas), aditivos y productos de limpieza para vehículos automotores'),
('4741', 'Comercio al por menor de computadores, equipos periféricos, programas de informática y equipos de telecomunicaciones en establecimientos especializados'),
('4742', 'Comercio al por menor de equipos y aparatos de sonido y de video, en establecimientos especializados'),
('4751', 'Comercio al por menor de productos textiles en establecimientos especializados'),
('47521', 'Comercio al por menor de materiales de construcción'),
('47522', 'Comercio al por menor de artículos de ferretería, pinturas y productos de vidrio en establecimientos especializados (excepto materiales de construcción)'),
('4753', 'Comercio al por menor de tapices, alfombras y recubrimientos para paredes y pisos en establecimientos especializados'),
('4754', 'Comercio al por menor de electrodomésticos y gasodomésticos de uso doméstico, muebles y equipos de iluminación en establecimientos especializados'),
('4755', 'Comercio al por menor de artículos y utensilios de uso doméstico en establecimientos especializados'),
('4759', 'Comercio al por menor de otros artículos domésticos en establecimientos especializados'),
('47611', 'Comercio al por menor y al por mayor de libros, textos escolares y cuadernos'),
('47612', 'Comercio al por menor de periódicos, materiales y artículos de papelería y escritorio, en establecimientos especializados (excepto libros, textos escolares y cuadernos)'),
('4762', 'Comercio al por menor de artículos deportivos, en establecimientos especializados'),
('4769', 'Comercio al por menor de otros artículos culturales y de entretenimiento n.c.p. en establecimientos especializados'),
('4771', 'Comercio al por menor de prendas de vestir y sus accesorios (incluye artículos de piel) en establecimientos especializados'),
('4772', 'Comercio al por menor de todo tipo de calzado y artículos de cuero y sucedáneos del cuero en establecimientos especializados.'),
('47731', 'Comercio al por menor de productos farmacéuticos y medicinales en establecimientos especializados'),
('47732', 'Comercio al por menor de productos cosméticos y artículos de tocador en establecimientos especializados (excepto productos farmacéuticos y medicinales)'),
('4774', 'Comercio al por menor de otros productos nuevos en establecimientos especializados'),
('4775', 'Comercio al por menor de artículos de segunda mano'),
('47811', 'Comercio al por menor de alimentos en puestos de venta móviles'),
('47812', 'Comercio al por menor de bebidas y tabaco en puestos de venta móviles (excepto licores y cigarrillos)'),
('47813', 'Comercio al por menor de cigarrillos y licores en puestos de venta móviles'),
('4782', 'Comercio al por menor de productos textiles, prendas de vestir y calzado, en puestos de venta móviles'),
('4789', 'Comercio al por menor de otros productos en puestos de venta móviles'),
('47911', 'Comercio al por menor de alimentos y productos agrícolas en bruto; venta de textos escolares y libros (incluye cuadernos escolares); venta de drogas y medicamentos realizado a través de internet'),
('47912', 'Comercio al por menor y al por mayor de madera y materiales para construcción; venta de automotores (incluidas motocicletas) realizado a través de internet'),
('47913', 'Comercio al por menor de cigarrillos y licores; venta de combustibles derivados del petróleo y venta de joyas realizado a través de internet'),
('47914', 'Comercio al por menor de demás productos n.c.p. realizado a través de internet'),
('47921', 'Comercio al por menor de alimentos y productos agrícolas en bruto; venta de textos escolares y libros (incluye cuadernos escolares); venta de drogas y medicamentos realizado a través de casas de venta o por correo'),
('47922', 'Comercio al por menor y al por mayor de madera y materiales para construcción; venta de automotores (incluidas motocicletas) realizado a través de casas de venta o por correo'),
('47923', 'Comercio al por menor de cigarrillos y licores; venta de combustibles derivados del petróleo y venta de joyas realizado a través de casas de venta o por correo'),
('47924', 'Comercio al por menor de demás productos n.c.p. realizado a través de casas de venta o por correo'),
('47991', 'Otros tipos de comercio al por menor no realizado en establecimientos, puestos de venta o mercados de textos escolares y libros (incluye cuadernos escolares); venta de drogas y medicamentos'),
('47992', 'Otros tipos de comercio al por menor no realizado en establecimientos, puestos de venta o mercados de materiales para construcción; venta de automotores (incluidas motocicletas)'),
('47993', 'Otros tipos de comercio al por menor no realizado en establecimientos, puestos de venta o mercados de cigarrillos y licores; venta de combustibles derivados del petróleo y venta de joyas'),
('47994', 'Otros tipos de comercio al por menor no realizado en establecimientos, puestos de venta o mercados de demás productos n.c.p.'),
('4911', 'Transporte férreo de pasajeros'),
('4912', 'Transporte férreo de carga'),
('4921', 'Transporte de pasajeros'),
('4922', 'Transporte mixto'),
('4923', 'Transporte de carga por carretera'),
('4930', 'Transporte por tuberías'),
('5011', 'Transporte de pasajeros marítimo y de cabotaje'),
('5012', 'Transporte de carga\nmarítimo y de cabotaje'),
('5021', 'Transporte fluvial de pasajeros'),
('5022', 'Transporte fluvial de carga'),
('510', 'Extracción de hulla (carbón de piedra)'),
('5111', 'Transporte aéreo nacional de pasajeros'),
('5112', 'Transporte aéreo internacional de pasajeros'),
('5121', 'Transporte aéreo nacional de carga'),
('5122', 'Transporte aéreo internacional de carga'),
('520', 'Extracción de carbón lignito'),
('5210', 'Almacenamiento y depósito'),
('5221', 'Actividades de estaciones, vías y servicios complementarios para el transporte terrestre'),
('5222', 'Actividades de puertos y servicios complementarios para el transporte acuático'),
('5223', 'Actividades de aeropuertos, servicios de navegación aérea y demás actividades conexas al transporte aéreo'),
('5224', 'Manipulación de carga'),
('5229', 'Otras actividades complementarias al transporte'),
('5310', 'Actividades postales nacionales'),
('5320', 'Actividades de mensajería'),
('5330', 'Servicio de pedido, compra, distribución y entrega de productos a través de plataformas o aplicaciones de contacto y que utilizan una red de domiciliarios'),
('5511', 'Alojamiento en hoteles'),
('5512', 'Alojamiento en aparta-hoteles'),
('5513', 'Alojamiento en centros vacacionales'),
('5514', 'Alojamiento rural'),
('5519', 'Otros tipos de alojamientos para visitantes'),
('5520', 'Actividades de zonas de camping y parques para vehículos recreacionales'),
('5530', 'Servicio por horas de alojamiento'),
('5590', 'Otros tipos de alojamiento n.c.p.'),
('5611', 'Expendio a la mesa de comidas preparadas'),
('5612', 'Expendio por autoservicio de comidas preparadas'),
('5613', 'Expendio de comidas preparadas en cafeterías'),
('5619', 'Otros tipos de expendio de comidas preparadas n.c.p.'),
('5621', 'Catering para eventos'),
('5629', 'Actividades de otros servicios de comidas'),
('5630', 'Expendio de bebidas alcohólicas para el consumo dentro del establecimiento'),
('58111', 'Servicio de edición de libros'),
('58112', 'Edición y publicación de libros'),
('58113', 'Edición y publicación de libros (Tarifa especial para los contribuyentes que cumplen condiciones del Acuerdo 98 de 2003)'),
('5812', 'Edición de directorios y listas de correo'),
('5813', 'Edición de periódicos, revistas y otras publicaciones periódicas'),
('5819', 'Otros trabajos de edición'),
('5820', 'Edición de programas de informática (software)'),
('5911', 'Actividades de producción de películas cinematográficas, videos, programas, anuncios y comerciales de televisión (excepto programación de televisión)'),
('5912', 'Actividades de postproducción de películas cinematográficas, videos, programas, anuncios y comerciales de televisión (excepto programación de televisión)'),
('5913', 'Actividades de distribución de películas cinematográficas, videos, programas, anuncios y comerciales de televisión'),
('5914', 'Actividades de exhibición de películas cinematográficas y videos'),
('5920', 'Actividades de grabación de sonido y edición de música'),
('6010', 'Actividades de programación y transmisión en el servicio de radiodifusión sonora'),
('60201', 'Actividades de programación de televisión'),
('60202', 'Actividades de transmisión de televisión'),
('610', 'Extracción de petróleo crudo'),
('6110', 'Actividades de telecomunicaciones alámbricas'),
('6120', 'Actividades de telecomunicaciones inalámbricas'),
('6130', 'Actividades de telecomunicación satelital'),
('6190', 'Otras actividades de telecomunicaciones'),
('620', 'Extracción de gas natural'),
('6201', 'Actividades de desarrollo de sistemas informáticos (planificación, análisis, diseño, programación, pruebas)'),
('6202', 'Actividades de consultoría informática y actividades de administración de instalaciones informáticas'),
('6209', 'Otras actividades de tecnologías de información y actividades de servicios informáticos'),
('6311', 'Procesamiento de datos, alojamiento (hosting) y actividades relacionadas'),
('6312', 'Portales Web'),
('6391', 'Actividades de agencias de noticias'),
('6399', 'Otras actividades de servicio de información n.c.p.'),
('6411', 'Banca Central'),
('6412', 'Bancos comerciales'),
('6421', 'Actividades de las corporaciones financieras'),
('6422', 'Actividades de las compañías de financiamiento'),
('6423', 'Banca de segundo piso'),
('6424', 'Actividades de las cooperativas financieras'),
('6431', 'Fideicomisos, fondos y entidades financieras similares'),
('6491', 'Leasing financiero (arrendamiento financiero)'),
('6492', 'Actividades financieras de fondos de empleados y otras formas asociativas del sector solidario'),
('6493', 'Actividades de compra de cartera o factoring'),
('6494', 'Otras actividades de distribución de fondos'),
('6495', 'Instituciones especiales oficiales'),
('6496', 'Capitalización'),
('64991', 'Otras actividades de servicio financiero, excepto las de seguros y pensiones n.c.p.'),
('64992', 'Actividades comerciales de las casas de empeño o compraventa'),
('64993', 'Servicios de las casas de empeño o compraventas'),
('6511', 'Seguros generales'),
('6512', 'Seguros de vida'),
('6513', 'Reaseguros'),
('6515', 'Seguros de salud'),
('6521', 'Servicios de seguros sociales de salud'),
('6522', 'Servicios de seguros sociales en riesgos laborales'),
('6523', 'Servicios de seguros sociales en riesgos familia'),
('6531', 'Régimen de prima media con prestación definida (RPM)'),
('6532', 'Régimen de ahorro con solidaridad (RAIS)'),
('66111', 'Administración de mercados financieros (excepto actividades de las bolsas de valores)'),
('66112', 'Actividades de las bolsas de valores'),
('6612', 'Corretaje de valores y de contratos de productos básicos'),
('6613', 'Otras actividades relacionadas con el mercado de valores'),
('6614', 'Actividades de las sociedades de intermediación cambiaria y de servicios financieros especiales'),
('6615', 'Actividades de los profesionales de compra y venta de divisas'),
('6619', 'Otras actividades auxiliares de las actividades de servicios financieros n.c.p.'),
('6621', 'Actividades de agentes y corredores de seguros'),
('6629', 'Evaluación de riesgos y daños, y otras actividades de servicios auxiliares'),
('6630', 'Actividades de administración de fondos'),
('6810', 'Actividades inmobiliarias realizadas con bienes propios o arrendados'),
('6820', 'Actividades inmobiliarias realizadas a cambio de una retribución o por contrata'),
('69101', 'Actividades jurídicas como consultoría profesional'),
('69102', 'Actividades jurídicas en el ejercicio de una profesión liberal'),
('69201', 'Actividades de contabilidad, teneduría de libros, auditoría financiera y asesoría tributaria como consultoría profesional'),
('69202', 'Actividades de contabilidad, teneduría de libros, auditoría financiera y asesoría tributaria en el ejercicio de una profesión liberal'),
('70101', 'Actividades de administración empresarial como consultoría profesional'),
('70102', 'Actividades de administración empresarial en el ejercicio de una profesión liberal'),
('70201', 'Actividades de consultoría de gestión'),
('70202', 'Actividades de gestión en el ejercicio de una profesión liberal'),
('710', 'Extracción de minerales de hierro'),
('71111', 'Actividades de arquitectura'),
('71112', 'Actividades de arquitectura en ejercicio de una profesión liberal'),
('71121', 'Actividades de ingeniería y otras actividades conexas de consultoría técnica'),
('71122', 'Actividades de ingeniería y otras actividades conexas de consultoría técnica en ejercicio de una profesión liberal'),
('71201', 'Ensayos y análisis técnicos como consultoría profesional'),
('71202', 'Ensayos y análisis técnicos como consultoría profesional en el ejercicio de una profesión liberal'),
('721', 'Extracción de minerales de uranio y de torio'),
('72101', 'Investigaciones y desarrollo experimental en el campo de las ciencias naturales y la ingeniería como consultoría profesional'),
('72102', 'Investigaciones y desarrollo experimental en el campo de las ciencias naturales y la ingeniería en el ejercicio de una profesión liberal'),
('722', 'Extracción de oro y otros metales preciosos'),
('72201', 'Investigaciones y desarrollo experimental en el campo de las ciencias sociales y las humanidades como consultoría profesional'),
('72202', 'Investigaciones y desarrollo experimental en el campo de las ciencias sociales y las humanidades en el ejercicio de una profesión liberal'),
('723', 'Extracción de minerales de níquel'),
('729', 'Extracción de otros minerales metalíferos no ferrosos n.c.p.'),
('7310', 'Publicidad'),
('73201', 'Estudios de mercado y realización de encuestas de opinión pública como consultoría profesional'),
('73202', 'Estudios de mercado y realización de encuestas de opinión pública en el ejercicio de una profesión liberal'),
('74101', 'Actividades especializadas de diseño como consultoría profesional'),
('74102', 'Actividades especializadas de diseño en el ejercicio de una profesión liberal'),
('7420', 'Actividades de fotografía'),
('74901', 'Otras actividades profesionales, científicas y técnicas n.c.p. como consultoría profesional (incluye actividades de periodistas)'),
('74902', 'Otras actividades profesionales, científicas y técnicas n.c.p. en el ejercicio de una profesión liberal'),
('7500', 'Actividades veterinarias'),
('7710', 'Alquiler y arrendamiento de vehículos automotores'),
('7721', 'Alquiler y arrendamiento de equipo recreativo y deportivo'),
('7722', 'Alquiler de videos y discos'),
('7729', 'Alquiler y arrendamiento de otros efectos personales y enseres domésticos n.c.p.'),
('7730', 'Alquiler y arrendamiento de otros tipos de maquinaria, equipo y bienes tangibles n.c.p.'),
('7740', 'Arrendamiento de propiedad intelectual y productos similares, excepto obras protegidas por derechos de autor'),
('7810', 'Actividades de agencias de gestión y colocación de empleo'),
('7820', 'Actividades de empresas de servicios temporales'),
('7830', 'Otras actividades de provisión de talento humano'),
('7911', 'Actividades de las agencias de viaje'),
('7912', 'Actividades de operadores turísticos'),
('7990', 'Otros servicios de reserva y actividades relacionadas'),
('8010', 'Actividades de seguridad privada'),
('8020', 'Actividades de servicios de sistemas de seguridad'),
('8030', 'Actividades de detectives e investigadores privados'),
('811', 'Extracción de piedra, arena,\narcillas comunes, yeso y\nanhidrita'),
('8110', 'Actividades combinadas de apoyo a instalaciones'),
('812', 'Extracción de arcillas de uso industrial, caliza, caolín y bentonitas'),
('8121', 'Limpieza general interior de edificios'),
('8129', 'Otras actividades de limpieza de edificios e instalaciones industriales'),
('8130', 'Actividades de paisajismo y servicios de mantenimiento conexos'),
('820', 'Extracción de esmeraldas, piedras preciosas y semipreciosas'),
('8211', 'Actividades combinadas de servicios administrativos de oficina'),
('8219', 'Fotocopiado, preparación de documentos y otras actividades especializadas de apoyo a oficina'),
('8220', 'Actividades de centros de llamadas (Call center)'),
('8230', 'Organización de convenciones y eventos comerciales'),
('8291', 'Actividades de agencias de cobranza y oficinas de calificación crediticia'),
('8292', 'Actividades de envase y empaque'),
('8299', 'Otras actividades de servicio de apoyo a las empresas n.c.p.'),
('8411', 'Actividades legislativas de la administración pública'),
('8412', 'Actividades ejecutivas de la administración pública'),
('8413', 'Regulación de las actividades de organismos que prestan servicios de salud, educativos, culturales y otros servicios sociales, excepto servicios de seguridad social'),
('8414', 'Actividades reguladoras y facilitadoras de la actividad económica'),
('8415', 'Actividades de los órganos de control y otras instituciones.'),
('8421', 'Relaciones exteriores'),
('8422', 'Actividades de defensa'),
('8423', 'Orden público y actividades de seguridad publica'),
('8424', 'Administración de justicia'),
('8430', 'Actividades de planes de Seguridad Social de afiliación obligatoria'),
('8511', 'Educación de la primera infancia'),
('8512', 'Educación preescolar'),
('8513', 'Educación básica primaria'),
('8521', 'Educación básica secundaria'),
('8522', 'Educación media académica'),
('8523', 'Educación media técnica'),
('8530', 'Establecimientos que combinan diferentes niveles de educación inicial, preescolar, básica primaria, básica secundaria y media'),
('8541', 'Educación técnica profesional'),
('8542', 'Educación tecnológica'),
('8543', 'Educación de instituciones universitarias o de escuelas tecnológicas'),
('8544', 'Educación de universidades'),
('8551', 'Formación para el trabajo'),
('8552', 'Enseñanza deportiva y recreativa'),
('8553', 'Enseñanza cultural'),
('8559', 'Otros tipos de educación n.c.p.'),
('85591', 'Educación académica no formal (excepto programas de educación básica primaria, básica secundaria y media no gradual con fines de validación)'),
('85592', 'Educación académica no formal impartida mediante programas de educación básica primaria, básica secundaria y media no gradual con fines de validación'),
('8560', 'Actividades de apoyo a la educación'),
('8610', 'Actividades de hospitales y clínicas, con internación'),
('86211', 'Actividades de la práctica médica, sin internación (excepto actividades de promoción y prevención que realicen las entidades e instituciones promotoras y prestadoras de servicios de salud de naturaleza pública o privada, con recursos que provengan del Sistema General de Seguridad Social en Salud.)'),
('86221', 'Actividades de la práctica odontológica, sin internación (excepto actividades de promoción y prevención que realicen las entidades e instituciones promotoras y prestadoras de servicios de salud de naturaleza pública o privada, con recursos que provengan del Sistema General de Seguridad Social en Salud.)'),
('86911', 'Actividades de apoyo diagnóstico (excepto actividades de promoción y prevención que realicen las entidades e instituciones promotoras y prestadoras de servicios de salud de naturaleza pública o privada, con recursos que provengan del Sistema General de Seguridad Social en Salud.)'),
('86921', 'Actividades de apoyo terapéutico (excepto actividades de promoción y prevención que realicen las entidades e instituciones promotoras y prestadoras de servicios de salud de naturaleza pública o privada, con recursos que provengan del Sistema General de Seguridad Social en Salud.)'),
('86991', 'Otras actividades de atención de la salud humana (excepto actividades de promoción y prevención que realicen las entidades e instituciones promotoras y prestadoras de servicios de salud de naturaleza pública o privada, con recursos que provengan del Sistema General de Seguridad Social en Salud.)'),
('87101', 'Actividades de atención residencial medicalizada de tipo general (excepto actividades de promoción y prevención que realicen las entidades e instituciones promotoras y prestadoras de servicios de salud de naturaleza pública o privada, con recursos que provengan del Sistema General de Seguridad Social en Salud.)'),
('8720', 'Actividades de atención residencial, para el cuidado de pacientes con retardo mental, enfermedad mental y consumo de sustancias psicoactivas'),
('8730', 'Actividades de atención en instituciones para el cuidado de personas mayores y/o discapacitadas'),
('8790', 'Otras actividades de atención en instituciones con alojamiento'),
('8810', 'Actividades de asistencia social sin alojamiento para personas mayores y discapacitadas'),
('8891', 'Actividades de guarderías para niños y niñas'),
('8899', 'Otras actividades de asistencia social n.c.p'),
('891', 'Extracción de minerales para la fabricación de abonos y productos químicos'),
('892', 'Extracción de halita (sal)'),
('899', 'Extracción de otros minerales no metálicos n.c.p.'),
('9001', 'Creación literaria'),
('9002', 'Creación musical'),
('9003', 'Creación teatral'),
('9004', 'Creación audiovisual'),
('9005', 'Artes plásticas y visuales'),
('9006', 'Actividades teatrales'),
('9007', 'Actividades de espectáculos musicales en vivo'),
('9008', 'Otras actividades de espectáculos en vivo n.c.p'),
('910', 'Actividades de apoyo para la extracción de petróleo y de gas natural'),
('9101', 'Actividades de Bibliotecas y archivos'),
('9102', 'Actividades y funcionamiento de museos, conservación de edificios y sitios históricos'),
('9103', 'Actividades de jardines botánicos, zoológicos y reservas naturales'),
('92001', 'Actividades de juegos de destreza, habilidad, conocimiento y fuerza'),
('9311', 'Gestión de instalaciones deportivas'),
('9312', 'Actividades de clubes deportivos'),
('9319', 'Otras actividades deportivas'),
('9321', 'Actividades de parques de atracciones y parques temáticos'),
('93291', 'Otras actividades recreativas y de esparcimiento n.c.p. (excepto juegos de suerte y azar, discotecas y similares )'),
('9411', 'Actividades de asociaciones empresariales y de empleadores'),
('9412', 'Actividades de asociaciones profesionales y gremiales sin ánimo de lucro'),
('9420', 'Actividades de sindicatos'),
('9491', 'Actividades de asociaciones religiosas'),
('9492', 'Actividades de partidos políticos'),
('9499', 'Actividades de otras asociaciones n.c.p.'),
('9511', 'Mantenimiento y reparación de computadores y de equipo periférico'),
('9512', 'Mantenimiento y reparación de equipos de comunicación'),
('9521', 'Mantenimiento y reparación de aparatos electrónicos de consumo'),
('9522', 'Mantenimiento y reparación de aparatos domésticos y equipos domésticos y de jardinería'),
('9523', 'Reparación de calzado y artículos de cuero'),
('9524', 'Reparación de muebles y accesorios para el hogar'),
('9529', 'Mantenimiento y reparación de otros efectos personales y enseres domésticos'),
('9601', 'Lavado y limpieza, incluso la limpieza en seco, de productos textiles y de piel'),
('9602', 'Peluquería y otros tratamientos de belleza'),
('9603', 'Pompas fúnebres y actividades relacionadas'),
('9609', 'Otras actividades de servicios personales n.c.p.'),
('9700', 'Actividades de los hogares individuales como empleadores de personal doméstico'),
('9810', 'Actividades no diferenciadas de los hogares individuales como productores de bienes para uso propio'),
('9820', 'Actividades no diferenciadas de los hogares individuales como productores de servicios para uso propio'),
('990', 'Actividades de apoyo para otras actividades de explotación de minas y canteras'),
('9900', 'Actividades de organizaciones y entidades extraterritoriales signatarios de la Convención de Viena');

--
-- Volcado de datos para la tabla `afectacion`
--

INSERT INTO `afectacion` (`VcrIdAfe`, `VcrAfe`) VALUES
('8001013801', 'Sin perdidas'),
('8001013802', 'Pérdida parcial'),
('8001013803', 'Pérdida total'),
('8001013804', 'S/A');

--
-- Volcado de datos para la tabla `barrios`
--

INSERT INTO `barrios` (`VcrIdBarVe`, `VcrBarVer`, `VcrIdCom`) VALUES
('1001', 'El Dorado', '10'),
('1002', 'El Guabal', '10'),
('1003', 'La Libertad', '10'),
('1004', 'Santa Elena', '10'),
('1005', 'Las Acacias', '10'),
('1006', 'Santo Domingo', '10'),
('1007', 'Jorge Zawadsky', '10'),
('1008', 'Olímpico', '10'),
('1009', 'Cristóbal Colón', '10'),
('101', 'Terrón Colorado', '1'),
('1010', 'La Selva', '10'),
('1011', 'Barrio Departamental', '10'),
('1012', 'Pasoancho', '10'),
('1013', 'Panamericano', '10'),
('1014', 'Colseguros Andes', '10'),
('1015', 'San Cristobal', '10'),
('1016', 'Las Granjas', '10'),
('1017', 'San Judas Tadeo I Etapa', '10'),
('1018', 'San Judas Tadeo II Etapa', '10'),
('102', 'Vista Hermosa', '1'),
('1101', 'San Carlos', '11'),
('1102', 'Maracaibo', '11'),
('1103', 'La Independencia', '11'),
('1104', 'La Esperanza', '11'),
('1105', 'Urbanización Boyacá', '11'),
('1106', 'El Jardín', '11'),
('1107', 'La Fortaleza', '11'),
('1108', 'El Recuerdo', '11'),
('1109', 'Aguablanca', '11'),
('1110', 'El Prado', '11'),
('1111', '20 de Julio', '11'),
('1112', 'Prados de Oriente', '11'),
('1113', 'Los Sauces', '11'),
('1114', 'Villa del Sur', '11'),
('1115', 'José Holguín Garcés', '11'),
('1116', 'León XIII', '11'),
('1117', 'José María Córdoba', '11'),
('1118', 'San Pedro Claver', '11'),
('1119', 'Los Conquistadores', '11'),
('1120', 'La Gran Colombia', '11'),
('1121', 'San Benito', '11'),
('1122', 'Primavera', '11'),
('1201', 'Villanueva', '12'),
('1202', 'Asturias', '12'),
('1203', 'Eduardo Santos', '12'),
('1204', 'Alfonso Barberena A.', '12'),
('1205', 'El Paraiso', '12'),
('1206', 'Fenalco Kennedy', '12'),
('1207', 'Nueva Floresta', '12'),
('1208', 'Julio Rincón', '12'),
('1209', 'Doce de Octubre', '12'),
('1210', 'El Rodeo', '12'),
('1211', 'Sindical', '12'),
('1212', 'Bello Horizonte', '12'),
('1301', 'Ulpiano Lloreda', '13'),
('1302', 'El Vergel', '13'),
('1303', 'El Poblado I', '13'),
('1304', 'El Poblado II', '13'),
('1305', 'Los Comuneros Segunda Etapa', '13'),
('1306', 'Ricardo Balcázar', '13'),
('1307', 'Omar Torrijos', '13'),
('1308', 'El Diamante', '13'),
('1309', 'Lleras Restrepo', '13'),
('1310', 'Villa del Lago', '13'),
('1311', 'Los Robles', '13'),
('1312', 'Rodrigo Lara Bonilla', '13'),
('1313', 'Charco Azul', '13'),
('1314', 'Villablanca', '13'),
('1315', 'Calipso', '13'),
('1390', 'Yira Castro', '13'),
('1393', 'Lleras Restrepo II Etapa', '13'),
('1394', 'Marroquín III', '13'),
('1395', 'Los Lagos', '13'),
('1397', 'Sector Laguna del Pondaje', '13'),
('1398', 'El Pondaje', '13'),
('1399', 'Sector Asprosocial-Diamante', '13'),
('1401', 'Alfonso Bonilla Aragón', '14'),
('1402', 'Alirio Mora Beltrán', '14'),
('1403', 'Manuela Beltrán', '14'),
('1404', 'Las Orquídeas', '14'),
('1405', 'José Manuel Marroquín Segunda Etapa', '14'),
('1406', 'José Manuel Marroquín Primera Etapa', '14'),
('1495', 'Puerta del Sol', '14'),
('1496', 'Los Naranjos I', '14'),
('1498', 'Promociones Populares B', '14'),
('1499', 'Los Naranjos II', '14'),
('1501', 'El Retiro', '15'),
('1502', 'Comuneros I', '15'),
('1503', 'Laureano Gómez', '15'),
('1504', 'El Vallado', '15'),
('1596', 'Ciudad Cordoba', '15'),
('1598', 'Mojica', '15'),
('1599', 'El Morichal', '15'),
('1601', 'Mariano Ramos', '16'),
('1602', 'República de Israel', '16'),
('1603', 'Unión de Vivienda Popular', '16'),
('1604', 'Antonio Nariño', '16'),
('1605', 'Brisas del Limonar', '16'),
('1696', 'Área desocupada', '16'),
('1697', 'Ciudad 2000', '16'),
('1698', 'La Alborada', '16'),
('1701', 'La Playa', '17'),
('1702', 'Primero de Mayo', '17'),
('1703', 'Ciudadela Comfandi', '17'),
('1705', 'Ciudad Universitaria', '17'),
('1774', 'Caney', '17'),
('1775', 'Lili', '17'),
('1778', 'Santa Anita - La Selva', '17'),
('1780', 'El Ingenio', '17'),
('1781', 'Mayapan - Las Vegas', '17'),
('1782', 'Las Quintas de Don Simón', '17'),
('1783', 'Ciudad Capri', '17'),
('1784', 'La Hacienda', '17'),
('1785', 'Los Portales - Nuevo Rey', '17'),
('1786', 'Cañaverales - Los Samanes', '17'),
('1787', 'El Limonar', '17'),
('1788', 'Bosques del Limonar', '17'),
('1789', 'El Gran Limonar - Cataya', '17'),
('1790', 'El Gran Limonar', '17'),
('1791', 'Unicentro Cali', '17'),
('1793', 'Ciudadela Pasoancho', '17'),
('1794', 'Prados del Limonar', '17'),
('1796', 'Urbanización San Joaquin', '17'),
('1801', 'Buenos Aires', '18'),
('1802', 'Barrio Caldas', '18'),
('1803', 'Los Chorros', '18'),
('1804', 'Meléndez', '18'),
('1805', 'Los Farallones', '18'),
('1807', 'Francisco Eladio Ramirez', '18'),
('1808', 'Prados del Sur', '18'),
('1809', 'Horizontes', '18'),
('1810', 'Mario Correa Rengifo', '18'),
('1811', 'Lourdes', '18'),
('1812', 'Colinas del Sur', '18'),
('1813', 'Alférez Real', '18'),
('1814', 'Nápoles', '18'),
('1815', 'El Jordán', '18'),
('1816', 'Cuarteles Napoles', '18'),
('1890', 'Sector Alto de Los Chorros', '18'),
('1891', 'Polvorines', '18'),
('1896', 'Sector Meléndez', '18'),
('1897', 'Sector Alto Jordán', '18'),
('1898', 'Alto Nápoles', '18'),
('1901', 'El Refugio', '19'),
('1902', 'La Cascada', '19'),
('1903', 'El Lido', '19'),
('1904', 'Urbanización Tequendama', '19'),
('1905', 'Barrio Eucarístico', '19'),
('1906', 'San Fernando Nuevo', '19'),
('1907', 'Urbanización Nueva Granada', '19'),
('1908', 'Santa Isabel', '19'),
('1909', 'Bellavista', '19'),
('1910', 'San Fernando Viejo', '19'),
('1911', 'Miraflores', '19'),
('1912', '3 de Julio', '19'),
('1913', 'El Cedro', '19'),
('1914', 'Champagñat', '19'),
('1915', 'Urbanización Colseguros', '19'),
('1916', 'Los Cambulos', '19'),
('1917', 'El Mortiñal', '19'),
('1918', 'Urbanización Militar', '19'),
('1919', 'Cuarto de Legua - Guadalupe', '19'),
('1921', 'Nueva Tequendama', '19'),
('1922', 'Camino Real - Joaquín Borrero Sinisterra', '19'),
('1923', 'Camino Real - Los Fundadores', '19'),
('196', 'Sector Patio Bonito', '1'),
('1981', 'Altos de Santa Isabel - La Morelia', '19'),
('1982', 'Santa Barbara', '19'),
('1983', 'Tejares - Cristales', '19'),
('1984', 'Unidad Residencial Santiago de Cali', '19'),
('1985', 'Unidad Residencial El Coliseo', '19'),
('1988', 'Cañaveralejo - Seguros Patria', '19'),
('199', 'Aguacatal', '1'),
('1992', 'Cañaveral', '19'),
('1994', 'Pampa Linda', '19'),
('1995', 'Sector Cañaveralejo Guadalupe Antigua', '19'),
('1999', 'U.D. Alberto Galindo - Plaza de Toros', '19'),
('2001', 'El Cortijo', '20'),
('2002', 'Belisario Caicedo', '20'),
('2003', 'Siloé', '20'),
('2004', 'Lleras Camargo', '20'),
('2005', 'Belén', '20'),
('2006', 'Brisas de Mayo', '20'),
('2007', 'Tierra Blanca', '20'),
('2008', 'Pueblo Joven', '20'),
('201', 'Santa Rita', '2'),
('202', 'Santa Teresita', '2'),
('203', 'Arboledas', '2'),
('204', 'Normandía', '2'),
('205', 'Juanambú', '2'),
('206', 'Centenario', '2'),
('207', 'Granada', '2'),
('208', 'Versalles', '2'),
('209', 'San Vicente', '2'),
('2097', 'Carabineros', '20'),
('2098', 'Venezuela - Urbanización Cañaveralejo', '20'),
('2099', 'La Sultana', '20'),
('210', 'Santa Mónica', '2'),
('2101', 'Pízamos I', '21'),
('2102', 'Pízamos II', '21'),
('2103', 'Calimio Desepaz', '21'),
('2104', 'El Remanso', '21'),
('2105', 'Los Líderes', '21'),
('2106', 'Desepaz Invicali', '21'),
('2107', 'Compartir', '21'),
('2108', 'Ciudad Talanga', '21'),
('211', 'Prados del Norte', '2'),
('212', 'La Flora', '2'),
('213', 'La Campiña', '2'),
('214', 'La Paz', '2'),
('215', 'El Bosque', '2'),
('216', 'Menga', '2'),
('217', 'Ciudad Los Alamos', '2'),
('218', 'Chipichape', '2'),
('219', 'Brisas de los Alamos', '2'),
('2194', 'Villamercedes I - Villa Luz - Las Garzas', '21'),
('2195', 'Pízamos III - Las Dalias', '21'),
('2196', 'Potrero Grande', '21'),
('2197', 'Ciudadela del Río', '21'),
('2198', 'Valle Grande', '21'),
('2199', 'Planta de Tratamiento', '21'),
('2201', 'Urbanización Ciudad Jardín', '22'),
('2296', 'Parcelaciones Pance', '22'),
('2297', 'Urbanización Río Lili', '22'),
('2298', 'Ciudad Campestre', '22'),
('2299', 'Club Campestre', '22'),
('293', 'Urbanización La Merced', '2'),
('294', 'Vipasa', '2'),
('295', 'Urbanización La Flora', '2'),
('296', 'Altos de Menga', '2'),
('298', 'Area en desarrollo - Parque del Amor', '2'),
('301', 'El Nacional', '3'),
('302', 'El Peñón', '3'),
('303', 'San Antonio', '3'),
('304', 'San Cayetano', '3'),
('305', 'Los Libertadores', '3'),
('306', 'San Juan Bosco', '3'),
('307', 'Santa Rosa', '3'),
('308', 'La Merced', '3'),
('309', 'San Pascual', '3'),
('310', 'El Calvario', '3'),
('311', 'San Pedro', '3'),
('312', 'San Nicolas', '3'),
('313', 'El Hoyo', '3'),
('314', 'El Piloto', '3'),
('315', 'Navarro - La Chanca', '3'),
('401', 'Jorge Isaacs', '4'),
('402', 'Santander', '4'),
('403', 'Porvenir', '4'),
('404', 'Las Delicias', '4'),
('405', 'Manzanares', '4'),
('406', 'Salomia', '4'),
('407', 'Fátima', '4'),
('408', 'Sultana - Berlín - San Francisco', '4'),
('410', 'Popular', '4'),
('411', 'Ignacio Rengifo', '4'),
('412', 'Guillermo Valencia', '4'),
('413', 'La Isla', '4'),
('414', 'Marco Fidel Suárez', '4'),
('415', 'Evaristo García', '4'),
('416', 'La Esmeralda', '4'),
('417', 'Bolivariano', '4'),
('418', 'Olaya Herrera', '4'),
('419', 'Unidad Residencial Bueno Madrid', '4'),
('420', 'Flora Industrial', '4'),
('421', 'Calima', '4'),
('423', 'Industria de Licores', '4'),
('497', 'La Alianza', '4'),
('501', 'El Sena', '5'),
('502', 'Los Andes', '5'),
('503', 'Los Guayacanes', '5'),
('504', 'Chiminangos Segunda Etapa', '5'),
('505', 'Chiminangos Primera Etapa', '5'),
('506', 'Metropolitano del Norte', '5'),
('594', 'Los Parques - Barranquilla', '5'),
('595', 'Villa del Sol', '5'),
('596', 'Paseo de Los Almendros', '5'),
('597', 'Los Andes B - La Riviera', '5'),
('598', 'Torres de Comfandi', '5'),
('599', 'Villa del Prado - El Guabito', '5'),
('601', 'San Luis', '6'),
('602', 'Jorge Eliecer Gaitán', '6'),
('603', 'Paso del Comercio', '6'),
('604', 'Los Alcázares', '6'),
('605', 'Petecuy Primera Etapa', '6'),
('606', 'Petecuy Segunda Etapa', '6'),
('607', 'La Rivera Primera Etapa', '6'),
('608', 'Los Guaduales', '6'),
('609', 'Petecuy Tercera Etapa', '6'),
('610', 'Ciudadela Floralia', '6'),
('695', 'Fonaviemcali', '6'),
('696', 'San Luís II', '6'),
('697', 'Urbanización Calimio', '6'),
('698', 'Sector Puente del Comercio', '6'),
('701', 'Alfonso López P. 1a. Etapa', '7'),
('702', 'Alfonso López P. 2a. Etapa', '7'),
('703', 'Alfonso López P. 3a. Etapa', '7'),
('704', 'Puerto Nuevo', '7'),
('705', 'Puerto Mallarino', '7'),
('706', 'Urbanización El Ángel del Hogar', '7'),
('707', 'Siete de Agosto', '7'),
('708', 'Los Pinos', '7'),
('709', 'San Marino', '7'),
('710', 'Las Ceibas', '7'),
('711', 'Base Aérea', '7'),
('797', 'Parque de la Caña', '7'),
('798', 'Fepicol', '7'),
('801', 'Primitivo Crespo', '8'),
('802', 'Simón Bolívar', '8'),
('803', 'Saavedra Galindo', '8'),
('804', 'Uribe Uribe', '8'),
('805', 'Santa Mónica Popular', '8'),
('806', 'La Floresta', '8'),
('807', 'Benjamín Herrera', '8'),
('808', 'Municipal', '8'),
('809', 'Industrial', '8'),
('810', 'El Troncal', '8'),
('811', 'Las Américas', '8'),
('812', 'Atanasio Girardot', '8'),
('813', 'Santa Fe', '8'),
('814', 'Chapinero', '8'),
('815', 'Villa Colombia', '8'),
('816', 'EL Trébol', '8'),
('817', 'La Base', '8'),
('818', 'Urbanización La Nueva Base', '8'),
('901', 'Alameda', '9'),
('902', 'Bretaña', '9'),
('903', 'Junín', '9'),
('904', 'Guayaquil', '9'),
('905', 'Aranjuez', '9'),
('906', 'Manuel María Buenaventura', '9'),
('907', 'Santa Mónica Belalcázar', '9'),
('908', 'Belalcázar', '9'),
('909', 'Sucre', '9'),
('910', 'Barrio Obrero', '9');

--
-- Volcado de datos para la tabla `capacidad_reducida`
--

INSERT INTO `capacidad_reducida` (`VcrIdCap`, `VcrCap`) VALUES
('8001012901', 'Cognitiva'),
('8001012902', 'Motriz'),
('8001012903', 'Sensorial'),
('8001012904', 'Sin asignar');

--
-- Volcado de datos para la tabla `caracteristicas_evento`
--

INSERT INTO `caracteristicas_evento` (`VcrIdCar`, `VcrCarFen`) VALUES
('8001012601', 'Atmosférico'),
('8001012602', 'Hidrológico'),
('8001012603', 'Geológico'),
('8001012604', 'Inundacion socio_natural'),
('8001012605', 'Movimiento en masa socio-natural'),
('8001012606', 'Movimiento en masa'),
('8001012607', 'Lesiones en la construccion'),
('8001012608', 'Inadecuada disposicion de residuos RS y RCD'),
('8001012609', 'Quimico'),
('8001012610', 'Electrico'),
('8001012611', 'Mecanico'),
('8001012612', 'Termico'),
('8001012613', 'Vertimientos'),
('8001012614', 'Plagas'),
('8001012615', 'Silvicultura'),
('8001012616', 'Evento fortuito'),
('8001012617', 'Otro');

--
-- Volcado de datos para la tabla `clasificacion_kit`
--

INSERT INTO `clasificacion_kit` (`VcrIdKit`, `VcrNomKit`) VALUES
('integer', 'varchar');

--
-- Volcado de datos para la tabla `complejo`
--

INSERT INTO `complejo` (`VcrCodForm`, `VcrFecVis`, `VcrNomAti`, `VcrNoIde`, `VcrIdTip`, `VcrCel`, `VcrCorEle`, `VcrIdMot`, `VcrNomSol`, `VcrNit`, `VcrIdAct`, `VcrRadSol`, `VcrFecSol`, `VcrIdUbi`, `VcrDir`, `VcrIdBarVe`, `VcrIdCorr`, `VcrIdCom`, `VcrLat`, `VcrLon`, `VcrIdFte`, `VcrObsUbi`, `VcrIdComb`, `VcrTipOtr`, `VcrCapCor`, `VcrCapExt`, `VcrCapDie`, `VcrCapGnv`, `VcrCapOtr`, `VcrIdCar`, `VcrCarOtr`, `VcrExtPor`, `VcrCanExt`, `VcrExtTip`, `VcrExtDis`, `VcrExtSen`, `VcrObsExt`, `VcrSenEnt`, `VcrSenSal`, `VcrSenEva`, `VcrSenTam`, `VcrObsSen`, `VcrSalCan`, `VcrSalCar`, `VcrSalAlt`, `VcrSalEgr`, `VcrSalAcc`, `VcrSalDis`, `VcrSalPue`, `VcrSalEsc`, `VcrSalPas`, `VcrObsSal`, `VcrIncSis`, `VcrIncbom`, `VcrIncJoc`, `VcrIncab`, `VcrIncCol`, `VcrIncTan`, `VcrIncGab`, `VcrIncRoc`, `VcrIncCua`, `VcrIncVal`, `VcrIncSup`, `VcrIncPla`, `VcrIncFun`, `VcrObsInc`, `VcrAlaCue`, `VcrAlaPan`, `VcrAlaDet`, `VcrAlaPul`, `VcrAlaUbi`, `VcrAlaMan`, `VcrAlaDis`, `VcrObsAla`, `VcrPgrImp`, `VcrPgrPec`, `VcrPgrVer`, `VcrPgrBri`, `VcrPgrSim`, `VcrPgrDoc`, `VcrPgrPer`, `VcrPgrMan`, `VcrPgrAux`, `VcrPgrCer`, `VcrPgrEnf`, `VcrObsPgr`, `VcrTraCas`, `VcrTra1`, `VcrTra2`, `VcrTra3`, `VcrTra4`, `VcrRecLin`, `VcrRecLey`, `VcrRecPre`, `VcrRecAut`, `VcrDatPer`, `VcrUsoIma`, `VcrUsoDat`, `VcrAutCor`, `VcrNomAtVis`, `VcrNumIde`, `VcrIdSerP`, `VcrVideo`, `VcrDoc`, `VcrIdUsu`, `VcrFecReg`, `VcrIma`) VALUES
('232132sxd', '2023-04-12', 'nombre', '32433', 1, 2147483647, 'c', '8001012401', 'emrepsdfasd', 0, '10201', '2312312dcc', '2023-04-04', '8001011704', 'sadfasdfadsfads', '1912', '8001012032', '8001012010', '22', '232', '1', NULL, NULL, NULL, NULL, NULL, NULL, NULL, NULL, NULL, NULL, NULL, NULL, NULL, NULL, NULL, NULL, NULL, NULL, NULL, NULL, NULL, NULL, NULL, NULL, NULL, NULL, NULL, NULL, NULL, NULL, NULL, NULL, NULL, NULL, NULL, NULL, NULL, NULL, NULL, NULL, NULL, NULL, NULL, NULL, NULL, NULL, NULL, NULL, NULL, NULL, NULL, NULL, NULL, NULL, NULL, NULL, NULL, NULL, NULL, NULL, NULL, NULL, NULL, NULL, NULL, NULL, NULL, NULL, NULL, NULL, NULL, NULL, NULL, NULL, NULL, NULL, NULL, NULL, NULL, NULL, NULL, NULL, 'apuntes.docx', NULL, NULL, NULL),
('weq', NULL, NULL, NULL, NULL, NULL, NULL, NULL, NULL, NULL, NULL, NULL, NULL, NULL, NULL, NULL, NULL, NULL, NULL, NULL, NULL, NULL, NULL, NULL, NULL, NULL, NULL, NULL, NULL, NULL, NULL, NULL, NULL, NULL, NULL, NULL, NULL, NULL, NULL, NULL, NULL, NULL, NULL, NULL, NULL, NULL, NULL, NULL, NULL, NULL, NULL, NULL, NULL, NULL, NULL, NULL, NULL, NULL, NULL, NULL, NULL, NULL, NULL, NULL, NULL, NULL, NULL, NULL, NULL, NULL, NULL, NULL, NULL, NULL, NULL, NULL, NULL, NULL, NULL, NULL, NULL, NULL, NULL, NULL, NULL, NULL, NULL, NULL, NULL, NULL, NULL, NULL, NULL, NULL, NULL, NULL, NULL, NULL, NULL, NULL, NULL, NULL, NULL, 'apuntes.docx', NULL, NULL, 'modelo.png');

--
-- Volcado de datos para la tabla `comunas`
--

INSERT INTO `comunas` (`VcrIdCom`, `VcrCom`) VALUES
('8001012001', 'Comuna 1'),
('8001012002', 'Comuna 2'),
('8001012003', 'Comuna 3'),
('8001012004', 'Comuna 4'),
('8001012005', 'Comuna 5'),
('8001012006', 'Comuna 6'),
('8001012007', 'Comuna 7'),
('8001012008', 'Comuna 8'),
('8001012009', 'Comuna 9'),
('8001012010', 'Comuna 10'),
('8001012011', 'Comuna 11'),
('8001012012', 'Comuna 12'),
('8001012013', 'Comuna 13'),
('8001012014', 'Comuna 14'),
('8001012015', 'Comuna 15'),
('8001012016', 'Comuna 16'),
('8001012017', 'Comuna 17'),
('8001012018', 'Comuna 18'),
('8001012019', 'Comuna 19'),
('8001012020', 'Comuna 20'),
('8001012021', 'Comuna 21'),
('8001012022', 'Comuna 22');

--
-- Volcado de datos para la tabla `corregimientos`
--

INSERT INTO `corregimientos` (`VcrIdCorr`, `VcrCorr`) VALUES
('8001012023', 'Navarro'),
('8001012024', 'El Hormiguero'),
('8001012025', 'Pance'),
('8001012026', 'La Buitrera'),
('8001012027', 'Villacarmelo'),
('8001012028', 'Los Andes'),
('8001012029', 'Pichindé'),
('8001012030', 'La Leonera'),
('8001012031', 'Felidia'),
('8001012032', 'El Saladito'),
('8001012033', 'La Elvira'),
('8001012034', 'La Castilla'),
('8001012035', 'La Paz'),
('8001012036', 'Montebello'),
('8001012037', 'Golondrinas'),
('8001012038', 'Suelo en Expansión'),
('8001012039', 'No Asignado');

--
-- Volcado de datos para la tabla `dependencias`
--

INSERT INTO `dependencias` (`VcrId`, `VcrIdTra`, `VcrTra`) VALUES
(1, '800140625', 'Policia metropolitana Santiago de Cali'),
(2, '890306215', 'Cruz roja colombiana seccional Valle del Cauca'),
(3, '890399000', 'Benemerito cuerpo de bomberos voluntarios de Cali'),
(4, '890399011-3', 'Secretaria Infraestructura'),
(5, '890399011-3', 'Secretaria de Vivienda, Social y Habitat'),
(6, '890399011-3', 'Secretaria Seguridad y Justicia'),
(7, '890399011-3', 'Secretaria de Bienestar Social'),
(8, '890399011-3', 'Proyecto Plan Jarillon - Secretaria Gestion del Riesgo'),
(9, '890399002-7', 'CVC'),
(10, '890399003-4', 'EMCALI'),
(11, '890399011-3', 'DAGMA'),
(12, '890399011-3', 'UAESPM'),
(13, '890399011-3', 'Subsecretaria de Inspeccion, Vigilancia y Control'),
(14, '8001676435', 'Gases de Occidente'),
(15, '890399011-3', 'SEPOU'),
(16, '890399011-3', 'Secretaria de Desarrollo Economico');

--
-- Volcado de datos para la tabla `edificacion`
--

INSERT INTO `edificacion` (`VcrIdEdi`, `VcrEdi`) VALUES
('8001014001', 'Residencial'),
('8001014002', 'Comercial'),
('8001014003', 'Equipamiento');

--
-- Volcado de datos para la tabla `estado_edificacion`
--

INSERT INTO `estado_edificacion` (`CODIGO`, `NOMBRE`) VALUES
('VcrIdEstE', 'VcrEstEdi');

--
-- Volcado de datos para la tabla `fenomenos`
--

INSERT INTO `fenomenos` (`VcrIdFen`, `VcrFen`) VALUES
('8001012501', 'De origen natural'),
('8001012502', 'De origen socio_natural'),
('8001012503', 'De origen tecnológico'),
('8001012504', 'De origen humano'),
('8001012505', 'De origen biológico'),
('8001012506', 'Concatenados'),
('8001012507', 'Sin asignar');

--
-- Volcado de datos para la tabla `fuente_riesgo`
--

INSERT INTO `fuente_riesgo` (`VcrIdFte`, `VcrFte`) VALUES
('1', 'Comercial'),
('2', 'Servicios'),
('3', 'Industriales');

--
-- Volcado de datos para la tabla `historicos`
--

INSERT INTO `historicos` (`id`, `vcr_cod_his`, `vrc_rad_sol`, `vcr_nom_ati`, `vcr_lon`, `vcr_lat`, `created_at`, `updated_at`, `published_at`, `created_by_id`, `updated_by_id`) VALUES
(1, '1', '202041730100026092', 'Jose Hermel Sanchez Benavidez', -76.557901, 3.374703, '2023-08-06 22:56:35.064000', '2023-08-06 22:57:06.530000', '2023-08-06 22:57:06.527000', 1, 1),
(2, '2', '202041730168871202', 'Segundo con apellido', -76.557901, 3.374703, '2023-08-07 15:40:54.806000', '2023-08-07 15:41:25.448000', '2023-08-06 17:57:06.527000', NULL, NULL);

--
-- Volcado de datos para la tabla `historicosbase`
--

INSERT INTO `historicosbase` (`id`, `created_at`, `updated_at`, `published_at`, `created_by_id`, `updated_by_id`) VALUES
(1, '2023-08-06 22:56:35.064000', '2023-08-06 22:57:06.530000', '2023-08-06 22:57:06.527000', 1, 1);

--
-- Volcado de datos para la tabla `historicosk`
--

INSERT INTO `historicosk` (`id`, `VcrId`, `VcrCodHis`, `Vcrano`, `VcrIdSerP`, `VcrIdSol`, `VcrRadSol`, `VcrFecSol`, `VcrRadRes`, `VcrFecRad`, `VcrDiaResp`, `VcrIdRie`, `VcrEntSol`, `VcrNomAti`, `VcrNoIde`, `VcrCel`, `VcrCodForm`, `VcrFecVis`, `VcrDir`, `VcrIdBarVe`, `VcrIdCom`, `VcrIdCorr`, `VcrLon`, `VcrLat`, `VcrIdMot`, `VcrIdFen`, `VcrIdCar`, `VcrAyuHum`, `VcrPerHer`, `VcrPerFall`, `VcrTraCas`, `VcrCop`, `VcrEstTra`, `VcrObsHis`, `VcrUbiInf`, `VcrResInf`, `VcrIdTra1`, `VcrRadTra1`, `VcrFecTra1`, `VcrResTra1`, `VcrIdTra2`, `VcrRadTra2`, `VcrFecTra2`, `VcrResTra2`, `VcrIdTra3`, `VcrRadTra3`, `VcrFecTra3`, `VcrResTra3`, `VcrIdTra4`, `VcrRadTra4`, `VcrFecTra4`, `VcrResTra4`, `VcrIdTra5`, `VcrRadTra5`, `VcrFecTra5`, `VcrResTra5`, `VcrIdTra6`, `VcrRadTra6`, `VcrIdTra7`, `VcrRadTra7`, `VcrIdTra8`, `VcrRadTra8`, `VcrdTra2`, `field4`, `VcrI`, `field6`, `field5`, `VcrDirNom`, `created_at`, `updated_at`, `published_at`, `created_by_id`, `updated_by_id`) VALUES
(1, 1, 1, '2020', 1143859435, '8001010503', '202041730100026092', '2020-01-10', 202041630200000000, '2020-01-15', 5, NULL, 'Jose Hermel Sanchez Benavidez', 'Jose Hermel Sanchez Benavidez', NULL, NULL, '1200111-1', '2020-01-11', 'K 95A Oeste No 2Bbis-98', '1891', '8001012018', NULL, '-76,557901', '3,374703', '8001012403', '8001012502', '8001012605', 'Si', NULL, NULL, 'Si', 'No', 'Finalizado, se envio informe a peticionario y traslado a Secretaria de Vivienda Social y Habitat, Secretaria de Infraestructura, Secretaria de Salud Pública, Secretaria de Seguridad y Justicia y EMCALI – Empresas Municipales de Cali', NULL, NULL, NULL, 1, '202041630200000024', NULL, NULL, 4, '202041630200000014', NULL, NULL, 19, '202041630200000044', NULL, NULL, 6, '202041630200000034', NULL, NULL, 10, '202041630200000081', NULL, NULL, NULL, NULL, NULL, NULL, NULL, NULL, NULL, NULL, NULL, NULL, NULL, NULL, '2023-08-06 22:56:35.064000', '2023-08-06 22:57:06.530000', '2023-08-06 22:57:06.527000', 1, 1),
(2, 2, 2, '2020', 1143859435, '8001010503', '202041730100046482', '2020-01-15', 202041630200000071, '2020-01-28', 9, NULL, 'Francy Edith Gutierrez', 'Francy Edith Gutierrez', NULL, NULL, '1200111-2', '2020-01-11', 'K 95 Oeste No 2 Bis-67', '', '8001012018', NULL, '-76,557914', '3,374723', '8001012403', '8001012502', '8001012605', 'Si', NULL, NULL, 'Si', 'No', 'Finalizado, se envio informe a peticionario, y traslado a Unidad Administrativa Especial de Servicios Publicos Municipales.', NULL, NULL, NULL, 17, '202041630200000104', NULL, NULL, NULL, '', NULL, NULL, NULL, NULL, NULL, NULL, NULL, NULL, NULL, NULL, NULL, NULL, NULL, NULL, NULL, NULL, NULL, NULL, NULL, NULL, NULL, NULL, NULL, NULL, NULL, NULL, '2023-08-06 22:56:35.064000', '2023-08-06 22:57:06.530000', '2023-08-06 22:57:06.527000', 1, 1),
(3, 3, 3, '2020', 1143859435, '8001010503', '202041730100027692', '2020-01-10', 202041630200000011, '2020-01-13', 3, NULL, 'Alfonso Narvaez', 'Alfonso Narvaez', NULL, NULL, '1200110-1', '2020-01-13', 'K 45AW No 2-26', '2003', '8001012020', NULL, '-76,552222', '3,420001', '8001012403', '8001012502', '8001012605', 'No', NULL, NULL, 'Si', 'No', 'Finalizado, se envio informe a peticionario y traslado a Secretaria de Bienestar Social, Secretaria de Seguridad y Justicia, Secretaria de Vivienda Social y Habitat', NULL, NULL, NULL, 7, '202041630200000074', NULL, NULL, 6, '202041630200000084', NULL, NULL, 5, '202041630200000054', NULL, NULL, 4, '202041630200000064', NULL, NULL, NULL, NULL, NULL, NULL, NULL, NULL, NULL, NULL, NULL, NULL, NULL, NULL, NULL, NULL, NULL, NULL, '2023-08-06 22:56:35.064000', '2023-08-06 22:57:06.530000', '2023-08-06 22:57:06.527000', 1, 1),
(4, 4, 4, '2020', 1143859435, '8001010503', '202041730100027782', '2020-01-10', 202041630200000101, '2020-01-29', 13, NULL, 'Belisario Hormiga', 'Belisario Hormiga', NULL, NULL, '1200110-2', '2020-01-13', 'K 45AW No 2-24', '2003', '8001012020', NULL, '-76,552233', '3,420004', '8001012403', '8001012502', '8001012605', 'No', NULL, NULL, 'Si', 'No', 'Finalizado, se envio informe a peticionario y traslado a Secretaria de Bienestar Social, Secretaria de Seguridad y Justicia y Secretaria de Vivienda Social y Habitat', NULL, NULL, NULL, 7, '202041630200000114', NULL, NULL, 6, '202041630200000134', NULL, NULL, 5, '202041630200000144', NULL, NULL, 4, '202041630200000124', NULL, NULL, NULL, NULL, NULL, NULL, NULL, NULL, NULL, NULL, NULL, NULL, NULL, NULL, NULL, NULL, NULL, NULL, '2023-08-06 22:56:35.064000', '2023-08-06 22:57:06.530000', '2023-08-06 22:57:06.527000', 1, 1),
(5, 5, 5, '2020', 1143859435, '8001010503', '202041630200000221', '2020-01-24', 202041630200000221, '2020-01-25', 1, NULL, 'Gloria Tamayo Rojas', 'Gloria Tamayo Rojas', NULL, NULL, '1200124-1', '2020-01-24', 'C41 No 8-74', '816', '8001012008', NULL, '-76,506112', '3,454443', '8001012403', '8001012503', '8001012612', 'Si', NULL, NULL, 'Si', 'No', 'Finalizado, se envio informe a peticionario.', NULL, NULL, NULL, 7, '202041630200000194', NULL, NULL, NULL, '', NULL, NULL, NULL, NULL, NULL, NULL, NULL, NULL, NULL, NULL, NULL, NULL, NULL, NULL, NULL, NULL, NULL, NULL, NULL, NULL, NULL, NULL, NULL, NULL, NULL, NULL, '2023-08-06 22:56:35.064000', '2023-08-06 22:57:06.530000', '2023-08-06 22:57:06.527000', 1, 1),
(6, 6, 6, '2020', 1143859435, '8001010503', '202041730100066802', '2020-01-20', 202041630200000141, '2020-02-03', 11, NULL, 'Crisanto Diomedes Rodriguez', 'Crisanto Diomedes Rodriguez', NULL, NULL, '1200124-2', '2020-01-24', 'K 73 Bbis Oeste No 2B-38', '1803', NULL, NULL, '-76,558889', '3,390278', '8001012403', '8001012502', '8001012604', 'No', NULL, NULL, 'Si', 'No', 'Finalizado, se envio informe a peticionario y traslado a EMCALI – Empresas Municipales de Cali.', NULL, NULL, NULL, 10, '202041630200000161', NULL, NULL, NULL, '', NULL, NULL, NULL, NULL, NULL, NULL, NULL, NULL, NULL, NULL, NULL, NULL, NULL, NULL, NULL, NULL, NULL, NULL, NULL, NULL, NULL, NULL, NULL, NULL, NULL, NULL, '2023-08-06 22:56:35.064000', '2023-08-06 22:57:06.530000', '2023-08-06 22:57:06.527000', 1, 1),
(7, 7, 7, '2020', 1143859435, '8001010503', '202041730100058262', '2020-01-17', 202041630200000121, '2020-02-03', 14, NULL, 'Carlos Andres Herrera Giron', 'Carlos Andres Herrera Giron', NULL, NULL, '1200124-3', '2020-01-24', 'C 4 Oeste No 73-22', '1803', '8001012018', NULL, '-76,560009', '3,390833', '8001012403', '8001012502', '8001012605', 'No', NULL, NULL, 'Si', 'No', 'Finalizado, se envio informe a peticionario y traslado a Secretaria de Infraestructura y Unidad Administrativa Especial de Servicios Publicos Municipales', NULL, NULL, NULL, 4, '202041630200000154', NULL, NULL, 17, '202041630200000164', NULL, NULL, NULL, NULL, NULL, NULL, NULL, NULL, NULL, NULL, NULL, NULL, NULL, NULL, NULL, NULL, NULL, NULL, NULL, NULL, NULL, NULL, NULL, NULL, NULL, NULL, '2023-08-06 22:56:35.064000', '2023-08-06 22:57:06.530000', '2023-08-06 22:57:06.527000', 1, 1),
(8, 8, 8, '2020', 16598081, '8001010503', '202041730100031162', '2020-01-10', 202041630100000201, '2020-01-28', 12, NULL, 'Marina Perea Sanchez', 'Leonilde Hernadez', NULL, NULL, '12200128-1', '2020-01-28', 'K 83 Oeste No 1-64', '1898', '8001012020', NULL, '-76,558280', '3,384280', '8001012403', '8001012502', '8001012605', 'Si', NULL, NULL, 'Si', 'No', 'Finalizado, se envio informe a peticionario y traslado a Secretaria de Infraestructura y Secretaria de Vivienda Social y Habitat', NULL, NULL, NULL, 4, '202041630100000204', NULL, NULL, 5, '202041630100000174', NULL, NULL, NULL, NULL, NULL, NULL, NULL, NULL, NULL, NULL, NULL, NULL, NULL, NULL, NULL, NULL, NULL, NULL, NULL, NULL, NULL, NULL, NULL, NULL, NULL, NULL, '2023-08-06 22:56:35.064000', '2023-08-06 22:57:06.530000', '2023-08-06 22:57:06.527000', 1, 1),
(9, 9, 9, '2020', 16598081, '8001010503', '202041730100004432', '2020-01-02', 202041630100000331, '2020-02-11', 27, NULL, 'Conjunto Residencial Arboleda del Sur', 'Alexander Benavidez', NULL, NULL, '12200128-2', '2020-01-28', 'C 2C No 73-146', NULL, '8001012017', NULL, '-76,550720', '3,390010', '8001012403', '8001012502', '8001012607', 'No', NULL, NULL, 'No', 'No', 'Finalizado, se envio informe a peticionario.', NULL, NULL, NULL, NULL, NULL, NULL, NULL, NULL, '', NULL, NULL, NULL, NULL, NULL, NULL, NULL, NULL, NULL, NULL, NULL, NULL, NULL, NULL, NULL, NULL, NULL, NULL, NULL, NULL, NULL, NULL, NULL, NULL, NULL, NULL, '2023-08-06 22:56:35.064000', '2023-08-06 22:57:06.530000', '2023-08-06 22:57:06.527000', 1, 1),
(10, 10, 10, '2020', 1143859435, '8001010503', '202041730100036302', '2020-01-13', 202041630200000051, '2020-01-22', 7, NULL, 'Jair Gonzales Gonzales', 'Jair Gonzales Gonzales', NULL, NULL, '1200128-1', '2020-01-28', 'C 4 Oeste No 73-14', '1803', '8001012018', NULL, '-76,561111', '3,391667', '8001012403', '8001012503', '8001012612', 'No', NULL, NULL, 'Si', 'No', 'Finalizado, se envio informe a peticionario.', NULL, NULL, NULL, NULL, NULL, NULL, NULL, NULL, '', NULL, NULL, NULL, NULL, NULL, NULL, NULL, NULL, NULL, NULL, NULL, NULL, NULL, NULL, NULL, NULL, NULL, NULL, NULL, NULL, NULL, NULL, NULL, NULL, NULL, NULL, '2023-08-06 22:56:35.064000', '2023-08-06 22:57:06.530000', '2023-08-06 22:57:06.527000', 1, 1),
(11, 11, 11, '2020', 16598081, '8001010503', '202041730100103062', '2020-01-28', 202041630100000311, '2020-02-05', 6, NULL, 'Nestor Arturo Nieva Amaya', 'Viviana Capote', NULL, NULL, '8200131-1', '2020-01-31', 'Km 12 via la Voragine Entrada 2', NULL, NULL, '8001012025', '-76,565260', '3,348740', '8001012403', '8001012502', '8001012604', 'No', NULL, NULL, 'Si', 'No', 'Finalizado, se envio informe a peticionario y traslado a CVC - Corporacion Autonoma Regional del Valle del Cauca', NULL, NULL, NULL, 9, '202041630010000021', NULL, NULL, NULL, '', NULL, NULL, NULL, NULL, NULL, NULL, NULL, NULL, NULL, NULL, NULL, NULL, NULL, NULL, NULL, NULL, NULL, NULL, NULL, NULL, NULL, NULL, NULL, NULL, NULL, NULL, '2023-08-06 22:56:35.064000', '2023-08-06 22:57:06.530000', '2023-08-06 22:57:06.527000', 1, 1),
(12, 12, 12, '2020', 1143859435, '8001010503', '202041730100075562', '2020-01-22', 202041630100000231, '2020-02-05', 14, NULL, 'Astrid Gomez', 'Oscar Serna', NULL, NULL, '1200204-1', '2020-02-04', 'K 82 Oeste No 1c-57', '1898', '8001012018', NULL, '-76,558860', '3,385290', '8001012403', '8001012501', '8001012604', 'No', NULL, NULL, 'Si', 'No', 'Finalizado, se envio informe a peticionario y traslado a Empresas Municipales de Cali EMCALI, Subdireccion de Gestion Integral de Ecosistemas y Unidad Municipal de Asistencia Tecnica UMATA y Secretaria de Infraestructura', NULL, NULL, NULL, 10, '202041630200000241', NULL, NULL, 48, '202041630200000184', NULL, NULL, 4, '202041630200000174', NULL, NULL, NULL, NULL, NULL, NULL, NULL, NULL, NULL, NULL, NULL, NULL, NULL, NULL, NULL, NULL, NULL, NULL, NULL, NULL, NULL, NULL, '2023-08-06 22:56:35.064000', '2023-08-06 22:57:06.530000', '2023-08-06 22:57:06.527000', 1, 1),
(13, 13, 13, '2020', 1143859435, '8001010503', '202041730100137192', '2020-02-05', 202041630200000291, '2020-02-17', 12, NULL, 'Personeria Municipal de Cali', 'Personeria Municipal de Cali', NULL, NULL, '1200206-1', '2020-02-06', 'C 14B No 41-25', '1002', '8001012010', NULL, '-76,526852', '3,415037', '8001012403', '8001012501', '8001012604', 'No', NULL, NULL, 'No', 'No', 'Finalizado, se envio informe a peticionario.', NULL, NULL, NULL, NULL, NULL, NULL, NULL, NULL, '', NULL, NULL, NULL, NULL, NULL, NULL, NULL, NULL, NULL, NULL, NULL, NULL, NULL, NULL, NULL, NULL, NULL, NULL, NULL, NULL, NULL, NULL, NULL, NULL, NULL, NULL, '2023-08-06 22:56:35.064000', '2023-08-06 22:57:06.530000', '2023-08-06 22:57:06.527000', 1, 1),
(14, 14, 14, '2020', 1151936630, '8001010503', NULL, '2020-02-19', 202041630200000351, '2020-02-24', 5, NULL, 'Beatriz Eugenia Larrahondo', 'Beatriz Eugenia Larrahondo', NULL, NULL, '9200219-1', '2020-02-19', 'K 42B No 13-50', '1002', '8001012010', NULL, '-76,531388', '3,415277', '8001012401', '8001012501', '8001012601', 'Si', NULL, NULL, 'Si', 'No', 'Finalizado, se envio informe a peticionario y traslado a Secretaria de Vivienda Social y Habitat y Secretaria de Bienestar', NULL, NULL, NULL, 5, '20204163', NULL, NULL, 7, '20204163', NULL, NULL, NULL, NULL, NULL, NULL, NULL, NULL, NULL, NULL, NULL, NULL, NULL, NULL, NULL, NULL, NULL, NULL, NULL, NULL, NULL, NULL, NULL, NULL, NULL, NULL, '2023-08-06 22:56:35.064000', '2023-08-06 22:57:06.530000', '2023-08-06 22:57:06.527000', 1, 1),
(15, 15, 15, '2020', 1053768233, '8001010503', '202041730100064922', '2020-01-20', 202041630100000521, '2020-02-25', 26, NULL, 'Diego Rodriguez', 'Ruben Dario Londono Trujillo', NULL, NULL, '4200221-1', '2020-02-21', 'Av 6 Oeste No 32-13', '102', '8001012001', NULL, '-76,579890', '3,454820', '8001012403', '8001012502', '8001012605', 'Si', NULL, NULL, 'Si', 'No', 'Finalizado, se envio informe a peticionario y traslado a Secretaria de Vivienda Social y Habitat y Subsecretaria de Acceso a Servicios de Justicia', NULL, NULL, NULL, 5, '202041630100000264', NULL, NULL, 23, '202041630100000274', NULL, NULL, NULL, NULL, NULL, NULL, NULL, NULL, NULL, NULL, NULL, NULL, NULL, NULL, NULL, NULL, NULL, NULL, NULL, NULL, NULL, NULL, NULL, NULL, NULL, NULL, '2023-08-06 22:56:35.064000', '2023-08-06 22:57:06.530000', '2023-08-06 22:57:06.527000', 1, 1),
(16, 16, 16, '2020', 1053768233, '8001010503', NULL, '2020-01-21', 202041630100000531, '2020-02-25', 25, NULL, 'Jaime Arenas Echavarria', 'Maria Rocio Romulo Valdez', NULL, NULL, '4200221-2', '2020-02-21', 'C 3 C Oeste No 94-2-92', '1891', '8001012018', NULL, '-76,558510', '3,374800', '8001012403', '8001012502', '8001012605', 'No', NULL, NULL, 'No', 'No', 'Finalizado, se envio informe a peticionario.', NULL, NULL, NULL, NULL, NULL, NULL, NULL, NULL, '', NULL, NULL, NULL, NULL, NULL, NULL, NULL, NULL, NULL, NULL, NULL, NULL, NULL, NULL, NULL, NULL, NULL, NULL, NULL, NULL, NULL, NULL, NULL, NULL, NULL, NULL, '2023-08-06 22:56:35.064000', '2023-08-06 22:57:06.530000', '2023-08-06 22:57:06.527000', 1, 1),
(17, 17, 17, '2020', 1144063314, '8001010503', '202041730100198302', '2020-02-17', 202041630100000511, '2020-02-24', 5, NULL, 'Victor Manuel Pasos', 'Victor Manuel Pasos', NULL, NULL, '2200221-1', '2020-02-21', 'C Bis Oeste con K 100 A Bis No 30 Torre N1', NULL, '8001012018', NULL, '-76,555270', '3,369150', '8001012403', '8001012502', '8001012604', 'No', NULL, NULL, 'Si', 'No', 'Finalizado, se envio informe a peticionario y traslado a Departamento Administrativo de Gestion del Medio Ambiente y Subsecretaria de Inspeccion, Vigilancia y Control', NULL, NULL, NULL, 18, '202041630100000244', NULL, NULL, 13, '202041630100000254', NULL, NULL, NULL, NULL, NULL, NULL, NULL, NULL, NULL, NULL, NULL, NULL, NULL, NULL, NULL, NULL, NULL, NULL, NULL, NULL, NULL, NULL, NULL, NULL, NULL, NULL, '2023-08-06 22:56:35.064000', '2023-08-06 22:57:06.530000', '2023-08-06 22:57:06.527000', 1, 1),
(18, 18, 18, '2020', 36861950, '8001010503', '202041730100198442', '2020-02-17', 202041630100000571, '2020-02-25', 7, NULL, 'Edison Villano', 'Olga Nohora Salas', NULL, NULL, '3200221-1', '2020-02-21', 'C 3 Oeste No 42b-25', '2003', '8001012020', NULL, '-76,554554', '3,423061', '8001012403', '8001012502', '8001012607', 'No', NULL, NULL, 'Si', 'No', 'Finalizado, se envio informe a peticionario y traslado a Secretaria de Vivienda Social y Habitat', NULL, NULL, NULL, 5, '202041630100000314', NULL, NULL, NULL, '', NULL, NULL, NULL, NULL, NULL, NULL, NULL, NULL, NULL, NULL, NULL, NULL, NULL, NULL, NULL, NULL, NULL, NULL, NULL, NULL, NULL, NULL, NULL, NULL, NULL, NULL, '2023-08-06 22:56:35.064000', '2023-08-06 22:57:06.530000', '2023-08-06 22:57:06.527000', 1, 1),
(19, 19, 19, '2020', 36861950, '8001010503', '202041730100198442', '2020-02-17', 202041630100000571, '2020-02-25', 7, NULL, 'Edison Villano', 'Julian Tovar Salas', NULL, NULL, '3200221-2', '2020-02-21', 'C 3 Oeste No 42b-21', '2003', '8001012020', NULL, '-76,554546', '3,423134', '8001012403', '8001012502', '8001012607', 'Si', NULL, NULL, 'Si', 'No', 'Finalizado, se envio informe a peticionario y traslado a Secretaria de Vivienda Social y Habitat', NULL, NULL, NULL, 5, '202041630100000314', NULL, NULL, NULL, '', NULL, NULL, NULL, NULL, NULL, NULL, NULL, NULL, NULL, NULL, NULL, NULL, NULL, NULL, NULL, NULL, NULL, NULL, NULL, NULL, NULL, NULL, NULL, NULL, NULL, NULL, '2023-08-06 22:56:35.064000', '2023-08-06 22:57:06.530000', '2023-08-06 22:57:06.527000', 1, 1),
(20, 20, 20, '2020', 36861950, '8001010503', '202041730100198442', '2020-02-17', 202041630100000571, '2020-02-25', 7, NULL, 'Edison Villano', 'Leonardo Alberto Moreno', NULL, NULL, '3200221-3', '2020-02-21', 'K 42 No 1b-70', '2003', '8001012020', NULL, '-76,554481', '3,423123', '8001012403', '8001012502', '8001012607', 'No', NULL, NULL, 'Si', 'No', 'Finalizado, se envio informe a peticionario y traslado a Secretaria de Vivienda Social y Habitat', NULL, NULL, NULL, 5, '202041630100000314', NULL, NULL, NULL, '', NULL, NULL, NULL, NULL, NULL, NULL, NULL, NULL, NULL, NULL, NULL, NULL, NULL, NULL, NULL, NULL, NULL, NULL, NULL, NULL, NULL, NULL, NULL, NULL, NULL, NULL, '2023-08-06 22:56:35.064000', '2023-08-06 22:57:06.530000', '2023-08-06 22:57:06.527000', 1, 1),
(21, 21, 21, '2020', 36861950, '8001010503', '202041730100085562', '2020-01-23', 202041630100000631, '2020-02-26', 24, NULL, 'Maria Isabel Ospina', 'Maria Isabel Ospina', NULL, NULL, '3200221-4', '2020-02-21', 'Km 6.7 Vía la Buitrera - Villa San Carlos', NULL, NULL, '8001012026', '-76,575555', '3,382772', '8001012403', '8001012502', '8001012605', 'No', NULL, NULL, 'Si', 'No', 'Finalizado, se envio informe a peticionario y traslado a CVC - Corporacion Autonoma Regional del Valle del Cauca y Secretaria de Infraestructura', NULL, NULL, NULL, 9, '202041630100000641', NULL, NULL, 4, '202041630100000374', NULL, NULL, NULL, NULL, NULL, NULL, NULL, NULL, NULL, NULL, NULL, NULL, NULL, NULL, NULL, NULL, NULL, NULL, NULL, NULL, NULL, NULL, NULL, NULL, NULL, NULL, '2023-08-06 22:56:35.064000', '2023-08-06 22:57:06.530000', '2023-08-06 22:57:06.527000', 1, 1),
(22, 22, 22, '2020', 111111, '8001010503', '202041820100000314', '2020-01-31', 202041630100000674, '2020-03-10', 27, NULL, 'Marco Aurelio Vera', 'Hector Fabio Suaza', NULL, NULL, '5200221-1', '2020-02-21', 'Av 48 Oeste No 10A', NULL, NULL, '8001012036', '-76,550005', '3,488458', '8001012403', '8001012506', '8001012605', 'No', NULL, NULL, 'Si', 'Si a Patricia Reina', 'Finalizado, se envio informe a peticionario y traslado a EMCALI- Empresas Municipales de Cali, Secretaria de Infraestructura, Secretaria de Vivienda Social y Habitat y SERVIAGUAS Montebello', NULL, NULL, NULL, 10, '202041630100001161', NULL, NULL, 4, '202041630100000654', NULL, NULL, 5, '202041630100000664', NULL, NULL, 54, '202041630100001171', NULL, NULL, NULL, NULL, NULL, NULL, NULL, NULL, NULL, NULL, NULL, NULL, NULL, NULL, NULL, NULL, NULL, NULL, '2023-08-06 22:56:35.064000', '2023-08-06 22:57:06.530000', '2023-08-06 22:57:06.527000', 1, 1),
(23, 23, 23, '2020', 111111, '8001010503', '202041730100162152', '2020-02-10', 202041630100002011, '2020-04-20', 48, NULL, 'CVC – Corporacion Autonoma Regional del Valle del Cauca', 'Jaime Posso', NULL, NULL, '5200221-2', '2020-02-21', 'Km 5 vía Pichinde', NULL, NULL, '8001012028', '-76,567679', '3,428893', '8001012403', '8001012502', '8001012605', 'No', NULL, NULL, 'No', 'Si a Maria Fabiana Escobar propietaria', 'Finalizado, se envio informe a peticionario', NULL, NULL, NULL, NULL, NULL, NULL, NULL, NULL, '', NULL, NULL, NULL, NULL, NULL, NULL, NULL, NULL, NULL, NULL, NULL, NULL, NULL, NULL, NULL, NULL, NULL, NULL, NULL, NULL, NULL, NULL, NULL, NULL, NULL, NULL, '2023-08-06 22:56:35.064000', '2023-08-06 22:57:06.530000', '2023-08-06 22:57:06.527000', 1, 1),
(24, 24, 24, '2020', 1143859435, '8001010503', '202041730100144152', '2020-02-05', 202041630200000341, '2020-02-24', 13, NULL, 'Jose Rodrigo herrera herrera', 'Jose Rodrigo herrera herrera', NULL, NULL, '1200222-1', '2020-02-22', 'K 49B No 44-05', '1601', '8001012016', NULL, '-76,517607', '3,400436', '8001012403', '8001012501', '8001012604', 'Si', NULL, NULL, 'No', 'No', 'Finalizado, se envio informe a peticionario.', NULL, NULL, NULL, NULL, NULL, NULL, NULL, NULL, '', NULL, NULL, NULL, NULL, NULL, NULL, NULL, NULL, NULL, NULL, NULL, NULL, NULL, NULL, NULL, NULL, NULL, NULL, NULL, NULL, NULL, NULL, NULL, NULL, NULL, NULL, '2023-08-06 22:56:35.064000', '2023-08-06 22:57:06.530000', '2023-08-06 22:57:06.527000', 1, 1),
(25, 25, 25, '2020', 111111, '8001010503', '202041730100156732', '2020-02-07', 202041630100000931, '2020-03-05', 19, NULL, 'CVC – Corporacion Autonoma Regional del Valle del Cauca', 'Helio Carmelo Ardila', NULL, NULL, '5200224-1', '2020-02-24', 'Casa 238B', NULL, NULL, '8001012024', '-76,477010', '3,313289', '8001012403', '8001012505', '8001012614', 'No', NULL, NULL, 'Si', 'No', 'Finalizado, se envio informe a peticionario y traslado a EMCALI - Empresas Municipales de Cali', NULL, NULL, NULL, 10, '202041630100001031', NULL, NULL, NULL, '', NULL, NULL, NULL, NULL, NULL, NULL, NULL, NULL, NULL, NULL, NULL, NULL, NULL, NULL, NULL, NULL, NULL, NULL, NULL, NULL, NULL, NULL, NULL, NULL, NULL, NULL, '2023-08-06 22:56:35.064000', '2023-08-06 22:57:06.530000', '2023-08-06 22:57:06.527000', 1, 1),
(26, 26, 26, '2020', 1144171574, '8001010504', '202041730100121202', '2020-01-31', 202041630100000591, '2020-02-25', 17, NULL, 'CVC – Corporacion Autonoma Regional del Valle del Cauca', 'Comision Ambiental Territorial Alto 1804', NULL, NULL, '6200224-1', '2020-02-24', 'K 99 con C 4B, K 99 con C 3 y K 100B con C 1 Oeste', '1804', '8001012018', NULL, '-76,553057', '3,367203', '8001012403', '8001012502', '8001012605', 'No', NULL, NULL, 'Si', 'No', 'Finalizado, se envio informe a peticionario y traslado a Departamento Administrativo de Gestion del Medio Ambiente', NULL, NULL, NULL, 11, '202041630100000324', NULL, NULL, NULL, '', NULL, NULL, NULL, NULL, NULL, NULL, NULL, NULL, NULL, NULL, NULL, NULL, NULL, NULL, NULL, NULL, NULL, NULL, NULL, NULL, NULL, NULL, NULL, NULL, NULL, NULL, '2023-08-06 22:56:35.064000', '2023-08-06 22:57:06.530000', '2023-08-06 22:57:06.527000', 1, 1),
(27, 27, 27, '2020', 1144171574, '8001010503', '202041730100186732', '2020-02-13', 202041630100000851, '2020-03-04', 13, NULL, 'Antonio Jose Mora Palencia', 'Antonio Jose Mora Palencia', NULL, NULL, '6200224-2', '2020-02-24', 'K 10 No 4-41', '303', '8001012003', NULL, '-76,537372', '3,446220', '8001012403', '8001012502', '8001012603', 'No', NULL, NULL, 'Si', 'No', 'Finalizado, se envio informe a peticionario y traslado a EMCALI- Empresas Municipales de Cali, Secretaria de Paz y Cultura Ciudadana, Secretaria de Infraestructura y GDO - Gases de Occidente', NULL, NULL, NULL, 10, '202041630100000841', NULL, NULL, 20, '202041630100000534', NULL, NULL, 4, '202041630100000544', NULL, NULL, 14, '202041630100000831', NULL, NULL, NULL, NULL, NULL, NULL, NULL, NULL, NULL, NULL, NULL, NULL, NULL, NULL, NULL, NULL, NULL, NULL, '2023-08-06 22:56:35.064000', '2023-08-06 22:57:06.530000', '2023-08-06 22:57:06.527000', 1, 1),
(28, 28, 28, '2020', 1144063314, '', NULL, '2020-02-24', 202041630100000661, '2020-02-27', 3, NULL, 'Carlos Gonzalez', 'Hector Fabio Ospina', NULL, NULL, '2200224-1', '2020-02-25', 'K 48 con C 14 oeste', '2004', '8001012020', NULL, '-76,561950', '3,421930', '8001012403', '8001012503', '8001012611', 'No', NULL, NULL, 'Si', 'No', 'Finalizado, se envio informe a peticionario y traslado a Secretaria de Educacion Municipal, Departamento Administrativo de Gestion del Medio Ambiente', NULL, NULL, NULL, 21, '202041630100000414', NULL, NULL, 18, '202041630100000394', NULL, NULL, NULL, NULL, NULL, NULL, NULL, NULL, NULL, NULL, NULL, NULL, NULL, NULL, NULL, NULL, NULL, NULL, NULL, NULL, NULL, NULL, NULL, NULL, NULL, NULL, '2023-08-06 22:56:35.064000', '2023-08-06 22:57:06.530000', '2023-08-06 22:57:06.527000', 1, 1),
(29, 29, 29, '2020', 1130622754, '8001010504', '202041810100003254', '2020-01-23', 202041630100000731, '2020-02-28', 13, NULL, 'Unidad Administrativa Especial de Gestion de Bienes y Servicios', 'Nestor Daniel Huertas', NULL, NULL, '11200225-1', '2020-02-25', 'C 12 Oeste No 49B-18', '2004', '8001012020', NULL, '-76,334100', '3,251700', '8001012403', '8001012502', '', 'No', NULL, NULL, 'Si', 'No', 'Finalizado, se envio informe a peticionario y traslado a Metrocali y SecretarIa del Deporte y la Recreacion', NULL, NULL, NULL, 22, '202041630100000741', NULL, NULL, 41, '202041630100000424', NULL, NULL, NULL, NULL, NULL, NULL, NULL, NULL, NULL, NULL, NULL, NULL, NULL, NULL, NULL, NULL, NULL, NULL, NULL, NULL, NULL, NULL, NULL, NULL, NULL, NULL, '2023-08-06 22:56:35.064000', '2023-08-06 22:57:06.530000', '2023-08-06 22:57:06.527000', 1, 1),
(30, 30, 30, '2020', 1130622754, '8001010503', '202041730100085612', '2020-01-23', 202041630100000721, '2020-02-28', 26, NULL, 'Edward Mosquera Solarte', 'Antonio Gomez', NULL, NULL, '11200225-2', '2020-02-25', 'K 95a Oeste No 2D Bis -98', '1891', '8001012020', NULL, '-76,557950', '3,174730', '8001012403', '8001012502', '8001012605', 'No', NULL, NULL, 'No', 'No', 'Finalizado, se envio informe a peticionario.', NULL, NULL, NULL, NULL, NULL, NULL, NULL, NULL, '', NULL, NULL, NULL, NULL, NULL, NULL, NULL, NULL, NULL, NULL, NULL, NULL, NULL, NULL, NULL, NULL, NULL, NULL, NULL, NULL, NULL, NULL, NULL, NULL, NULL, NULL, '2023-08-06 22:56:35.064000', '2023-08-06 22:57:06.530000', '2023-08-06 22:57:06.527000', 1, 1),
(31, 31, 31, '2020', 1144063314, '8001010503', NULL, '2020-02-26', 202041630100000791, '2020-03-02', 4, NULL, 'Benemerito Cuerpo de Bomberos Voluntarios de Cali', 'Sandra Mera Urrutia', NULL, NULL, '2200226-1', '2020-02-26', 'Av Colombia No 1-159', '202', '8001012002', NULL, '-76,548160', '3,453200', '8001012403', '8001012502', '8001012604', 'No', NULL, NULL, 'Si', 'No', 'Finalizado, se envio informe a peticionario y traslado a Secretaria de Seguridad y Justicia.', NULL, NULL, NULL, 6, '202041630100000494', NULL, NULL, NULL, '', NULL, NULL, NULL, NULL, NULL, NULL, NULL, NULL, NULL, NULL, NULL, NULL, NULL, NULL, NULL, NULL, NULL, NULL, NULL, NULL, NULL, NULL, NULL, NULL, NULL, NULL, '2023-08-06 22:56:35.064000', '2023-08-06 22:57:06.530000', '2023-08-06 22:57:06.527000', 1, 1),
(32, 32, 32, '2020', 1053768233, '8001010503', NULL, '2020-01-23', 202041630100000751, '2020-02-28', 27, NULL, 'Casilda Martinez', 'Celimo Gomez', NULL, NULL, '4200227-1', '2020-02-27', '', NULL, NULL, '8001012028', '-76,564404', '3,447428', '8001012403', '8001012502', '8001012605', 'No', NULL, NULL, 'Si', 'No', 'Finalizado, se envio informe a peticionario y traslado a Secretaria de Vivienda Social y Habitat, Departamento Administrativo de Gestion del Medio Ambiente, Secretaria de Infraestructura y Mantenimiento Vial y Secretaria de Seguridad y Justicia', NULL, NULL, NULL, 5, '202041630100000454', NULL, NULL, 18, '202041630100000474', NULL, NULL, NULL, NULL, NULL, NULL, 6, '202041630100000464', NULL, NULL, NULL, NULL, NULL, NULL, NULL, NULL, NULL, NULL, NULL, NULL, NULL, NULL, NULL, NULL, NULL, NULL, '2023-08-06 22:56:35.064000', '2023-08-06 22:57:06.530000', '2023-08-06 22:57:06.527000', 1, 1),
(33, 33, 33, '2020', 1130622754, '8001010503', '202041730100217462', '2020-02-20', 202041630100000891, '2020-03-05', 10, NULL, 'Segundo Neftali Ramos Josa', 'Segundo Neftali Ramos Josa', NULL, NULL, '11200227-1', '2020-02-27', 'C 3 Oeste No 39b-33', '2005', '8001012020', NULL, '-76,555218', '3,425828', '8001012403', '8001012502', '8001012604', 'No', NULL, NULL, 'Si', 'No', 'Finalizado, se envio informe a peticionario, EMCALI- Empresas Municipales de Cali, Departamento Administrativo de Gestion del Medio Ambiente y Subsecretaria de Acceso a Servicios de Justicia', NULL, NULL, NULL, 11, '202041630100000594', NULL, NULL, 10, '202041630100000881', NULL, NULL, 23, '202041630100000604', NULL, NULL, NULL, NULL, NULL, NULL, NULL, NULL, NULL, NULL, NULL, NULL, NULL, NULL, NULL, NULL, NULL, NULL, NULL, NULL, NULL, NULL, '2023-08-06 22:56:35.064000', '2023-08-06 22:57:06.530000', '2023-08-06 22:57:06.527000', 1, 1),
(34, 34, 34, '2020', 1059695640, '8001010503', '202041330100000414', '2020-01-24', 202041630100000744, '2020-03-11', 32, NULL, 'Oscar William Villani Romero', 'Carlos Camayo', NULL, NULL, '8200227-1', '2020-02-27', 'Campo Deportivo Alto La Cruz', '1898', '8001012018', NULL, '-76,562530', '3,391430', '8001012403', '8001012502', '8001012605', 'No', NULL, NULL, 'No', 'Si, a SIVC', 'Finalizado, se envio informe a peticionario.', NULL, NULL, NULL, NULL, NULL, NULL, NULL, NULL, '', NULL, NULL, NULL, NULL, NULL, NULL, NULL, NULL, NULL, NULL, NULL, NULL, NULL, NULL, NULL, NULL, NULL, NULL, NULL, NULL, NULL, NULL, NULL, NULL, NULL, NULL, '2023-08-06 22:56:35.064000', '2023-08-06 22:57:06.530000', '2023-08-06 22:57:06.527000', 1, 1),
(35, 35, 35, '2020', 36861950, '8001010503', NULL, '2020-02-28', 202041630100000504, '2020-03-02', 1, NULL, 'Jose Fernando Villegas Zamorano', NULL, NULL, NULL, '3200228-1', '2020-02-28', 'Av 6b con C 26', '210', '8001012002', NULL, '-76,505989', '3,412901', '8001012403', '8001012501', '8001012615', 'No', NULL, NULL, 'Si', 'Si, a EMCALI', 'Finalizado, se envio informe a peticionario y traslado a Departamento Administrativo de Gestion del Medio Ambiente', NULL, NULL, NULL, 11, '202041630100000504', NULL, NULL, NULL, '', NULL, NULL, NULL, NULL, NULL, NULL, NULL, NULL, NULL, NULL, NULL, NULL, NULL, NULL, NULL, NULL, NULL, NULL, NULL, NULL, NULL, NULL, NULL, NULL, NULL, NULL, '2023-08-06 22:56:35.064000', '2023-08-06 22:57:06.530000', '2023-08-06 22:57:06.527000', 1, 1),
(36, 36, 36, '2020', 36861950, '8001010503', '202041730100212722', '2020-02-19', 202041630100000524, '2020-03-03', 9, NULL, 'Alfredo Urbano Jimenez', NULL, NULL, NULL, '3200228-2', '2020-02-28', 'C 34 N Av 3 y 3C', '210', '8001012002', NULL, '-76,523478', '3,471727', '8001012403', '8001012502', '8001012605', 'No', NULL, NULL, 'Si', 'Si, a EMCALI', 'Finalizado, se envio informe a peticionario y traslado a Departamento Administrativo de Gestion del Medio Ambiente', NULL, NULL, NULL, 11, '202041630100000524', NULL, NULL, NULL, '', NULL, NULL, NULL, NULL, NULL, NULL, NULL, NULL, NULL, NULL, NULL, NULL, NULL, NULL, NULL, NULL, NULL, NULL, NULL, NULL, NULL, NULL, NULL, NULL, NULL, NULL, '2023-08-06 22:56:35.064000', '2023-08-06 22:57:06.530000', '2023-08-06 22:57:06.527000', 1, 1),
(37, 37, 37, '2020', 1059695640, '8001010503', '201941610500059884', '2019-12-31', 202041630100000754, '2020-03-11', 51, NULL, 'Patricia Pelaez Saenz', 'Eva Muñoz Muñoz', NULL, NULL, '8200228-1', '2020-02-28', 'K 2G No 68-27', NULL, '8001012005', NULL, '-76,487799', '3,470274', '8001012403', '8001012502', '8001012603', 'No', NULL, NULL, 'No', 'Si a Dirección de Atención al Cliente', 'Finalizado, se envio informe a peticionario.', NULL, NULL, NULL, NULL, NULL, NULL, NULL, NULL, '', NULL, NULL, NULL, NULL, NULL, NULL, NULL, NULL, NULL, NULL, NULL, NULL, NULL, NULL, NULL, NULL, NULL, NULL, NULL, NULL, NULL, NULL, NULL, NULL, NULL, NULL, '2023-08-06 22:56:35.064000', '2023-08-06 22:57:06.530000', '2023-08-06 22:57:06.527000', 1, 1),
(38, 38, 38, '2020', 1059695640, '8001010503', '202041730100233132', '2020-02-19', 202041630100001461, '2020-03-11', 12, NULL, 'Yuliana Patricia Toro', 'Yolanda Saenz', NULL, NULL, '8200228-2', '2020-02-28', 'C 43 No. 39E-42', '1604', '8001012016', NULL, '-76,505988', '3,412931', '8001012403', '8001012503', '8001012610', 'No', NULL, NULL, 'Si', 'No', 'Finalizado, se envio informe a peticionario y traslado a EMCALI- Empresas Municipales de Cali.', NULL, NULL, NULL, 10, '202041630100001471', NULL, NULL, NULL, '', NULL, NULL, NULL, NULL, NULL, NULL, NULL, NULL, NULL, NULL, NULL, NULL, NULL, NULL, NULL, NULL, NULL, NULL, NULL, NULL, NULL, NULL, NULL, NULL, NULL, NULL, '2023-08-06 22:56:35.064000', '2023-08-06 22:57:06.530000', '2023-08-06 22:57:06.527000', 1, 1),
(39, 39, 39, '2020', 16598081, '8001010504', NULL, '2020-01-14', 202041630100000014, '2020-01-17', 3, NULL, 'Hector Fabio Ospina Hurtado', 'Hector Fabio Ospina Hurtado', NULL, NULL, '12200114-1', '2020-01-14', 'K 48 con C 14 Oeste', '2004', '8001012020', NULL, '-76,561917', '3,42233', '8001012403', '8001012503', '8001012611', 'No', NULL, NULL, 'Si', 'No', 'Finalizado, se envio informe a peticionario y traslado a Secretaria de Educacion', NULL, NULL, NULL, 21, '202041630100000014', NULL, NULL, NULL, '', NULL, NULL, NULL, NULL, NULL, NULL, NULL, NULL, NULL, NULL, NULL, NULL, NULL, NULL, NULL, NULL, NULL, NULL, NULL, NULL, NULL, NULL, NULL, NULL, NULL, NULL, '2023-08-06 22:56:35.064000', '2023-08-06 22:57:06.530000', '2023-08-06 22:57:06.527000', 1, 1),
(40, 40, 40, '2020', 16598081, '8001010504', NULL, '2020-01-14', 202041630100000024, '2020-01-17', 3, NULL, 'Hector Fabio Ospina Hurtado', 'Hector Fabio Ospina Hurtado', NULL, NULL, '12200114-2', '2020-01-14', 'Km 3.0 via Los Andes - El Saman', NULL, NULL, '8001012028', '-76,561665', '3,422547', '8001012403', '8001012505', '8001012617', 'No', NULL, NULL, 'Si', 'No', 'Finalizado, se envio informe a peticionario y traslado a Secretaria de Seguridad y Justicia', NULL, NULL, NULL, 6, '202041630100000024', NULL, NULL, NULL, '', NULL, NULL, NULL, NULL, NULL, NULL, NULL, NULL, NULL, NULL, NULL, NULL, NULL, NULL, NULL, NULL, NULL, NULL, NULL, NULL, NULL, NULL, NULL, NULL, NULL, NULL, '2023-08-06 22:56:35.064000', '2023-08-06 22:57:06.530000', '2023-08-06 22:57:06.527000', 1, 1),
(41, 41, 41, '2020', 1053768233, '8001010503', '202041730100271492', '2020-03-03', 202041630100001741, '2020-03-16', 9, NULL, 'CVC – Corporacion Autonoma Regional del Valle del Cauca', 'Flor Enelia Suarez', NULL, NULL, '4200313-1', '2020-03-13', 'C 12 Oeste No 37-12', NULL, NULL, '8001012036', '-76,555035', '3,474410', '8001012403', '8001012502', '8001012605', 'No', NULL, NULL, 'Si', 'No', 'Finalizado, se envio informe a peticionario y traslado a Unidad Administrativa Especial de Servicios Publicos Municipales', NULL, NULL, NULL, 17, '202041630100000814', NULL, NULL, NULL, '', NULL, NULL, NULL, NULL, NULL, NULL, NULL, NULL, NULL, NULL, NULL, NULL, NULL, NULL, NULL, NULL, NULL, NULL, NULL, NULL, NULL, NULL, NULL, NULL, NULL, NULL, '2023-08-06 22:56:35.064000', '2023-08-06 22:57:06.530000', '2023-08-06 22:57:06.527000', 1, 1),
(42, 42, 42, '2020', 1053768233, '8001010503', '202041730100271452', '2020-03-03', 202041630100001781, '2020-03-19', 12, NULL, 'CVC – Corporacion Autonoma Regional del Valle del Cauca', 'Hugo Ospina', NULL, NULL, '4200317-1', '2020-03-17', 'Predio La Mirella', NULL, NULL, '8001012027', '-76,618050', '3,377180', '8001012403', '8001012502', '8001012605', 'No', NULL, NULL, 'Si', 'No', 'Finalizado, se envio informe a peticionario y traslado a Subsecretaria de Infraestructura y Mantenimiento Vial.', NULL, NULL, NULL, 35, '202041630100000904', NULL, NULL, NULL, '', NULL, NULL, NULL, NULL, NULL, NULL, NULL, NULL, NULL, NULL, NULL, NULL, NULL, NULL, NULL, NULL, NULL, NULL, NULL, NULL, NULL, NULL, NULL, NULL, NULL, NULL, '2023-08-06 22:56:35.064000', '2023-08-06 22:57:06.530000', '2023-08-06 22:57:06.527000', 1, 1),
(43, 43, 43, '2020', 1143859435, '8001010504', NULL, '2020-03-10', 202041630200000384, '2020-03-10', 4, NULL, 'Plan Jarillon de Cali', 'Arcesio Amu', NULL, NULL, '1200311-1', '2020-03-11', 'Techo 2525', NULL, NULL, '8001012023', '-76,475190', '3,447790', '8001012401', '8001012502', '8001012607', 'No', NULL, NULL, 'No', 'No', 'Finalizado, se envio informe al Plan Jarillon de Cali', NULL, NULL, NULL, NULL, NULL, NULL, NULL, NULL, '', NULL, NULL, NULL, NULL, NULL, NULL, NULL, NULL, NULL, NULL, NULL, NULL, NULL, NULL, NULL, NULL, NULL, NULL, NULL, NULL, NULL, NULL, NULL, NULL, NULL, NULL, '2023-08-06 22:56:35.064000', '2023-08-06 22:57:06.530000', '2023-08-06 22:57:06.527000', 1, 1),
(44, 44, 44, '2020', 1143859435, '8001010504', NULL, '2020-03-10', 202041630200000384, '2020-03-16', 4, NULL, 'Plan Jarillon de Cali', 'Luz Ceneida Viveros', NULL, NULL, '1200311-2', '2020-03-11', 'Techo 2526', NULL, NULL, '8001012023', '-76,475230', '3,447820', '8001012401', '8001012502', '8001012607', 'No', NULL, NULL, 'No', 'No', 'Finalizado, se envio informe al Plan Jarillon de Cali', NULL, NULL, NULL, NULL, NULL, NULL, NULL, NULL, '', NULL, NULL, NULL, NULL, NULL, NULL, NULL, NULL, NULL, NULL, NULL, NULL, NULL, NULL, NULL, NULL, NULL, NULL, NULL, NULL, NULL, NULL, NULL, NULL, NULL, NULL, '2023-08-06 22:56:35.064000', '2023-08-06 22:57:06.530000', '2023-08-06 22:57:06.527000', 1, 1),
(45, 45, 45, '2020', 1143859435, '8001010504', NULL, '2020-03-10', 202041630200000384, '2020-03-16', 4, NULL, 'Plan Jarillon de Cali', 'Erika Maria Ayala', NULL, NULL, '1200311-3', '2020-03-11', 'Techo 2527', NULL, NULL, '8001012023', '-76,475250', '3,447830', '8001012401', '8001012502', '8001012607', 'No', NULL, NULL, 'No', 'No', 'Finalizado, se envio informe al Plan Jarillon de Cali', NULL, NULL, NULL, NULL, NULL, NULL, NULL, NULL, '', NULL, NULL, NULL, NULL, NULL, NULL, NULL, NULL, NULL, NULL, NULL, NULL, NULL, NULL, NULL, NULL, NULL, NULL, NULL, NULL, NULL, NULL, NULL, NULL, NULL, NULL, '2023-08-06 22:56:35.064000', '2023-08-06 22:57:06.530000', '2023-08-06 22:57:06.527000', 1, 1),
(46, 46, 46, '2020', 1143859435, '8001010504', NULL, '2020-03-10', 202041630200000384, '2020-03-16', 4, NULL, 'Plan Jarillon de Cali', 'Nacy Caceres', NULL, NULL, '1200311-4', '2020-03-11', 'Techo 2528', NULL, NULL, '8001012023', '-76,475340', '3,447930', '8001012401', '8001012502', '8001012607', 'No', NULL, NULL, 'No', 'No', 'Finalizado, se envio informe al Plan Jarillon de Cali', NULL, NULL, NULL, NULL, NULL, NULL, NULL, NULL, '', NULL, NULL, NULL, NULL, NULL, NULL, NULL, NULL, NULL, NULL, NULL, NULL, NULL, NULL, NULL, NULL, NULL, NULL, NULL, NULL, NULL, NULL, NULL, NULL, NULL, NULL, '2023-08-06 22:56:35.064000', '2023-08-06 22:57:06.530000', '2023-08-06 22:57:06.527000', 1, 1),
(47, 47, 47, '2020', 1143859435, '8001010504', NULL, '2020-03-10', 202041630200000384, '2020-03-16', 4, NULL, 'Plan Jarillon de Cali', 'Isabel Viveros', NULL, NULL, '1200311-5', '2020-03-11', 'Techo 2533', NULL, NULL, '8001012023', '-76,475337', '3,448110', '8001012401', '8001012502', '8001012607', 'No', NULL, NULL, 'No', 'No', 'Finalizado, se envio informe al Plan Jarillon de Cali', NULL, NULL, NULL, NULL, NULL, NULL, NULL, NULL, '', NULL, NULL, NULL, NULL, NULL, NULL, NULL, NULL, NULL, NULL, NULL, NULL, NULL, NULL, NULL, NULL, NULL, NULL, NULL, NULL, NULL, NULL, NULL, NULL, NULL, NULL, '2023-08-06 22:56:35.064000', '2023-08-06 22:57:06.530000', '2023-08-06 22:57:06.527000', 1, 1),
(48, 48, 48, '2020', 1143859435, '8001010504', NULL, '2020-03-10', 202041630200000384, '2020-03-16', 4, NULL, 'Plan Jarillon de Cali', 'Sonia Angulo', NULL, NULL, '1200311-6', '2020-03-11', 'Techo 2534', NULL, NULL, '8001012023', '-76,475370', '3,448110', '8001012401', '8001012502', '8001012607', 'No', NULL, NULL, 'No', 'No', 'Finalizado, se envio informe al Plan Jarillon de Cali', NULL, NULL, NULL, NULL, NULL, NULL, NULL, NULL, '', NULL, NULL, NULL, NULL, NULL, NULL, NULL, NULL, NULL, NULL, NULL, NULL, NULL, NULL, NULL, NULL, NULL, NULL, NULL, NULL, NULL, NULL, NULL, NULL, NULL, NULL, '2023-08-06 22:56:35.064000', '2023-08-06 22:57:06.530000', '2023-08-06 22:57:06.527000', 1, 1),
(49, 49, 49, '2020', 1143859435, '8001010504', NULL, '2020-03-10', 202041630200000384, '2020-03-16', 4, NULL, 'Plan Jarillon de Cali', 'Alexander Duban', NULL, NULL, '1200311-7', '2020-03-11', 'Techo 2557', NULL, NULL, '8001012023', '-76,475160', '3,448220', '8001012401', '8001012502', '8001012607', 'No', NULL, NULL, 'No', 'No', 'Finalizado, se envio informe al Plan Jarillon de Cali', NULL, NULL, NULL, NULL, NULL, NULL, NULL, NULL, '', NULL, NULL, NULL, NULL, NULL, NULL, NULL, NULL, NULL, NULL, NULL, NULL, NULL, NULL, NULL, NULL, NULL, NULL, NULL, NULL, NULL, NULL, NULL, NULL, NULL, NULL, '2023-08-06 22:56:35.064000', '2023-08-06 22:57:06.530000', '2023-08-06 22:57:06.527000', 1, 1),
(50, 50, 50, '2020', 1143859435, '8001010504', NULL, '2020-03-10', 202041630200000384, '2020-03-16', 4, NULL, 'Plan Jarillon de Cali', 'Rosalba Majin', NULL, NULL, '1200311-8', '2020-03-11', 'Techo 2558', NULL, NULL, '8001012023', '-76,475130', '3,448170', '8001012401', '8001012502', '8001012607', 'No', NULL, NULL, 'No', 'No', 'Finalizado, se envio informe al Plan Jarillon de Cali', NULL, NULL, NULL, NULL, NULL, NULL, NULL, NULL, '', NULL, NULL, NULL, NULL, NULL, NULL, NULL, NULL, NULL, NULL, NULL, NULL, NULL, NULL, NULL, NULL, NULL, NULL, NULL, NULL, NULL, NULL, NULL, NULL, NULL, NULL, '2023-08-06 22:56:35.064000', '2023-08-06 22:57:06.530000', '2023-08-06 22:57:06.527000', 1, 1),
(51, 51, 51, '2020', 1143859435, '8001010504', NULL, '2020-03-10', 202041630200000384, '2020-03-16', 4, NULL, 'Plan Jarillon de Cali', 'Hector Barrios', NULL, NULL, '1200311-9', '2020-03-11', 'Techo 2559', NULL, NULL, '8001012023', '-76,475150', '3,448100', '8001012401', '8001012502', '8001012607', 'No', NULL, NULL, 'No', 'No', 'Finalizado, se envio informe al Plan Jarillon de Cali', NULL, NULL, NULL, NULL, NULL, NULL, NULL, NULL, '', NULL, NULL, NULL, NULL, NULL, NULL, NULL, NULL, NULL, NULL, NULL, NULL, NULL, NULL, NULL, NULL, NULL, NULL, NULL, NULL, NULL, NULL, NULL, NULL, NULL, NULL, '2023-08-06 22:56:35.064000', '2023-08-06 22:57:06.530000', '2023-08-06 22:57:06.527000', 1, 1),
(52, 52, 52, '2020', 1144063314, '8001010504', NULL, '2020-03-10', 202041630200000384, '2020-03-16', 4, NULL, 'Plan Jarillon de Cali', 'Paola Malaba', NULL, NULL, '2200311-1', '2020-03-11', 'Techo 2560', NULL, NULL, '8001012023', '-76,474910', '3,448220', '8001012401', '8001012502', '8001012607', 'No', NULL, NULL, 'Si', 'No', 'Finalizado, se envio informe al Plan Jarillon de Cali, traslado Secretaria de Bienestar Social y traslado Secretaria de Vivienda Social y Habitat', NULL, NULL, NULL, 7, '202041630200000394', NULL, NULL, 5, '202041630200000404', NULL, NULL, NULL, NULL, NULL, NULL, NULL, NULL, NULL, NULL, NULL, NULL, NULL, NULL, NULL, NULL, NULL, NULL, NULL, NULL, NULL, NULL, NULL, NULL, NULL, NULL, '2023-08-06 22:56:35.064000', '2023-08-06 22:57:06.530000', '2023-08-06 22:57:06.527000', 1, 1),
(53, 53, 53, '2020', 1144063314, '8001010504', NULL, '2020-03-10', 202041630200000384, '2020-03-16', 4, NULL, 'Plan Jarillon de Cali', 'Aura Leonor Amu', NULL, NULL, '2200311-2', '2020-03-11', 'Techo 2561', NULL, NULL, '8001012023', '-76,475110', '3,448210', '8001012401', '8001012502', '8001012607', 'No', NULL, NULL, 'No', 'No', 'Finalizado, se envio informe al Plan Jarillon de Cali', NULL, NULL, NULL, NULL, NULL, NULL, NULL, NULL, '', NULL, NULL, NULL, NULL, NULL, NULL, NULL, NULL, NULL, NULL, NULL, NULL, NULL, NULL, NULL, NULL, NULL, NULL, NULL, NULL, NULL, NULL, NULL, NULL, NULL, NULL, '2023-08-06 22:56:35.064000', '2023-08-06 22:57:06.530000', '2023-08-06 22:57:06.527000', 1, 1),
(54, 54, 54, '2020', 1144063314, '8001010504', NULL, '2020-03-10', 202041630200000384, '2020-03-16', 4, NULL, 'Plan Jarillon de Cali', 'Maria Denis Vivero', NULL, NULL, '2200311-3', '2020-03-11', 'Techo 2564', NULL, NULL, '8001012023', '-76,475080', '3,447930', '8001012401', '8001012502', '8001012607', 'No', NULL, NULL, 'No', 'No', 'Finalizado, se envio informe al Plan Jarillon de Cali', NULL, NULL, NULL, NULL, NULL, NULL, NULL, NULL, '', NULL, NULL, NULL, NULL, NULL, NULL, NULL, NULL, NULL, NULL, NULL, NULL, NULL, NULL, NULL, NULL, NULL, NULL, NULL, NULL, NULL, NULL, NULL, NULL, NULL, NULL, '2023-08-06 22:56:35.064000', '2023-08-06 22:57:06.530000', '2023-08-06 22:57:06.527000', 1, 1),
(55, 55, 55, '2020', 1144063314, '8001010504', NULL, '2020-03-10', 202041630200000384, '2020-03-16', 4, NULL, 'Plan Jarillon de Cali', 'Jackeline Parra Viveros', NULL, NULL, '2200311-4', '2020-03-11', 'Techo 2566', NULL, NULL, '8001012023', '-76,475040', '3,447770', '8001012401', '8001012502', '8001012607', 'No', NULL, NULL, 'No', 'No', 'Finalizado, se envio informe al Plan Jarillon de Cali', NULL, NULL, NULL, NULL, NULL, NULL, NULL, NULL, '', NULL, NULL, NULL, NULL, NULL, NULL, NULL, NULL, NULL, NULL, NULL, NULL, NULL, NULL, NULL, NULL, NULL, NULL, NULL, NULL, NULL, NULL, NULL, NULL, NULL, NULL, '2023-08-06 22:56:35.064000', '2023-08-06 22:57:06.530000', '2023-08-06 22:57:06.527000', 1, 1),
(56, 56, 56, '2020', 1144063314, '8001010504', NULL, '2020-03-10', 202041630200000384, '2020-03-16', 4, NULL, 'Plan Jarillon de Cali', 'Norvey Valencia', NULL, NULL, '2200311-5', '2020-03-11', 'Techo 2571', NULL, NULL, '8001012023', '-76,475110', '3,448100', '8001012401', '8001012502', '8001012607', 'No', NULL, NULL, 'No', 'No', 'Finalizado, se envio informe al Plan Jarillon de Cali', NULL, NULL, NULL, NULL, NULL, NULL, NULL, NULL, '', NULL, NULL, NULL, NULL, NULL, NULL, NULL, NULL, NULL, NULL, NULL, NULL, NULL, NULL, NULL, NULL, NULL, NULL, NULL, NULL, NULL, NULL, NULL, NULL, NULL, NULL, '2023-08-06 22:56:35.064000', '2023-08-06 22:57:06.530000', '2023-08-06 22:57:06.527000', 1, 1),
(57, 57, 57, '2020', 1144063314, '8001010504', NULL, '2020-03-10', 202041630200000384, '2020-03-16', 4, NULL, 'Plan Jarillon de Cali', 'Absalon Vasquez', NULL, NULL, '2200311-6', '2020-03-11', 'Techo 2573', NULL, NULL, '8001012023', '-76,475150', '3,447930', '8001012401', '8001012502', '8001012607', 'No', NULL, NULL, 'No', 'No', 'Finalizado, se envio informe al Plan Jarillon de Cali', NULL, NULL, NULL, NULL, NULL, NULL, NULL, NULL, '', NULL, NULL, NULL, NULL, NULL, NULL, NULL, NULL, NULL, NULL, NULL, NULL, NULL, NULL, NULL, NULL, NULL, NULL, NULL, NULL, NULL, NULL, NULL, NULL, NULL, NULL, '2023-08-06 22:56:35.064000', '2023-08-06 22:57:06.530000', '2023-08-06 22:57:06.527000', 1, 1),
(58, 58, 58, '2020', 1144063314, '8001010504', NULL, '2020-03-10', 202041630200000384, '2020-03-16', 4, NULL, 'Plan Jarillon de Cali', 'Ligia Panameño', NULL, NULL, '2200311-7', '2020-03-11', 'Techo 2576', NULL, NULL, '8001012023', '-76,475030', '3,448170', '8001012401', '8001012502', '8001012607', 'No', NULL, NULL, 'No', 'No', 'Finalizado, se envio informe al Plan Jarillon de Cali', NULL, NULL, NULL, NULL, NULL, NULL, NULL, NULL, '', NULL, NULL, NULL, NULL, NULL, NULL, NULL, NULL, NULL, NULL, NULL, NULL, NULL, NULL, NULL, NULL, NULL, NULL, NULL, NULL, NULL, NULL, NULL, NULL, NULL, NULL, '2023-08-06 22:56:35.064000', '2023-08-06 22:57:06.530000', '2023-08-06 22:57:06.527000', 1, 1),
(59, 59, 59, '2020', 1144063314, '8001010504', NULL, '2020-03-10', 202041630200000384, '2020-03-16', 4, NULL, 'Plan Jarillon de Cali', 'Yolanda Mina Galindo', NULL, NULL, '2200311-8', '2020-03-11', 'Techo 2577', NULL, NULL, '8001012023', '-76,475140', '3,448190', '8001012401', '8001012502', '8001012607', 'No', NULL, NULL, 'No', 'No', 'Finalizado, se envio informe al Plan Jarillon de Cali', NULL, NULL, NULL, NULL, NULL, NULL, NULL, NULL, '', NULL, NULL, NULL, NULL, NULL, NULL, NULL, NULL, NULL, NULL, NULL, NULL, NULL, NULL, NULL, NULL, NULL, NULL, NULL, NULL, NULL, NULL, NULL, NULL, NULL, NULL, '2023-08-06 22:56:35.064000', '2023-08-06 22:57:06.530000', '2023-08-06 22:57:06.527000', 1, 1),
(60, 60, 60, '2020', 1144063314, '8001010504', NULL, '2020-03-10', 202041630200000384, '2020-03-16', 4, NULL, 'Plan Jarillon de Cali', 'Hector Angulo', NULL, NULL, '2200311-9', '2020-03-11', 'Techo 2578', NULL, NULL, '8001012023', '-76,475050', '3,448370', '8001012401', '8001012502', '8001012607', 'No', NULL, NULL, 'No', 'No', 'Finalizado, se envio informe al Plan Jarillon de Cali', NULL, NULL, NULL, NULL, NULL, NULL, NULL, NULL, '', NULL, NULL, NULL, NULL, NULL, NULL, NULL, NULL, NULL, NULL, NULL, NULL, NULL, NULL, NULL, NULL, NULL, NULL, NULL, NULL, NULL, NULL, NULL, NULL, NULL, NULL, '2023-08-06 22:56:35.064000', '2023-08-06 22:57:06.530000', '2023-08-06 22:57:06.527000', 1, 1),
(61, 61, 61, '2020', 1143859435, '8001010503', NULL, '2020-03-13', 202041630200000414, '2020-03-16', 1, NULL, 'Ruben Estrada', 'Ruben Estrada', NULL, NULL, '1200313-1', '2020-03-13', 'C 6d Oeste No B44-49', '2003', '8001012020', NULL, '-76,557320', '3,430110', '8001012401', '8001012502', '8001012604', 'Si', NULL, NULL, 'Si', 'No', 'Finalizado, se envio informe a Secretaria de Infraestructura, traslado Secretaria de Seguridad y Justicia, traslado Secretaria de Vivienda Social y Habitat y traslado EMCALI', NULL, NULL, NULL, 6, '202041630200000434', NULL, NULL, 5, '202041630200000424', NULL, NULL, 10, '202041630200000431', NULL, NULL, NULL, NULL, NULL, NULL, NULL, NULL, NULL, NULL, NULL, NULL, NULL, NULL, NULL, NULL, NULL, NULL, NULL, NULL, NULL, NULL, '2023-08-06 22:56:35.064000', '2023-08-06 22:57:06.530000', '2023-08-06 22:57:06.527000', 1, 1),
(62, 62, 62, '2020', 1130622754, '8001010503', NULL, '2020-03-13', 202041630200000414, '2020-03-16', 1, NULL, 'Mercedes Uni\n\n', 'Mercedes Uni\n\n', NULL, NULL, '11200313-1', '2020-03-13', 'C 6c Oeste No 49A-21', '2003', '8001012020', NULL, '-76,553950', '3,418480', '8001012401', '8001012502', '8001012604', 'Si', NULL, NULL, 'Si', 'No', 'Finalizado, se envio informe a Secretaria de Infraestructura, traslado Secretaria de Seguridad y Justicia, traslado Secretaria de Vivienda Social y Habitat y traslado EMCALI', NULL, NULL, NULL, 6, '202041630200000434', NULL, NULL, 5, '202041630200000424', NULL, NULL, 10, '202041630200000431', NULL, NULL, NULL, NULL, NULL, NULL, NULL, NULL, NULL, NULL, NULL, NULL, NULL, NULL, NULL, NULL, NULL, NULL, NULL, NULL, NULL, NULL, '2023-08-06 22:56:35.064000', '2023-08-06 22:57:06.530000', '2023-08-06 22:57:06.527000', 1, 1);
INSERT INTO `historicosk` (`id`, `VcrId`, `VcrCodHis`, `Vcrano`, `VcrIdSerP`, `VcrIdSol`, `VcrRadSol`, `VcrFecSol`, `VcrRadRes`, `VcrFecRad`, `VcrDiaResp`, `VcrIdRie`, `VcrEntSol`, `VcrNomAti`, `VcrNoIde`, `VcrCel`, `VcrCodForm`, `VcrFecVis`, `VcrDir`, `VcrIdBarVe`, `VcrIdCom`, `VcrIdCorr`, `VcrLon`, `VcrLat`, `VcrIdMot`, `VcrIdFen`, `VcrIdCar`, `VcrAyuHum`, `VcrPerHer`, `VcrPerFall`, `VcrTraCas`, `VcrCop`, `VcrEstTra`, `VcrObsHis`, `VcrUbiInf`, `VcrResInf`, `VcrIdTra1`, `VcrRadTra1`, `VcrFecTra1`, `VcrResTra1`, `VcrIdTra2`, `VcrRadTra2`, `VcrFecTra2`, `VcrResTra2`, `VcrIdTra3`, `VcrRadTra3`, `VcrFecTra3`, `VcrResTra3`, `VcrIdTra4`, `VcrRadTra4`, `VcrFecTra4`, `VcrResTra4`, `VcrIdTra5`, `VcrRadTra5`, `VcrFecTra5`, `VcrResTra5`, `VcrIdTra6`, `VcrRadTra6`, `VcrIdTra7`, `VcrRadTra7`, `VcrIdTra8`, `VcrRadTra8`, `VcrdTra2`, `field4`, `VcrI`, `field6`, `field5`, `VcrDirNom`, `created_at`, `updated_at`, `published_at`, `created_by_id`, `updated_by_id`) VALUES
(63, 63, 63, '2020', 1144063314, '8001010503', NULL, '2020-03-13', 202041630200000414, '2020-03-16', 1, NULL, 'Julieth Flores García', 'Julieth Flores García', NULL, NULL, '2200313-1', '2020-03-13', 'C 6d Oeste No 49-34', '2003', '8001012020', NULL, '-76,557320', '3,430110', '8001012401', '8001012502', '8001012604', 'Si', NULL, NULL, 'Si', 'No', 'Finalizado, se envio informe a Secretaria de Infraestructura, traslado Secretaria de Seguridad y Justicia, traslado Secretaria de Vivienda Social y Habitat y traslado EMCALI', NULL, NULL, NULL, 6, '202041630200000434', NULL, NULL, 5, '202041630200000424', NULL, NULL, 10, '202041630200000431', NULL, NULL, NULL, NULL, NULL, NULL, NULL, NULL, NULL, NULL, NULL, NULL, NULL, NULL, NULL, NULL, NULL, NULL, NULL, NULL, NULL, NULL, '2023-08-06 22:56:35.064000', '2023-08-06 22:57:06.530000', '2023-08-06 22:57:06.527000', 1, 1),
(64, 64, 64, '2020', 1144063314, '8001010503', '202041730100304522', '2020-03-09', 202041630100001771, '2020-03-19', 8, NULL, 'Yesica Montoya Laserna', 'Yesica Montoya Laserna', NULL, NULL, '2200310-1', '2020-03-10', 'Sector Colinas', '296', '02', NULL, '-76,536990', '3,492110', '8001012403', '8001012503', '8001012607', 'Si', NULL, NULL, 'Si', 'No', 'Finalizado, se envio informe a peticionario, traslado Secretaria de Bienestar Social y traslado Secretaria de Vivienda Social y Habitat', NULL, NULL, NULL, 7, '202041630100000894', NULL, NULL, 5, '202041630100000884', NULL, NULL, NULL, NULL, NULL, NULL, NULL, NULL, NULL, NULL, NULL, NULL, NULL, NULL, NULL, NULL, NULL, NULL, NULL, NULL, NULL, NULL, NULL, NULL, NULL, NULL, '2023-08-06 22:56:35.064000', '2023-08-06 22:57:06.530000', '2023-08-06 22:57:06.527000', 1, 1),
(65, 65, 65, '2020', 1151936630, '8001010503', '202041630100001421', '2020-02-25', 202041630100001421, '2020-03-11', 8, NULL, 'CVC - Diego Luis Hurtado Anzares', 'Hilda Solarte', NULL, NULL, '9200305-1', '2020-03-05', 'Corregimiento La Castilla - Finca La Estrella', NULL, NULL, '8001012034', '-76,583442', '3,494912', '8001012403', '8001012502', '8001012605', 'No', NULL, NULL, 'Si', 'No', 'Finalizado, se envio informe a peticionario, traslado Secretaria deSeguridad y Justicia, traslado Secretaria de Vivienda Social y Habitat y el Departamento Administrativo de Planeacion Municipal', NULL, NULL, NULL, 6, '202041630100000704', NULL, NULL, 5, '202041630100000694', NULL, NULL, 31, '202041630100000714', NULL, NULL, NULL, NULL, NULL, NULL, NULL, NULL, NULL, NULL, NULL, NULL, NULL, NULL, NULL, NULL, NULL, NULL, NULL, NULL, NULL, NULL, '2023-08-06 22:56:35.064000', '2023-08-06 22:57:06.530000', '2023-08-06 22:57:06.527000', 1, 1),
(66, 66, 66, '2020', 1151936630, '8001010503', '202041630200000381', '2020-02-22', 202041730100239072, '2020-03-06', 10, NULL, 'Ricardo Antonio Lizalda Ocampo', 'Ricardo Antonio Lizalda Ocampo', NULL, NULL, '9200306-1', '2020-03-06', 'Av 9 No 27-05', '210', '8001012002', NULL, '-76,731111', '3,471388', '8001012403', '8001012502', '8001012602', 'No', NULL, NULL, 'Si', 'No', 'Finalizado, se envio informe a peticionario, traslado a EMCALI', NULL, NULL, NULL, 10, '202041630200000391', NULL, NULL, NULL, '', NULL, NULL, NULL, NULL, NULL, NULL, NULL, NULL, NULL, NULL, NULL, NULL, NULL, NULL, NULL, NULL, NULL, NULL, NULL, NULL, NULL, NULL, NULL, NULL, NULL, NULL, '2023-08-06 22:56:35.064000', '2023-08-06 22:57:06.530000', '2023-08-06 22:57:06.527000', 1, 1),
(67, 67, 67, '2020', 1151936630, '8001010503', NULL, '2020-03-14', 202041630200000461, '2020-03-18', 3, NULL, 'JAL', 'Habitantes - Conjunto Residencial Altos de Santa H', NULL, NULL, '9200314-1', '2020-03-14', 'C 1Bis Oeste No 100A Bis', NULL, '8001012018', NULL, '-76,555555', '3,368694', '8001012401', '8001012502', '8001012602', 'No', NULL, NULL, 'Si', 'No', 'Finalizado, se envio informe a EMCALI y traslado a Vivienda', NULL, NULL, NULL, 5, '202041630200000504', NULL, NULL, NULL, '', NULL, NULL, NULL, NULL, NULL, NULL, NULL, NULL, NULL, NULL, NULL, NULL, NULL, NULL, NULL, NULL, NULL, NULL, NULL, NULL, NULL, NULL, NULL, NULL, NULL, NULL, '2023-08-06 22:56:35.064000', '2023-08-06 22:57:06.530000', '2023-08-06 22:57:06.527000', 1, 1),
(68, 68, 68, '2020', 1151936630, '8001010503', '202041730100241052', '2020-02-25', 202041630200000451, '2020-03-09', 11, NULL, 'Monica Patricia Medina Gutierrez', 'Monica Patricia Medina Gutierrez', NULL, NULL, '9200309-1', '2020-03-09', 'C 7 No 14A-106', '306', '8001012003', NULL, '-76,535109', '3,441431', '8001012403', '8001012502', '8001012607', 'No', NULL, NULL, 'Si', 'No', 'Finalizado, se envio informe a peticionario, traslado a la Secertaria de Educacion', NULL, NULL, NULL, 21, '202041630200000474', NULL, NULL, NULL, '', NULL, NULL, NULL, NULL, NULL, NULL, NULL, NULL, NULL, NULL, NULL, NULL, NULL, NULL, NULL, NULL, NULL, NULL, NULL, NULL, NULL, NULL, NULL, NULL, NULL, NULL, '2023-08-06 22:56:35.064000', '2023-08-06 22:57:06.530000', '2023-08-06 22:57:06.527000', 1, 1),
(69, 69, 69, '2020', 1151936630, '8001010503', NULL, '2020-03-11', 202041630010002064, '2020-03-11', 1, NULL, NULL, NULL, NULL, NULL, '9200311-1', '2020-03-11', 'Av 4 Oeste C 6', '201', '8001012002', NULL, '-76,548119', '3,454809', '8001012403', '8001012502', '8001012607', 'No', NULL, NULL, 'No', 'No', 'Finalizado, se envio informe a Secretaria de Infraestructura', NULL, NULL, NULL, NULL, NULL, NULL, NULL, NULL, '', NULL, NULL, NULL, NULL, NULL, NULL, NULL, NULL, NULL, NULL, NULL, NULL, NULL, NULL, NULL, NULL, NULL, NULL, NULL, NULL, NULL, NULL, NULL, NULL, NULL, NULL, '2023-08-06 22:56:35.064000', '2023-08-06 22:57:06.530000', '2023-08-06 22:57:06.527000', 1, 1),
(70, 70, 70, '2020', 1151936630, '8001010503', NULL, '2020-03-16', 202041630010002364, '2020-03-17', 1, NULL, 'Eli Schnaider - PJC', 'Eli Schanider - PJC', NULL, NULL, '9200317-1', '2020-03-17', 'C 73 Diagonal 26F', '1313', '8001012013', NULL, '-76,484230', '3,436259', '8001012403', '8001012502', '8001012602', 'No', NULL, NULL, 'No', 'No', 'Finalizado, se envio informe a la gerencia del Plan Jarillón de Cali', NULL, NULL, NULL, NULL, NULL, NULL, NULL, NULL, '', NULL, NULL, NULL, NULL, NULL, NULL, NULL, NULL, NULL, NULL, NULL, NULL, NULL, NULL, NULL, NULL, NULL, NULL, NULL, NULL, NULL, NULL, NULL, NULL, NULL, NULL, '2023-08-06 22:56:35.064000', '2023-08-06 22:57:06.530000', '2023-08-06 22:57:06.527000', 1, 1),
(71, 71, 71, '2020', 1144171574, '8001010503', '202041730100295692', '2020-03-06', 202041630200000501, '2020-03-25', 12, NULL, 'Rosa Nelly Moreno', 'Rosa Nelly Moreno', NULL, NULL, '6200318-2', '2020-03-18', 'C 1 oeste No 42D-08', '2003', '8001012020', NULL, '-76,554000', '3,422400', '8001012403', '8001012502', '8001012607', 'Si', NULL, NULL, 'Si', 'No', 'Finalizado, se envio informe por correo a CVC – Corporacion Autonoma Regional del Valle del Cauca', NULL, NULL, NULL, 9, '202041630200000491', NULL, NULL, NULL, '', NULL, NULL, NULL, NULL, NULL, NULL, NULL, NULL, NULL, NULL, NULL, NULL, NULL, NULL, NULL, NULL, NULL, NULL, NULL, NULL, NULL, NULL, NULL, NULL, NULL, NULL, '2023-08-06 22:56:35.064000', '2023-08-06 22:57:06.530000', '2023-08-06 22:57:06.527000', 1, 1),
(72, 72, 72, '2020', 1144171574, '8001010503', '202041730100286892', '2020-03-05', 202041630200000471, '2020-03-20', 13, NULL, 'Anonimo', 'Ninguna', NULL, NULL, '6200318-1', '2020-03-18', 'C 10 oeste No 38-286', '1983', '8001012019', NULL, '-76,554000', '3,430600', '8001012403', '8001012502', '8001012602', 'No', NULL, NULL, 'Si', 'No', 'Finalizado, se envio informe a IVC y DAGMA', NULL, NULL, NULL, 13, '202041630200000524', NULL, NULL, 11, '202041630200000534', NULL, NULL, NULL, NULL, NULL, NULL, NULL, NULL, NULL, NULL, NULL, NULL, NULL, NULL, NULL, NULL, NULL, NULL, NULL, NULL, NULL, NULL, NULL, NULL, NULL, NULL, '2023-08-06 22:56:35.064000', '2023-08-06 22:57:06.530000', '2023-08-06 22:57:06.527000', 1, 1),
(73, 73, 73, '2020', 1143853077, '8001010503', '202041730100220262', '2020-02-20', 202041630100000811, '2020-03-03', 7, NULL, 'Edil Jhon Jaramillo', 'Edil Jhon Jaramillo', NULL, NULL, '10200303-1', '2020-03-03', 'Callejon Yanet', NULL, NULL, '8001012026', '-76,574270', '3,396140', '8001012403', '8001012501', '8001012605', 'No', NULL, NULL, 'Si', 'No', 'Finalizado, se envio informe a peticionario, traslado a CVC – Corporacion Autonoma Regional del Valle del Cauca y Secretaria de Infraestructura', NULL, NULL, NULL, 9, '202041630100000861', NULL, NULL, 4, '202041630100000554', NULL, NULL, NULL, NULL, NULL, NULL, NULL, NULL, NULL, NULL, NULL, NULL, NULL, NULL, NULL, NULL, NULL, NULL, NULL, NULL, NULL, NULL, NULL, NULL, NULL, NULL, '2023-08-06 22:56:35.064000', '2023-08-06 22:57:06.530000', '2023-08-06 22:57:06.527000', 1, 1),
(74, 74, 74, '2020', 1130622754, '8001010503', NULL, '2020-03-14', 202041630200000554, '2020-03-24', 18, NULL, 'JAL', 'Ana Rita Flores', NULL, NULL, '11200314-1', '2020-03-14', 'C 1Bis Oeste No 100A Bis', NULL, '8001012018', NULL, '-76,331072', '3,221000', '8001012401', '8001012502', '8001012605', 'No', NULL, NULL, 'Si', 'No', 'En proceso, se envio informe y traslados para revisión y firma', NULL, NULL, NULL, 4, '202041630200000554', NULL, NULL, 5, '202041630100000564', NULL, NULL, NULL, NULL, NULL, NULL, NULL, NULL, NULL, NULL, NULL, NULL, NULL, NULL, NULL, NULL, NULL, NULL, NULL, NULL, NULL, NULL, NULL, NULL, NULL, NULL, '2023-08-06 22:56:35.064000', '2023-08-06 22:57:06.530000', '2023-08-06 22:57:06.527000', 1, 1),
(75, 75, 75, '2020', 36861950, '8001010503', NULL, '2020-03-13', 202041630100000644, '2020-03-31', 9, NULL, 'Edison Villano', 'Edison Villano', NULL, NULL, NULL, '2020-03-14', 'C 3 Oeste No 42b-21', '2003', '8001012020', NULL, '-76,554546', '3,423134', '8001012403', '8001012502', '8001012607', 'No', NULL, NULL, 'Si', 'No', 'Finalizado, se envio informe de emergencia a Secretaria de Vivienda Social y Habitat', NULL, NULL, NULL, 5, '202041630100000644', NULL, NULL, NULL, '', NULL, NULL, NULL, NULL, NULL, NULL, NULL, NULL, NULL, NULL, NULL, NULL, NULL, NULL, NULL, NULL, NULL, NULL, NULL, NULL, NULL, NULL, NULL, NULL, NULL, NULL, '2023-08-06 22:56:35.064000', '2023-08-06 22:57:06.530000', '2023-08-06 22:57:06.527000', 1, 1),
(76, 76, 76, '2020', 111111, '8001010503', '202041730100142482', '2020-02-05', 202041630100001931, '2020-04-03', 32, NULL, 'Jaime Montoya', 'Andres Montoya', NULL, NULL, '5200313-1', '2020-03-13', 'Av 8N No 23n-26', NULL, NULL, NULL, '-76,532174', '3,464171', '8001012403', '8001012504', '8001012607', 'No', NULL, NULL, 'SI', 'No', 'Finalizado, se envio informe a peticionario y traslado a Subsecretaria de Acceso a Servicios de Justicia', NULL, NULL, NULL, 23, NULL, NULL, NULL, NULL, '', NULL, NULL, NULL, NULL, NULL, NULL, NULL, NULL, NULL, NULL, NULL, NULL, NULL, NULL, NULL, NULL, NULL, NULL, NULL, NULL, NULL, NULL, NULL, NULL, NULL, NULL, '2023-08-06 22:56:35.064000', '2023-08-06 22:57:06.530000', '2023-08-06 22:57:06.527000', 1, 1),
(77, 77, 77, '2020', 1144171574, '8001010503', NULL, '2020-04-23', 202041630200000694, '2020-04-23', 2, NULL, 'Herilda Franco', 'Herilda Franco', NULL, NULL, '6200419-1', '2020-04-19', 'C 83 No 28f-88', '1598', '8001012015', NULL, '-76,490620', '3,413415', '8001012401', '8001012504', '8001012612', 'Si', NULL, NULL, 'Si', 'No', 'Finalizado, se envio informe Secretaria de Vivienda Social y Habitat', NULL, NULL, NULL, 5, '2020416302000000694', NULL, NULL, NULL, '', NULL, NULL, NULL, NULL, NULL, NULL, NULL, NULL, NULL, NULL, NULL, NULL, NULL, NULL, NULL, NULL, NULL, NULL, NULL, NULL, NULL, NULL, NULL, NULL, NULL, NULL, '2023-08-06 22:56:35.064000', '2023-08-06 22:57:06.530000', '2023-08-06 22:57:06.527000', 1, 1),
(78, 78, 78, '2020', 36861950, '8001010503', '202041610100007264', '2020-03-30', 202041630100001124, '2020-04-30', 21, NULL, 'Esthephany Arias Jimenez', NULL, NULL, NULL, NULL, '2020-04-28', '', NULL, NULL, '8001012023', 'ugua', '3,411110', '8001012403', '8001012503', '8001012610', 'No', NULL, NULL, 'No', 'No', 'Finalizado, se envio informe a peticionario', NULL, NULL, NULL, NULL, NULL, NULL, NULL, NULL, '', NULL, NULL, NULL, NULL, NULL, NULL, NULL, NULL, NULL, NULL, NULL, NULL, NULL, NULL, NULL, NULL, NULL, NULL, NULL, NULL, NULL, NULL, NULL, NULL, NULL, NULL, '2023-08-06 22:56:35.064000', '2023-08-06 22:57:06.530000', '2023-08-06 22:57:06.527000', 1, 1),
(79, 79, 79, '2020', 1053768233, '8001010504', NULL, '2020-05-18', 202041630100001244, '2020-05-21', 3, NULL, 'Secretaria de Vivienda Social y Habitat', NULL, NULL, NULL, '4200519-1', '2020-05-19', 'K 38 2 Oeste', '2003', '8001012020', NULL, '-76,556888', '3,425754', '8001012401', '8001012502', '8001012605', 'No', NULL, NULL, 'Si', 'No', 'Finalizado, se envio informe a Unidad Administrativa Especial de Gestion de Bienes y Servicios, Unidad Administrativa Especial de Servicios Publicos Municipales y Secretaria de Seguridad y Justicia', NULL, NULL, NULL, 24, '202041630100001224', NULL, NULL, 17, '202041630100001234', NULL, NULL, 6, '202041630100001214', NULL, NULL, NULL, NULL, NULL, NULL, NULL, NULL, NULL, NULL, NULL, NULL, NULL, NULL, NULL, NULL, NULL, NULL, NULL, NULL, NULL, NULL, '2023-08-06 22:56:35.064000', '2023-08-06 22:57:06.530000', '2023-08-06 22:57:06.527000', 1, 1),
(80, 80, 80, '2020', 1053768233, '8001010504', NULL, '2020-05-20', 202041630100001254, '2020-05-21', 1, NULL, 'Yudi Heredia', 'Yudi Heredia', NULL, NULL, '4200520-1', '2020-05-20', 'Sector Hoyo Frio', NULL, NULL, '8001012037', '-76,550650', '3,498920', '8001012401', '8001012502', '8001012605', 'No', NULL, NULL, 'Si', 'No', 'Finalizado, se envio informe a CVC – Corporacion Autonoma Regional del Valle del Cauca', NULL, NULL, NULL, 9, '202041630100002191', NULL, NULL, NULL, '', NULL, NULL, NULL, NULL, NULL, NULL, NULL, NULL, NULL, NULL, NULL, NULL, NULL, NULL, NULL, NULL, NULL, NULL, NULL, NULL, NULL, NULL, NULL, NULL, NULL, NULL, '2023-08-06 22:56:35.064000', '2023-08-06 22:57:06.530000', '2023-08-06 22:57:06.527000', 1, 1),
(81, 81, 81, '2020', 1053768233, '8001010504', NULL, '2020-05-30', 202041630010004324, '2020-06-01', 1, NULL, 'Consorcio via Pance - Nestor Martinez', 'Carlos Carvajal', NULL, NULL, '4200531-1', '2020-05-31', 'Km 2 + 130 al 150 y Km 1 + 770 al 870', NULL, NULL, '8001012025', '-76,583784', '3,332948', '8001012401', '8001012502', '8001012605', 'No', NULL, NULL, 'Si', 'No', 'Finalizado, se envio informe a Secretaria de Infraestructura', NULL, NULL, NULL, 4, '202041630010004324', NULL, NULL, NULL, '', NULL, NULL, NULL, NULL, NULL, NULL, NULL, NULL, NULL, NULL, NULL, NULL, NULL, NULL, NULL, NULL, NULL, NULL, NULL, NULL, NULL, NULL, NULL, NULL, NULL, NULL, '2023-08-06 22:56:35.064000', '2023-08-06 22:57:06.530000', '2023-08-06 22:57:06.527000', 1, 1),
(82, 82, 82, '2020', 1143853077, '8001010503', NULL, '2020-05-14', 202041630100001194, '2020-05-15', 1, NULL, 'Holmes Mosquera', 'Holmes Mosquera', NULL, NULL, '10200514-1', '2020-05-14', 'C 42 con K 8 Norte Puente Peatonal', '413', '8001012004', NULL, '-76,514614', '3,472705', '8001012403', '8001012502', '8001012607', 'No', NULL, NULL, 'Si', 'Si, a John Posso DAGMA', 'Finalizado, se envio informe a peticionario y Secretaria de Infraestructura', NULL, NULL, NULL, 4, '202041630100001194', NULL, NULL, NULL, '', NULL, NULL, NULL, NULL, NULL, NULL, NULL, NULL, NULL, NULL, NULL, NULL, NULL, NULL, NULL, NULL, NULL, NULL, NULL, NULL, NULL, NULL, NULL, NULL, NULL, NULL, '2023-08-06 22:56:35.064000', '2023-08-06 22:57:06.530000', '2023-08-06 22:57:06.527000', 1, 1),
(83, 83, 83, '2020', 1143853077, '8001010503', '202041730100484662', '2020-05-05', 202041730100484662, '2020-05-21', 11, NULL, 'Yudi Heredia', 'Yudi Heredia', NULL, NULL, '10200520-1', '2020-05-20', 'Mina Sector El Hoyo Frío', '', NULL, '8001012037', '-76,552157', '3,501601', '8001012403', '8001012502', '8001012605', 'No', NULL, NULL, 'Si', 'No', 'Finalizado, se envio informe a peticionario, Secretaria de Vivienda Social y Habitat, Secretaria de Seguridad y Justicia, Departamento Administrativo de Planeacion Municipal, Corregidora Golondrinas, Benemerito Cuerpo de Bomberos Voluntarios de Cali y CVC – Corporacion Autonoma Regional del Valle del Cauca', NULL, NULL, NULL, 5, '202041630100001284', NULL, NULL, 6, '202041630100001274', NULL, NULL, 31, '202041630100001264', NULL, NULL, NULL, '202041630100001364', NULL, NULL, 3, '202041630100002281', NULL, NULL, 9, '202041630100002251', NULL, NULL, NULL, NULL, NULL, NULL, NULL, NULL, NULL, NULL, '2023-08-06 22:56:35.064000', '2023-08-06 22:57:06.530000', '2023-08-06 22:57:06.527000', 1, 1),
(84, 84, 84, '2020', 1143853077, '8001010503', '202041610100010484', '2020-05-18', 202041610100010484, '2020-06-01', 8, NULL, 'Corregidora La Leonera', 'Feliz Paez', NULL, NULL, '10200520-2', '2020-05-20', 'Via La Leonera vereda El Pajuil', NULL, NULL, '8001012030', '-76,632126', '3,453954', '8001012403', '8001012502', '8001012605', 'No', NULL, NULL, 'Si', 'No', 'Finalizado, se emvio informe a peticionario, Secretaria de Infraestructura y CVC – Corporacion Autonoma Regional del Valle del Cauca', NULL, NULL, NULL, 4, '202041630100001424', NULL, NULL, 9, '202041630100002331', NULL, NULL, NULL, NULL, NULL, NULL, NULL, NULL, NULL, NULL, NULL, NULL, NULL, NULL, NULL, NULL, NULL, NULL, NULL, NULL, NULL, NULL, NULL, NULL, NULL, NULL, '2023-08-06 22:56:35.064000', '2023-08-06 22:57:06.530000', '2023-08-06 22:57:06.527000', 1, 1),
(85, 85, 85, '2020', 1151936630, '8001010503', '202041730100529692', '2020-05-16', 202041630200000811, '2020-06-08', 22, NULL, 'MARIA NEILA MORA CORDOBA', 'Maria Neila Mora Cordoba', NULL, NULL, '10200527-1', '2020-05-27', 'C 1 No 56-70', NULL, '8001012019', NULL, '-76,556051', '3,407694', '8001012403', '8001012502', '8001012605', 'No', NULL, NULL, 'Si', 'No', 'Finalizado, se envio informe a peticionario y a Secretaria de Infraestructura.', NULL, NULL, NULL, 4, '202041630200000994', NULL, NULL, NULL, '', NULL, NULL, NULL, NULL, NULL, NULL, NULL, NULL, NULL, NULL, NULL, NULL, NULL, NULL, NULL, NULL, NULL, NULL, NULL, NULL, NULL, NULL, NULL, NULL, NULL, NULL, '2023-08-06 22:56:35.064000', '2023-08-06 22:57:06.530000', '2023-08-06 22:57:06.527000', 1, 1),
(86, 86, 86, '2020', 1151936630, '8001010504', '202041610100006044', '2020-05-09', 202041630200000864, '2020-06-01', 21, NULL, 'Corregidora La Castilla', 'Saray Guevara', NULL, NULL, '10200529-1', '2020-05-29', 'Callejon Los Almendros', NULL, NULL, '8001012034', '-76,553857', '3,478413', '8001012403', '8001012502', '8001012607', 'No', NULL, NULL, 'Si', 'No', 'Finalizado, se envio informe a peticionario, Secretaria de Infraestructura y CVC – Corporacion Autonoma Regional del Valle del Cauca', NULL, NULL, NULL, 4, '202041630200000874', NULL, NULL, 9, '202041630200000741', NULL, NULL, NULL, '202041630200000751', NULL, NULL, NULL, NULL, NULL, NULL, NULL, NULL, NULL, NULL, NULL, NULL, NULL, NULL, NULL, NULL, NULL, NULL, NULL, NULL, NULL, NULL, '2023-08-06 22:56:35.064000', '2023-08-06 22:57:06.530000', '2023-08-06 22:57:06.527000', 1, 1),
(87, 87, 87, '2020', 36861950, '8001010503', NULL, '2020-05-07', 202041630100002111, '2020-05-12', 4, NULL, 'gustavo', 'Carmen Saldarriaga', NULL, NULL, NULL, '2020-05-11', 'C 1 A No 5F 73 -11', NULL, '8001012006', NULL, '-76,486150', '3,484963', '8001012403', '8001012503', '8001012607', 'No', NULL, NULL, 'Si', 'No', 'Finalizado, se envìo informe a peticionario, Secretarìa de Infraestructura y EMCALI – Empresas Municipales de Cali', NULL, NULL, NULL, 10, '202041630100002121', NULL, NULL, 4, '202041630100001174', NULL, NULL, NULL, NULL, NULL, NULL, NULL, NULL, NULL, NULL, NULL, NULL, NULL, NULL, NULL, NULL, NULL, NULL, NULL, NULL, NULL, NULL, NULL, NULL, NULL, NULL, '2023-08-06 22:56:35.064000', '2023-08-06 22:57:06.530000', '2023-08-06 22:57:06.527000', 1, 1),
(88, 88, 88, '2020', 36861950, '8001010503', NULL, '2020-03-10', 202041630100002261, '2020-05-26', 48, NULL, 'Leonardo Lozano Lozano', NULL, NULL, NULL, NULL, '2020-05-12', 'C 96 No 48-53', NULL, '8001012017', NULL, '-76,515623', '3,372969', '8001012403', '8001012503', '8001012607', 'No', NULL, NULL, 'No', 'No', 'Finalizado, se envio informe a peticionario', NULL, NULL, NULL, NULL, NULL, NULL, NULL, NULL, '', NULL, NULL, NULL, NULL, NULL, NULL, NULL, NULL, NULL, NULL, NULL, NULL, NULL, NULL, NULL, NULL, NULL, NULL, NULL, NULL, NULL, NULL, NULL, NULL, NULL, NULL, '2023-08-06 22:56:35.064000', '2023-08-06 22:57:06.530000', '2023-08-06 22:57:06.527000', 1, 1),
(89, 89, 89, '2020', 1059695640, '8001010503', '202041610100010474', '2020-05-18', 202041630100001494, '2020-06-08', 14, NULL, 'Diana Maritza Rodriguez', 'Rosalba Ruiz', NULL, NULL, '8200528-1', '2020-05-28', 'Finca la Pitufa. 214 parte baja', NULL, NULL, '8001012035', '-76,545390', '3,452310', '8001012403', '8001012504', '8001012612', 'Si', NULL, NULL, 'Si', 'No', 'Finalizado, Se envio informe a peticionario. Secretaria de Vivienda Social y Habitat y Secretaria de Bienestar Social', NULL, NULL, NULL, 5, '202041630100001494', NULL, NULL, 7, '202041630100001484', NULL, NULL, NULL, NULL, NULL, NULL, NULL, NULL, NULL, NULL, NULL, NULL, NULL, NULL, NULL, NULL, NULL, NULL, NULL, NULL, NULL, NULL, NULL, NULL, NULL, NULL, '2023-08-06 22:56:35.064000', '2023-08-06 22:57:06.530000', '2023-08-06 22:57:06.527000', 1, 1),
(90, 90, 90, '2020', 1059695640, '8001010503', NULL, '2020-05-29', 202041630100001504, '2020-06-08', 6, NULL, 'Alexandra Moneredo', 'Roizon Ortega', NULL, NULL, '8200529-1', '2020-05-29', 'Cabecera La Castilla', NULL, NULL, '8001012034', '-76,576390', '3,493950', '8001012403', '8001012502', '8001012605', 'No', NULL, NULL, 'No', 'No', 'Finalizado, se envio informe a peticionario', NULL, NULL, NULL, NULL, NULL, NULL, NULL, NULL, '', NULL, NULL, NULL, NULL, NULL, NULL, NULL, NULL, NULL, NULL, NULL, NULL, NULL, NULL, NULL, NULL, NULL, NULL, NULL, NULL, NULL, NULL, NULL, NULL, NULL, NULL, '2023-08-06 22:56:35.064000', '2023-08-06 22:57:06.530000', '2023-08-06 22:57:06.527000', 1, 1),
(91, 91, 91, '2020', 1144063314, '8001010503', NULL, '2020-05-27', 202041630200000834, '2020-06-01', 3, NULL, 'Plan Jarillon de Cali', 'Ana Zoraida Gonzales', NULL, NULL, '2200527-1', '2020-05-27', 'C 72I No 26I-44', NULL, '8001012013', NULL, '-76,491820', '3,428880', '8001012401', '8001012502', '8001012607', 'Si', NULL, NULL, 'Si', 'No', 'Finalizado, se envio informe a peticionario, Secretaria de Vivienda Social y Habitat y Secretaria de Bienestar Social', NULL, NULL, NULL, 5, '202041630200000844', NULL, NULL, 7, '202041630200000854', NULL, NULL, NULL, NULL, NULL, NULL, NULL, NULL, NULL, NULL, NULL, NULL, NULL, NULL, NULL, NULL, NULL, NULL, NULL, NULL, NULL, NULL, NULL, NULL, NULL, NULL, '2023-08-06 22:56:35.064000', '2023-08-06 22:57:06.530000', '2023-08-06 22:57:06.527000', 1, 1),
(92, 92, 92, '2020', 1130622754, '8001010503', '202041730100544382', '2020-05-20', NULL, NULL, NULL, NULL, 'Clara Marlen Cante Fula', 'Clara Marlen Cante Fula', NULL, NULL, '11200527-1', '2020-05-27', 'K 38A 3 No 55A-03', '1504', '8001012015', NULL, '-76,497077', '3,408039', '8001012403', '8001012503', '8001012610', 'No', NULL, NULL, 'Si', 'No', 'En proceso', NULL, NULL, NULL, 6, NULL, NULL, NULL, 31, NULL, NULL, NULL, NULL, NULL, NULL, NULL, NULL, NULL, NULL, NULL, NULL, NULL, NULL, NULL, NULL, NULL, NULL, NULL, NULL, NULL, NULL, NULL, NULL, NULL, NULL, NULL, '2023-08-06 22:56:35.064000', '2023-08-06 22:57:06.530000', '2023-08-06 22:57:06.527000', 1, 1),
(93, 93, 93, '2020', 111111, '8001010503', '201941730101486172', '2019-10-01', 202041630100002421, '2020-06-11', NULL, NULL, NULL, 'Viviana Andrea Girarldo', NULL, NULL, '5200611-1', '2020-05-29', 'K 76 B1 Oeste No 4a-34', '1803', NULL, NULL, '-76,562732', '3,388753', '8001012403', '8001012506', '8001012605', 'No', NULL, NULL, 'No', 'No', 'Finalizado, se envio informe a peticionario', NULL, NULL, NULL, NULL, NULL, NULL, NULL, NULL, '', NULL, NULL, NULL, NULL, NULL, NULL, NULL, NULL, NULL, NULL, NULL, NULL, NULL, NULL, NULL, NULL, NULL, NULL, NULL, NULL, NULL, NULL, NULL, NULL, NULL, NULL, '2023-08-06 22:56:35.064000', '2023-08-06 22:57:06.530000', '2023-08-06 22:57:06.527000', 1, 1),
(94, 94, 94, '2020', 1143859435, '8001010503', '202041730100311612', '2020-03-10', 202041630200000571, '2020-03-30', 20, NULL, 'Maria Elvita Jimenez', 'Maria Elvita Jimenez', NULL, NULL, '1200527-1', '2020-05-27', 'K 26O No 118-04', '1403', '8001012013', NULL, '-76,468953', '3,421044', '8001012403', '8001012502', '8001012602', 'No', NULL, NULL, 'Si', 'No', 'Finalizado, se envio informe a peticionario y Secretaria de Vivienda Social y Habitat', NULL, NULL, NULL, 5, '202041630200000794', NULL, NULL, NULL, '', NULL, NULL, NULL, NULL, NULL, NULL, NULL, NULL, NULL, NULL, NULL, NULL, NULL, NULL, NULL, NULL, NULL, NULL, NULL, NULL, NULL, NULL, NULL, NULL, NULL, NULL, '2023-08-06 22:56:35.064000', '2023-08-06 22:57:06.530000', '2023-08-06 22:57:06.527000', 1, 1),
(95, 95, 95, '2020', 1143859435, '8001010504', '202041730200000694', '2020-03-17', 202041630200000824, '2020-06-01', 53, NULL, 'Juan Manuel Chicango', 'Juan Manuel Chicango', NULL, NULL, '1200527-2', '2020-05-27', 'C 38 K41H-02', '1603', '8001012016', NULL, '-76,512890', '3,413220', '8001012403', '8001012502', '8001012607', 'No', NULL, NULL, 'No', 'No', 'Finalizado, se envio informe a peticionario', NULL, NULL, NULL, NULL, NULL, NULL, NULL, NULL, '', NULL, NULL, NULL, NULL, NULL, NULL, NULL, NULL, NULL, NULL, NULL, NULL, NULL, NULL, NULL, NULL, NULL, NULL, NULL, NULL, NULL, NULL, NULL, NULL, NULL, NULL, '2023-08-06 22:56:35.064000', '2023-08-06 22:57:06.530000', '2023-08-06 22:57:06.527000', 1, 1),
(96, 96, 96, '2020', 1143859435, '8001010504', NULL, '2020-06-02', 202041630200000914, '2020-06-03', 1, NULL, 'Amparo Portillo', 'Ericka Naranjo Martinez', NULL, NULL, '1200602-1', '2020-06-02', 'C 9 Oeste No 50A-58', '2004', '8001012020', NULL, '-76,560271', '3,419652', '8001012401', '8001012502', '8001012605', 'Si', NULL, NULL, 'Si', 'No', 'Finalizado, se envio informe a Subsecretaria de Acceso a Servicios de Justicia, Departamento Administrativo de Gestion del Medio Ambiente y Secretaria de Vivienda Social y Habitat.', NULL, NULL, NULL, 23, '202041630200000914', NULL, NULL, 18, '202041630200000894', NULL, NULL, 5, '202041630200000904', NULL, NULL, NULL, NULL, NULL, NULL, NULL, NULL, NULL, NULL, NULL, NULL, NULL, NULL, NULL, NULL, NULL, NULL, NULL, NULL, NULL, NULL, '2023-08-06 22:56:35.064000', '2023-08-06 22:57:06.530000', '2023-08-06 22:57:06.527000', 1, 1),
(97, 97, 97, '2020', 1144063314, '8001010504', NULL, '2020-06-02', 202041630200000914, '2020-06-03', 1, NULL, 'Amparo Portillo', 'Maria Teresa Roubles', NULL, NULL, '2200602-1', '2020-06-02', 'C 9 Oeste No 50A-52 Apto 01', '2004', '8001012020', NULL, '-76,560390', '3,420190', '8001012401', '8001012502', '8001012605', 'Si', NULL, NULL, 'Si', 'No', 'Finalizado, se envio informe a Subsecretaria de Acceso a Servicios de Justicia, Departamento Administrativo de Gestion del Medio Ambiente y Secretaria de Vivienda Social y Habitat.', NULL, NULL, NULL, 23, '202041630200000914', NULL, NULL, 18, '202041630200000894', NULL, NULL, 5, '202041630200000904', NULL, NULL, NULL, NULL, NULL, NULL, NULL, NULL, NULL, NULL, NULL, NULL, NULL, NULL, NULL, NULL, NULL, NULL, NULL, NULL, NULL, NULL, '2023-08-06 22:56:35.064000', '2023-08-06 22:57:06.530000', '2023-08-06 22:57:06.527000', 1, 1),
(98, 98, 98, '2020', 1144063314, '8001010504', NULL, '2020-06-02', 202041630200000914, '2020-06-03', 1, NULL, 'Amparo Portillo', 'Arnulfo Bastidas Cardona', NULL, NULL, '2200602-2', '2020-06-02', 'C 9 Oeste No 50A-52 Apto 02', '2004', '8001012020', NULL, '-76,560290', '3,420191', '8001012401', '8001012502', '8001012605', 'Si', NULL, NULL, 'Si', 'No', 'Finalizado, se envio informe a Subsecretaria de Acceso a Servicios de Justicia, Departamento Administrativo de Gestion del Medio Ambiente y Secretaria de Vivienda Social y Habitat.', NULL, NULL, NULL, 23, '202041630200000914', NULL, NULL, 18, '202041630200000894', NULL, NULL, 5, '202041630200000904', NULL, NULL, NULL, NULL, NULL, NULL, NULL, NULL, NULL, NULL, NULL, NULL, NULL, NULL, NULL, NULL, NULL, NULL, NULL, NULL, NULL, NULL, '2023-08-06 22:56:35.064000', '2023-08-06 22:57:06.530000', '2023-08-06 22:57:06.527000', 1, 1),
(99, 99, 99, '2020', 1053768233, '8001010504', NULL, '2020-06-02', 202041630200000914, '2020-06-03', 1, NULL, 'Amparo Portillo', 'Amparo Portillo', NULL, NULL, '4200602-1', '2020-06-02', 'C 10 Oeste No 50A-83', '2004', '8001012020', NULL, '-76,560426', '3,419779', '8001012401', '8001012502', '8001012605', 'Si', NULL, NULL, 'Si', 'No', 'Finalizado, se envio informe a Subsecretaria de Acceso a Servicios de Justicia, Departamento Administrativo de Gestion del Medio Ambiente y Secretaria de Vivienda Social y Habitat.', NULL, NULL, NULL, 23, '202041630200000914', NULL, NULL, 18, '202041630200000894', NULL, NULL, 5, '202041630200000904', NULL, NULL, NULL, NULL, NULL, NULL, NULL, NULL, NULL, NULL, NULL, NULL, NULL, NULL, NULL, NULL, NULL, NULL, NULL, NULL, NULL, NULL, '2023-08-06 22:56:35.064000', '2023-08-06 22:57:06.530000', '2023-08-06 22:57:06.527000', 1, 1),
(100, 100, 100, '2020', 1053768233, '8001010504', NULL, '2020-06-02', 202041630200000914, '2020-06-03', 1, NULL, 'Amparo Portillo', 'Yulieth Tatiana Pizo', NULL, NULL, '4200602-2', '2020-06-02', 'C 10 Oeste No 50A-87', '2004', '8001012020', NULL, '-76,560263', '3,419613', '8001012401', '8001012502', '8001012605', 'Si', NULL, NULL, 'Si', 'No', 'Finalizado, se envio informe a Subsecretaria de Acceso a Servicios de Justicia, Departamento Administrativo de Gestion del Medio Ambiente y Secretaria de Vivienda Social y Habitat.', NULL, NULL, NULL, 23, '202041630200000914', NULL, NULL, 18, '202041630200000894', NULL, NULL, 5, '202041630200000904', NULL, NULL, NULL, NULL, NULL, NULL, NULL, NULL, NULL, NULL, NULL, NULL, NULL, NULL, NULL, NULL, NULL, NULL, NULL, NULL, NULL, NULL, '2023-08-06 22:56:35.064000', '2023-08-06 22:57:06.530000', '2023-08-06 22:57:06.527000', 1, 1);

--
-- Volcado de datos para la tabla `historicoskk`
--

INSERT INTO `historicoskk` (`id`, `VcrId`, `vcr_cod_his`, `Vcrano`, `VcrIdSerP`, `VcrIdSol`, `vrc_rad_sol`, `VcrFecSol`, `VcrRadRes`, `VcrFecRad`, `VcrDiaResp`, `VcrIdRie`, `VcrEntSol`, `VcrNomAti`, `VcrNoIde`, `VcrCel`, `VcrCodForm`, `VcrFecVis`, `VcrDir`, `VcrIdBarVe`, `VcrIdCom`, `VcrIdCorr`, `vcr_lon`, `vcr_lat`, `VcrIdMot`, `VcrIdFen`, `VcrIdCar`, `VcrAyuHum`, `VcrPerHer`, `VcrPerFall`, `VcrTraCas`, `VcrCop`, `VcrEstTra`, `VcrObsHis`, `VcrUbiInf`, `VcrResInf`, `VcrIdTra1`, `VcrRadTra1`, `VcrFecTra1`, `VcrResTra1`, `VcrIdTra2`, `VcrRadTra2`, `VcrFecTra2`, `VcrResTra2`, `VcrIdTra3`, `VcrRadTra3`, `VcrFecTra3`, `VcrResTra3`, `VcrIdTra4`, `VcrRadTra4`, `VcrFecTra4`, `VcrResTra4`, `VcrIdTra5`, `VcrRadTra5`, `VcrFecTra5`, `VcrResTra5`, `VcrIdTra6`, `VcrRadTra6`, `VcrIdTra7`, `VcrRadTra7`, `VcrIdTra8`, `VcrRadTra8`, `VcrdTra2`, `field4`, `VcrI`, `field6`, `field5`, `VcrDirNom`, `created_at`, `updated_at`, `published_at`, `created_by_id`, `updated_by_id`) VALUES
(1, 1, '1', '2020', 1143859435, '8001010503', '202041730100026092', '2020-01-10', 202041630200000000, '2020-01-15', 5, NULL, 'Jose Hermel Sanchez Benavidez', 'Jose Hermel Sanchez Benavidez', NULL, NULL, '1200111-1', '2020-01-11', 'K 95A Oeste No 2Bbis-98', '1891', '8001012018', NULL, -76.557901, 3.374703, '8001012403', '8001012502', '8001012605', 'Si', NULL, NULL, 'Si', 'No', 'Finalizado, se envio informe a peticionario y traslado a Secretaria de Vivienda Social y Habitat, Secretaria de Infraestructura, Secretaria de Salud Pública, Secretaria de Seguridad y Justicia y EMCALI – Empresas Municipales de Cali', NULL, NULL, NULL, 1, '202041630200000024', NULL, NULL, 4, '202041630200000014', NULL, NULL, 19, '202041630200000044', NULL, NULL, 6, '202041630200000034', NULL, NULL, 10, '202041630200000081', NULL, NULL, NULL, NULL, NULL, NULL, NULL, NULL, NULL, NULL, NULL, NULL, NULL, NULL, '2023-08-06 22:56:35.064000', '2023-08-06 22:57:06.530000', '2023-08-06 22:57:06.527000', 1, 1),
(2, 2, '2', '2020', 1143859435, '8001010503', '202041730100046482', '2020-01-15', 202041630200000071, '2020-01-28', 9, NULL, 'Francy Edith Gutierrez', 'Francy Edith Gutierrez', NULL, NULL, '1200111-2', '2020-01-11', 'K 95 Oeste No 2 Bis-67', '', '8001012018', NULL, -76.557914, 3.374723, '8001012403', '8001012502', '8001012605', 'Si', NULL, NULL, 'Si', 'No', 'Finalizado, se envio informe a peticionario, y traslado a Unidad Administrativa Especial de Servicios Publicos Municipales.', NULL, NULL, NULL, 17, '202041630200000104', NULL, NULL, NULL, '', NULL, NULL, NULL, NULL, NULL, NULL, NULL, NULL, NULL, NULL, NULL, NULL, NULL, NULL, NULL, NULL, NULL, NULL, NULL, NULL, NULL, NULL, NULL, NULL, NULL, NULL, '2023-08-06 22:56:35.064000', '2023-08-06 22:57:06.530000', '2023-08-06 22:57:06.527000', 1, 1),
(3, 3, '3', '2020', 1143859435, '8001010503', '202041730100027692', '2020-01-10', 202041630200000011, '2020-01-13', 3, NULL, 'Alfonso Narvaez', 'Alfonso Narvaez', NULL, NULL, '1200110-1', '2020-01-13', 'K 45AW No 2-26', '2003', '8001012020', NULL, -76.552222, 3.420001, '8001012403', '8001012502', '8001012605', 'No', NULL, NULL, 'Si', 'No', 'Finalizado, se envio informe a peticionario y traslado a Secretaria de Bienestar Social, Secretaria de Seguridad y Justicia, Secretaria de Vivienda Social y Habitat', NULL, NULL, NULL, 7, '202041630200000074', NULL, NULL, 6, '202041630200000084', NULL, NULL, 5, '202041630200000054', NULL, NULL, 4, '202041630200000064', NULL, NULL, NULL, NULL, NULL, NULL, NULL, NULL, NULL, NULL, NULL, NULL, NULL, NULL, NULL, NULL, NULL, NULL, '2023-08-06 22:56:35.064000', '2023-08-06 22:57:06.530000', '2023-08-06 22:57:06.527000', 1, 1),
(4, 4, '4', '2020', 1143859435, '8001010503', '202041730100027782', '2020-01-10', 202041630200000101, '2020-01-29', 13, NULL, 'Belisario Hormiga', 'Belisario Hormiga', NULL, NULL, '1200110-2', '2020-01-13', 'K 45AW No 2-24', '2003', '8001012020', NULL, -76.552233, 3.420004, '8001012403', '8001012502', '8001012605', 'No', NULL, NULL, 'Si', 'No', 'Finalizado, se envio informe a peticionario y traslado a Secretaria de Bienestar Social, Secretaria de Seguridad y Justicia y Secretaria de Vivienda Social y Habitat', NULL, NULL, NULL, 7, '202041630200000114', NULL, NULL, 6, '202041630200000134', NULL, NULL, 5, '202041630200000144', NULL, NULL, 4, '202041630200000124', NULL, NULL, NULL, NULL, NULL, NULL, NULL, NULL, NULL, NULL, NULL, NULL, NULL, NULL, NULL, NULL, NULL, NULL, '2023-08-06 22:56:35.064000', '2023-08-06 22:57:06.530000', '2023-08-06 22:57:06.527000', 1, 1),
(5, 5, '5', '2020', 1143859435, '8001010503', '202041630200000221', '2020-01-24', 202041630200000221, '2020-01-25', 1, NULL, 'Gloria Tamayo Rojas', 'Gloria Tamayo Rojas', NULL, NULL, '1200124-1', '2020-01-24', 'C41 No 8-74', '816', '8001012008', NULL, -76.506112, 3.454443, '8001012403', '8001012503', '8001012612', 'Si', NULL, NULL, 'Si', 'No', 'Finalizado, se envio informe a peticionario.', NULL, NULL, NULL, 7, '202041630200000194', NULL, NULL, NULL, '', NULL, NULL, NULL, NULL, NULL, NULL, NULL, NULL, NULL, NULL, NULL, NULL, NULL, NULL, NULL, NULL, NULL, NULL, NULL, NULL, NULL, NULL, NULL, NULL, NULL, NULL, '2023-08-06 22:56:35.064000', '2023-08-06 22:57:06.530000', '2023-08-06 22:57:06.527000', 1, 1),
(6, 6, '6', '2020', 1143859435, '8001010503', '202041730100066802', '2020-01-20', 202041630200000141, '2020-02-03', 11, NULL, 'Crisanto Diomedes Rodriguez', 'Crisanto Diomedes Rodriguez', NULL, NULL, '1200124-2', '2020-01-24', 'K 73 Bbis Oeste No 2B-38', '1803', NULL, NULL, -76.558889, 3.390278, '8001012403', '8001012502', '8001012604', 'No', NULL, NULL, 'Si', 'No', 'Finalizado, se envio informe a peticionario y traslado a EMCALI – Empresas Municipales de Cali.', NULL, NULL, NULL, 10, '202041630200000161', NULL, NULL, NULL, '', NULL, NULL, NULL, NULL, NULL, NULL, NULL, NULL, NULL, NULL, NULL, NULL, NULL, NULL, NULL, NULL, NULL, NULL, NULL, NULL, NULL, NULL, NULL, NULL, NULL, NULL, '2023-08-06 22:56:35.064000', '2023-08-06 22:57:06.530000', '2023-08-06 22:57:06.527000', 1, 1),
(7, 7, '7', '2020', 1143859435, '8001010503', '202041730100058262', '2020-01-17', 202041630200000121, '2020-02-03', 14, NULL, 'Carlos Andres Herrera Giron', 'Carlos Andres Herrera Giron', NULL, NULL, '1200124-3', '2020-01-24', 'C 4 Oeste No 73-22', '1803', '8001012018', NULL, -76.560009, 3.390833, '8001012403', '8001012502', '8001012605', 'No', NULL, NULL, 'Si', 'No', 'Finalizado, se envio informe a peticionario y traslado a Secretaria de Infraestructura y Unidad Administrativa Especial de Servicios Publicos Municipales', NULL, NULL, NULL, 4, '202041630200000154', NULL, NULL, 17, '202041630200000164', NULL, NULL, NULL, NULL, NULL, NULL, NULL, NULL, NULL, NULL, NULL, NULL, NULL, NULL, NULL, NULL, NULL, NULL, NULL, NULL, NULL, NULL, NULL, NULL, NULL, NULL, '2023-08-06 22:56:35.064000', '2023-08-06 22:57:06.530000', '2023-08-06 22:57:06.527000', 1, 1),
(8, 8, '8', '2020', 16598081, '8001010503', '202041730100031162', '2020-01-10', 202041630100000201, '2020-01-28', 12, NULL, 'Marina Perea Sanchez', 'Leonilde Hernadez', NULL, NULL, '12200128-1', '2020-01-28', 'K 83 Oeste No 1-64', '1898', '8001012020', NULL, -76.55828, 3.38428, '8001012403', '8001012502', '8001012605', 'Si', NULL, NULL, 'Si', 'No', 'Finalizado, se envio informe a peticionario y traslado a Secretaria de Infraestructura y Secretaria de Vivienda Social y Habitat', NULL, NULL, NULL, 4, '202041630100000204', NULL, NULL, 5, '202041630100000174', NULL, NULL, NULL, NULL, NULL, NULL, NULL, NULL, NULL, NULL, NULL, NULL, NULL, NULL, NULL, NULL, NULL, NULL, NULL, NULL, NULL, NULL, NULL, NULL, NULL, NULL, '2023-08-06 22:56:35.064000', '2023-08-06 22:57:06.530000', '2023-08-06 22:57:06.527000', 1, 1),
(9, 9, '9', '2020', 16598081, '8001010503', '202041730100004432', '2020-01-02', 202041630100000331, '2020-02-11', 27, NULL, 'Conjunto Residencial Arboleda del Sur', 'Alexander Benavidez', NULL, NULL, '12200128-2', '2020-01-28', 'C 2C No 73-146', NULL, '8001012017', NULL, -76.55072, 3.39001, '8001012403', '8001012502', '8001012607', 'No', NULL, NULL, 'No', 'No', 'Finalizado, se envio informe a peticionario.', NULL, NULL, NULL, NULL, NULL, NULL, NULL, NULL, '', NULL, NULL, NULL, NULL, NULL, NULL, NULL, NULL, NULL, NULL, NULL, NULL, NULL, NULL, NULL, NULL, NULL, NULL, NULL, NULL, NULL, NULL, NULL, NULL, NULL, NULL, '2023-08-06 22:56:35.064000', '2023-08-06 22:57:06.530000', '2023-08-06 22:57:06.527000', 1, 1),
(10, 10, '10', '2020', 1143859435, '8001010503', '202041730100036302', '2020-01-13', 202041630200000051, '2020-01-22', 7, NULL, 'Jair Gonzales Gonzales', 'Jair Gonzales Gonzales', NULL, NULL, '1200128-1', '2020-01-28', 'C 4 Oeste No 73-14', '1803', '8001012018', NULL, -76.561111, 3.391667, '8001012403', '8001012503', '8001012612', 'No', NULL, NULL, 'Si', 'No', 'Finalizado, se envio informe a peticionario.', NULL, NULL, NULL, NULL, NULL, NULL, NULL, NULL, '', NULL, NULL, NULL, NULL, NULL, NULL, NULL, NULL, NULL, NULL, NULL, NULL, NULL, NULL, NULL, NULL, NULL, NULL, NULL, NULL, NULL, NULL, NULL, NULL, NULL, NULL, '2023-08-06 22:56:35.064000', '2023-08-06 22:57:06.530000', '2023-08-06 22:57:06.527000', 1, 1),
(11, 11, '11', '2020', 16598081, '8001010503', '202041730100103062', '2020-01-28', 202041630100000311, '2020-02-05', 6, NULL, 'Nestor Arturo Nieva Amaya', 'Viviana Capote', NULL, NULL, '8200131-1', '2020-01-31', 'Km 12 via la Voragine Entrada 2', NULL, NULL, '8001012025', -76.56526, 3.34874, '8001012403', '8001012502', '8001012604', 'No', NULL, NULL, 'Si', 'No', 'Finalizado, se envio informe a peticionario y traslado a CVC - Corporacion Autonoma Regional del Valle del Cauca', NULL, NULL, NULL, 9, '202041630010000021', NULL, NULL, NULL, '', NULL, NULL, NULL, NULL, NULL, NULL, NULL, NULL, NULL, NULL, NULL, NULL, NULL, NULL, NULL, NULL, NULL, NULL, NULL, NULL, NULL, NULL, NULL, NULL, NULL, NULL, '2023-08-06 22:56:35.064000', '2023-08-06 22:57:06.530000', '2023-08-06 22:57:06.527000', 1, 1),
(12, 12, '12', '2020', 1143859435, '8001010503', '202041730100075562', '2020-01-22', 202041630100000231, '2020-02-05', 14, NULL, 'Astrid Gomez', 'Oscar Serna', NULL, NULL, '1200204-1', '2020-02-04', 'K 82 Oeste No 1c-57', '1898', '8001012018', NULL, -76.55886, 3.38529, '8001012403', '8001012501', '8001012604', 'No', NULL, NULL, 'Si', 'No', 'Finalizado, se envio informe a peticionario y traslado a Empresas Municipales de Cali EMCALI, Subdireccion de Gestion Integral de Ecosistemas y Unidad Municipal de Asistencia Tecnica UMATA y Secretaria de Infraestructura', NULL, NULL, NULL, 10, '202041630200000241', NULL, NULL, 48, '202041630200000184', NULL, NULL, 4, '202041630200000174', NULL, NULL, NULL, NULL, NULL, NULL, NULL, NULL, NULL, NULL, NULL, NULL, NULL, NULL, NULL, NULL, NULL, NULL, NULL, NULL, NULL, NULL, '2023-08-06 22:56:35.064000', '2023-08-06 22:57:06.530000', '2023-08-06 22:57:06.527000', 1, 1),
(13, 13, '13', '2020', 1143859435, '8001010503', '202041730100137192', '2020-02-05', 202041630200000291, '2020-02-17', 12, NULL, 'Personeria Municipal de Cali', 'Personeria Municipal de Cali', NULL, NULL, '1200206-1', '2020-02-06', 'C 14B No 41-25', '1002', '8001012010', NULL, -76.526852, 3.415037, '8001012403', '8001012501', '8001012604', 'No', NULL, NULL, 'No', 'No', 'Finalizado, se envio informe a peticionario.', NULL, NULL, NULL, NULL, NULL, NULL, NULL, NULL, '', NULL, NULL, NULL, NULL, NULL, NULL, NULL, NULL, NULL, NULL, NULL, NULL, NULL, NULL, NULL, NULL, NULL, NULL, NULL, NULL, NULL, NULL, NULL, NULL, NULL, NULL, '2023-08-06 22:56:35.064000', '2023-08-06 22:57:06.530000', '2023-08-06 22:57:06.527000', 1, 1),
(14, 14, '14', '2020', 1151936630, '8001010503', NULL, '2020-02-19', 202041630200000351, '2020-02-24', 5, NULL, 'Beatriz Eugenia Larrahondo', 'Beatriz Eugenia Larrahondo', NULL, NULL, '9200219-1', '2020-02-19', 'K 42B No 13-50', '1002', '8001012010', NULL, -76.531388, 3.415277, '8001012401', '8001012501', '8001012601', 'Si', NULL, NULL, 'Si', 'No', 'Finalizado, se envio informe a peticionario y traslado a Secretaria de Vivienda Social y Habitat y Secretaria de Bienestar', NULL, NULL, NULL, 5, '20204163', NULL, NULL, 7, '20204163', NULL, NULL, NULL, NULL, NULL, NULL, NULL, NULL, NULL, NULL, NULL, NULL, NULL, NULL, NULL, NULL, NULL, NULL, NULL, NULL, NULL, NULL, NULL, NULL, NULL, NULL, '2023-08-06 22:56:35.064000', '2023-08-06 22:57:06.530000', '2023-08-06 22:57:06.527000', 1, 1),
(15, 15, '15', '2020', 1053768233, '8001010503', '202041730100064922', '2020-01-20', 202041630100000521, '2020-02-25', 26, NULL, 'Diego Rodriguez', 'Ruben Dario Londono Trujillo', NULL, NULL, '4200221-1', '2020-02-21', 'Av 6 Oeste No 32-13', '102', '8001012001', NULL, -76.57989, 3.45482, '8001012403', '8001012502', '8001012605', 'Si', NULL, NULL, 'Si', 'No', 'Finalizado, se envio informe a peticionario y traslado a Secretaria de Vivienda Social y Habitat y Subsecretaria de Acceso a Servicios de Justicia', NULL, NULL, NULL, 5, '202041630100000264', NULL, NULL, 23, '202041630100000274', NULL, NULL, NULL, NULL, NULL, NULL, NULL, NULL, NULL, NULL, NULL, NULL, NULL, NULL, NULL, NULL, NULL, NULL, NULL, NULL, NULL, NULL, NULL, NULL, NULL, NULL, '2023-08-06 22:56:35.064000', '2023-08-06 22:57:06.530000', '2023-08-06 22:57:06.527000', 1, 1),
(16, 16, '16', '2020', 1053768233, '8001010503', NULL, '2020-01-21', 202041630100000531, '2020-02-25', 25, NULL, 'Jaime Arenas Echavarria', 'Maria Rocio Romulo Valdez', NULL, NULL, '4200221-2', '2020-02-21', 'C 3 C Oeste No 94-2-92', '1891', '8001012018', NULL, -76.55851, 3.3748, '8001012403', '8001012502', '8001012605', 'No', NULL, NULL, 'No', 'No', 'Finalizado, se envio informe a peticionario.', NULL, NULL, NULL, NULL, NULL, NULL, NULL, NULL, '', NULL, NULL, NULL, NULL, NULL, NULL, NULL, NULL, NULL, NULL, NULL, NULL, NULL, NULL, NULL, NULL, NULL, NULL, NULL, NULL, NULL, NULL, NULL, NULL, NULL, NULL, '2023-08-06 22:56:35.064000', '2023-08-06 22:57:06.530000', '2023-08-06 22:57:06.527000', 1, 1),
(17, 17, '17', '2020', 1144063314, '8001010503', '202041730100198302', '2020-02-17', 202041630100000511, '2020-02-24', 5, NULL, 'Victor Manuel Pasos', 'Victor Manuel Pasos', NULL, NULL, '2200221-1', '2020-02-21', 'C Bis Oeste con K 100 A Bis No 30 Torre N1', NULL, '8001012018', NULL, -76.55527, 3.36915, '8001012403', '8001012502', '8001012604', 'No', NULL, NULL, 'Si', 'No', 'Finalizado, se envio informe a peticionario y traslado a Departamento Administrativo de Gestion del Medio Ambiente y Subsecretaria de Inspeccion, Vigilancia y Control', NULL, NULL, NULL, 18, '202041630100000244', NULL, NULL, 13, '202041630100000254', NULL, NULL, NULL, NULL, NULL, NULL, NULL, NULL, NULL, NULL, NULL, NULL, NULL, NULL, NULL, NULL, NULL, NULL, NULL, NULL, NULL, NULL, NULL, NULL, NULL, NULL, '2023-08-06 22:56:35.064000', '2023-08-06 22:57:06.530000', '2023-08-06 22:57:06.527000', 1, 1),
(18, 18, '18', '2020', 36861950, '8001010503', '202041730100198442', '2020-02-17', 202041630100000571, '2020-02-25', 7, NULL, 'Edison Villano', 'Olga Nohora Salas', NULL, NULL, '3200221-1', '2020-02-21', 'C 3 Oeste No 42b-25', '2003', '8001012020', NULL, -76.554554, 3.423061, '8001012403', '8001012502', '8001012607', 'No', NULL, NULL, 'Si', 'No', 'Finalizado, se envio informe a peticionario y traslado a Secretaria de Vivienda Social y Habitat', NULL, NULL, NULL, 5, '202041630100000314', NULL, NULL, NULL, '', NULL, NULL, NULL, NULL, NULL, NULL, NULL, NULL, NULL, NULL, NULL, NULL, NULL, NULL, NULL, NULL, NULL, NULL, NULL, NULL, NULL, NULL, NULL, NULL, NULL, NULL, '2023-08-06 22:56:35.064000', '2023-08-06 22:57:06.530000', '2023-08-06 22:57:06.527000', 1, 1),
(19, 19, '19', '2020', 36861950, '8001010503', '202041730100198442', '2020-02-17', 202041630100000571, '2020-02-25', 7, NULL, 'Edison Villano', 'Julian Tovar Salas', NULL, NULL, '3200221-2', '2020-02-21', 'C 3 Oeste No 42b-21', '2003', '8001012020', NULL, -76.554546, 3.423134, '8001012403', '8001012502', '8001012607', 'Si', NULL, NULL, 'Si', 'No', 'Finalizado, se envio informe a peticionario y traslado a Secretaria de Vivienda Social y Habitat', NULL, NULL, NULL, 5, '202041630100000314', NULL, NULL, NULL, '', NULL, NULL, NULL, NULL, NULL, NULL, NULL, NULL, NULL, NULL, NULL, NULL, NULL, NULL, NULL, NULL, NULL, NULL, NULL, NULL, NULL, NULL, NULL, NULL, NULL, NULL, '2023-08-06 22:56:35.064000', '2023-08-06 22:57:06.530000', '2023-08-06 22:57:06.527000', 1, 1),
(20, 20, '20', '2020', 36861950, '8001010503', '202041730100198442', '2020-02-17', 202041630100000571, '2020-02-25', 7, NULL, 'Edison Villano', 'Leonardo Alberto Moreno', NULL, NULL, '3200221-3', '2020-02-21', 'K 42 No 1b-70', '2003', '8001012020', NULL, -76.554481, 3.423123, '8001012403', '8001012502', '8001012607', 'No', NULL, NULL, 'Si', 'No', 'Finalizado, se envio informe a peticionario y traslado a Secretaria de Vivienda Social y Habitat', NULL, NULL, NULL, 5, '202041630100000314', NULL, NULL, NULL, '', NULL, NULL, NULL, NULL, NULL, NULL, NULL, NULL, NULL, NULL, NULL, NULL, NULL, NULL, NULL, NULL, NULL, NULL, NULL, NULL, NULL, NULL, NULL, NULL, NULL, NULL, '2023-08-06 22:56:35.064000', '2023-08-06 22:57:06.530000', '2023-08-06 22:57:06.527000', 1, 1),
(21, 21, '21', '2020', 36861950, '8001010503', '202041730100085562', '2020-01-23', 202041630100000631, '2020-02-26', 24, NULL, 'Maria Isabel Ospina', 'Maria Isabel Ospina', NULL, NULL, '3200221-4', '2020-02-21', 'Km 6.7 Vía la Buitrera - Villa San Carlos', NULL, NULL, '8001012026', -76.575555, 3.382772, '8001012403', '8001012502', '8001012605', 'No', NULL, NULL, 'Si', 'No', 'Finalizado, se envio informe a peticionario y traslado a CVC - Corporacion Autonoma Regional del Valle del Cauca y Secretaria de Infraestructura', NULL, NULL, NULL, 9, '202041630100000641', NULL, NULL, 4, '202041630100000374', NULL, NULL, NULL, NULL, NULL, NULL, NULL, NULL, NULL, NULL, NULL, NULL, NULL, NULL, NULL, NULL, NULL, NULL, NULL, NULL, NULL, NULL, NULL, NULL, NULL, NULL, '2023-08-06 22:56:35.064000', '2023-08-06 22:57:06.530000', '2023-08-06 22:57:06.527000', 1, 1),
(22, 22, '22', '2020', 111111, '8001010503', '202041820100000314', '2020-01-31', 202041630100000674, '2020-03-10', 27, NULL, 'Marco Aurelio Vera', 'Hector Fabio Suaza', NULL, NULL, '5200221-1', '2020-02-21', 'Av 48 Oeste No 10A', NULL, NULL, '8001012036', -76.550005, 3.488458, '8001012403', '8001012506', '8001012605', 'No', NULL, NULL, 'Si', 'Si a Patricia Reina', 'Finalizado, se envio informe a peticionario y traslado a EMCALI- Empresas Municipales de Cali, Secretaria de Infraestructura, Secretaria de Vivienda Social y Habitat y SERVIAGUAS Montebello', NULL, NULL, NULL, 10, '202041630100001161', NULL, NULL, 4, '202041630100000654', NULL, NULL, 5, '202041630100000664', NULL, NULL, 54, '202041630100001171', NULL, NULL, NULL, NULL, NULL, NULL, NULL, NULL, NULL, NULL, NULL, NULL, NULL, NULL, NULL, NULL, NULL, NULL, '2023-08-06 22:56:35.064000', '2023-08-06 22:57:06.530000', '2023-08-06 22:57:06.527000', 1, 1),
(23, 23, '23', '2020', 111111, '8001010503', '202041730100162152', '2020-02-10', 202041630100002011, '2020-04-20', 48, NULL, 'CVC – Corporacion Autonoma Regional del Valle del Cauca', 'Jaime Posso', NULL, NULL, '5200221-2', '2020-02-21', 'Km 5 vía Pichinde', NULL, NULL, '8001012028', -76.567679, 3.428893, '8001012403', '8001012502', '8001012605', 'No', NULL, NULL, 'No', 'Si a Maria Fabiana Escobar propietaria', 'Finalizado, se envio informe a peticionario', NULL, NULL, NULL, NULL, NULL, NULL, NULL, NULL, '', NULL, NULL, NULL, NULL, NULL, NULL, NULL, NULL, NULL, NULL, NULL, NULL, NULL, NULL, NULL, NULL, NULL, NULL, NULL, NULL, NULL, NULL, NULL, NULL, NULL, NULL, '2023-08-06 22:56:35.064000', '2023-08-06 22:57:06.530000', '2023-08-06 22:57:06.527000', 1, 1),
(24, 24, '24', '2020', 1143859435, '8001010503', '202041730100144152', '2020-02-05', 202041630200000341, '2020-02-24', 13, NULL, 'Jose Rodrigo herrera herrera', 'Jose Rodrigo herrera herrera', NULL, NULL, '1200222-1', '2020-02-22', 'K 49B No 44-05', '1601', '8001012016', NULL, -76.517607, 3.400436, '8001012403', '8001012501', '8001012604', 'Si', NULL, NULL, 'No', 'No', 'Finalizado, se envio informe a peticionario.', NULL, NULL, NULL, NULL, NULL, NULL, NULL, NULL, '', NULL, NULL, NULL, NULL, NULL, NULL, NULL, NULL, NULL, NULL, NULL, NULL, NULL, NULL, NULL, NULL, NULL, NULL, NULL, NULL, NULL, NULL, NULL, NULL, NULL, NULL, '2023-08-06 22:56:35.064000', '2023-08-06 22:57:06.530000', '2023-08-06 22:57:06.527000', 1, 1),
(25, 25, '25', '2020', 111111, '8001010503', '202041730100156732', '2020-02-07', 202041630100000931, '2020-03-05', 19, NULL, 'CVC – Corporacion Autonoma Regional del Valle del Cauca', 'Helio Carmelo Ardila', NULL, NULL, '5200224-1', '2020-02-24', 'Casa 238B', NULL, NULL, '8001012024', -76.47701, 3.313289, '8001012403', '8001012505', '8001012614', 'No', NULL, NULL, 'Si', 'No', 'Finalizado, se envio informe a peticionario y traslado a EMCALI - Empresas Municipales de Cali', NULL, NULL, NULL, 10, '202041630100001031', NULL, NULL, NULL, '', NULL, NULL, NULL, NULL, NULL, NULL, NULL, NULL, NULL, NULL, NULL, NULL, NULL, NULL, NULL, NULL, NULL, NULL, NULL, NULL, NULL, NULL, NULL, NULL, NULL, NULL, '2023-08-06 22:56:35.064000', '2023-08-06 22:57:06.530000', '2023-08-06 22:57:06.527000', 1, 1),
(26, 26, '26', '2020', 1144171574, '8001010504', '202041730100121202', '2020-01-31', 202041630100000591, '2020-02-25', 17, NULL, 'CVC – Corporacion Autonoma Regional del Valle del Cauca', 'Comision Ambiental Territorial Alto 1804', NULL, NULL, '6200224-1', '2020-02-24', 'K 99 con C 4B, K 99 con C 3 y K 100B con C 1 Oeste', '1804', '8001012018', NULL, -76.553057, 3.367203, '8001012403', '8001012502', '8001012605', 'No', NULL, NULL, 'Si', 'No', 'Finalizado, se envio informe a peticionario y traslado a Departamento Administrativo de Gestion del Medio Ambiente', NULL, NULL, NULL, 11, '202041630100000324', NULL, NULL, NULL, '', NULL, NULL, NULL, NULL, NULL, NULL, NULL, NULL, NULL, NULL, NULL, NULL, NULL, NULL, NULL, NULL, NULL, NULL, NULL, NULL, NULL, NULL, NULL, NULL, NULL, NULL, '2023-08-06 22:56:35.064000', '2023-08-06 22:57:06.530000', '2023-08-06 22:57:06.527000', 1, 1),
(27, 27, '27', '2020', 1144171574, '8001010503', '202041730100186732', '2020-02-13', 202041630100000851, '2020-03-04', 13, NULL, 'Antonio Jose Mora Palencia', 'Antonio Jose Mora Palencia', NULL, NULL, '6200224-2', '2020-02-24', 'K 10 No 4-41', '303', '8001012003', NULL, -76.537372, 3.44622, '8001012403', '8001012502', '8001012603', 'No', NULL, NULL, 'Si', 'No', 'Finalizado, se envio informe a peticionario y traslado a EMCALI- Empresas Municipales de Cali, Secretaria de Paz y Cultura Ciudadana, Secretaria de Infraestructura y GDO - Gases de Occidente', NULL, NULL, NULL, 10, '202041630100000841', NULL, NULL, 20, '202041630100000534', NULL, NULL, 4, '202041630100000544', NULL, NULL, 14, '202041630100000831', NULL, NULL, NULL, NULL, NULL, NULL, NULL, NULL, NULL, NULL, NULL, NULL, NULL, NULL, NULL, NULL, NULL, NULL, '2023-08-06 22:56:35.064000', '2023-08-06 22:57:06.530000', '2023-08-06 22:57:06.527000', 1, 1),
(28, 28, '28', '2020', 1144063314, '', NULL, '2020-02-24', 202041630100000661, '2020-02-27', 3, NULL, 'Carlos Gonzalez', 'Hector Fabio Ospina', NULL, NULL, '2200224-1', '2020-02-25', 'K 48 con C 14 oeste', '2004', '8001012020', NULL, -76.56195, 3.42193, '8001012403', '8001012503', '8001012611', 'No', NULL, NULL, 'Si', 'No', 'Finalizado, se envio informe a peticionario y traslado a Secretaria de Educacion Municipal, Departamento Administrativo de Gestion del Medio Ambiente', NULL, NULL, NULL, 21, '202041630100000414', NULL, NULL, 18, '202041630100000394', NULL, NULL, NULL, NULL, NULL, NULL, NULL, NULL, NULL, NULL, NULL, NULL, NULL, NULL, NULL, NULL, NULL, NULL, NULL, NULL, NULL, NULL, NULL, NULL, NULL, NULL, '2023-08-06 22:56:35.064000', '2023-08-06 22:57:06.530000', '2023-08-06 22:57:06.527000', 1, 1),
(29, 29, '29', '2020', 1130622754, '8001010504', '202041810100003254', '2020-01-23', 202041630100000731, '2020-02-28', 13, NULL, 'Unidad Administrativa Especial de Gestion de Bienes y Servicios', 'Nestor Daniel Huertas', NULL, NULL, '11200225-1', '2020-02-25', 'C 12 Oeste No 49B-18', '2004', '8001012020', NULL, -76.3341, 3.2517, '8001012403', '8001012502', '', 'No', NULL, NULL, 'Si', 'No', 'Finalizado, se envio informe a peticionario y traslado a Metrocali y SecretarIa del Deporte y la Recreacion', NULL, NULL, NULL, 22, '202041630100000741', NULL, NULL, 41, '202041630100000424', NULL, NULL, NULL, NULL, NULL, NULL, NULL, NULL, NULL, NULL, NULL, NULL, NULL, NULL, NULL, NULL, NULL, NULL, NULL, NULL, NULL, NULL, NULL, NULL, NULL, NULL, '2023-08-06 22:56:35.064000', '2023-08-06 22:57:06.530000', '2023-08-06 22:57:06.527000', 1, 1),
(30, 30, '30', '2020', 1130622754, '8001010503', '202041730100085612', '2020-01-23', 202041630100000721, '2020-02-28', 26, NULL, 'Edward Mosquera Solarte', 'Antonio Gomez', NULL, NULL, '11200225-2', '2020-02-25', 'K 95a Oeste No 2D Bis -98', '1891', '8001012020', NULL, -76.55795, 3.17473, '8001012403', '8001012502', '8001012605', 'No', NULL, NULL, 'No', 'No', 'Finalizado, se envio informe a peticionario.', NULL, NULL, NULL, NULL, NULL, NULL, NULL, NULL, '', NULL, NULL, NULL, NULL, NULL, NULL, NULL, NULL, NULL, NULL, NULL, NULL, NULL, NULL, NULL, NULL, NULL, NULL, NULL, NULL, NULL, NULL, NULL, NULL, NULL, NULL, '2023-08-06 22:56:35.064000', '2023-08-06 22:57:06.530000', '2023-08-06 22:57:06.527000', 1, 1),
(31, 31, '31', '2020', 1144063314, '8001010503', NULL, '2020-02-26', 202041630100000791, '2020-03-02', 4, NULL, 'Benemerito Cuerpo de Bomberos Voluntarios de Cali', 'Sandra Mera Urrutia', NULL, NULL, '2200226-1', '2020-02-26', 'Av Colombia No 1-159', '202', '8001012002', NULL, -76.54816, 3.4532, '8001012403', '8001012502', '8001012604', 'No', NULL, NULL, 'Si', 'No', 'Finalizado, se envio informe a peticionario y traslado a Secretaria de Seguridad y Justicia.', NULL, NULL, NULL, 6, '202041630100000494', NULL, NULL, NULL, '', NULL, NULL, NULL, NULL, NULL, NULL, NULL, NULL, NULL, NULL, NULL, NULL, NULL, NULL, NULL, NULL, NULL, NULL, NULL, NULL, NULL, NULL, NULL, NULL, NULL, NULL, '2023-08-06 22:56:35.064000', '2023-08-06 22:57:06.530000', '2023-08-06 22:57:06.527000', 1, 1),
(32, 32, '32', '2020', 1053768233, '8001010503', NULL, '2020-01-23', 202041630100000751, '2020-02-28', 27, NULL, 'Casilda Martinez', 'Celimo Gomez', NULL, NULL, '4200227-1', '2020-02-27', '', NULL, NULL, '8001012028', -76.564404, 3.447428, '8001012403', '8001012502', '8001012605', 'No', NULL, NULL, 'Si', 'No', 'Finalizado, se envio informe a peticionario y traslado a Secretaria de Vivienda Social y Habitat, Departamento Administrativo de Gestion del Medio Ambiente, Secretaria de Infraestructura y Mantenimiento Vial y Secretaria de Seguridad y Justicia', NULL, NULL, NULL, 5, '202041630100000454', NULL, NULL, 18, '202041630100000474', NULL, NULL, NULL, NULL, NULL, NULL, 6, '202041630100000464', NULL, NULL, NULL, NULL, NULL, NULL, NULL, NULL, NULL, NULL, NULL, NULL, NULL, NULL, NULL, NULL, NULL, NULL, '2023-08-06 22:56:35.064000', '2023-08-06 22:57:06.530000', '2023-08-06 22:57:06.527000', 1, 1),
(33, 33, '33', '2020', 1130622754, '8001010503', '202041730100217462', '2020-02-20', 202041630100000891, '2020-03-05', 10, NULL, 'Segundo Neftali Ramos Josa', 'Segundo Neftali Ramos Josa', NULL, NULL, '11200227-1', '2020-02-27', 'C 3 Oeste No 39b-33', '2005', '8001012020', NULL, -76.555218, 3.425828, '8001012403', '8001012502', '8001012604', 'No', NULL, NULL, 'Si', 'No', 'Finalizado, se envio informe a peticionario, EMCALI- Empresas Municipales de Cali, Departamento Administrativo de Gestion del Medio Ambiente y Subsecretaria de Acceso a Servicios de Justicia', NULL, NULL, NULL, 11, '202041630100000594', NULL, NULL, 10, '202041630100000881', NULL, NULL, 23, '202041630100000604', NULL, NULL, NULL, NULL, NULL, NULL, NULL, NULL, NULL, NULL, NULL, NULL, NULL, NULL, NULL, NULL, NULL, NULL, NULL, NULL, NULL, NULL, '2023-08-06 22:56:35.064000', '2023-08-06 22:57:06.530000', '2023-08-06 22:57:06.527000', 1, 1),
(34, 34, '34', '2020', 1059695640, '8001010503', '202041330100000414', '2020-01-24', 202041630100000744, '2020-03-11', 32, NULL, 'Oscar William Villani Romero', 'Carlos Camayo', NULL, NULL, '8200227-1', '2020-02-27', 'Campo Deportivo Alto La Cruz', '1898', '8001012018', NULL, -76.56253, 3.39143, '8001012403', '8001012502', '8001012605', 'No', NULL, NULL, 'No', 'Si, a SIVC', 'Finalizado, se envio informe a peticionario.', NULL, NULL, NULL, NULL, NULL, NULL, NULL, NULL, '', NULL, NULL, NULL, NULL, NULL, NULL, NULL, NULL, NULL, NULL, NULL, NULL, NULL, NULL, NULL, NULL, NULL, NULL, NULL, NULL, NULL, NULL, NULL, NULL, NULL, NULL, '2023-08-06 22:56:35.064000', '2023-08-06 22:57:06.530000', '2023-08-06 22:57:06.527000', 1, 1),
(35, 35, '35', '2020', 36861950, '8001010503', NULL, '2020-02-28', 202041630100000504, '2020-03-02', 1, NULL, 'Jose Fernando Villegas Zamorano', NULL, NULL, NULL, '3200228-1', '2020-02-28', 'Av 6b con C 26', '210', '8001012002', NULL, -76.505989, 3.412901, '8001012403', '8001012501', '8001012615', 'No', NULL, NULL, 'Si', 'Si, a EMCALI', 'Finalizado, se envio informe a peticionario y traslado a Departamento Administrativo de Gestion del Medio Ambiente', NULL, NULL, NULL, 11, '202041630100000504', NULL, NULL, NULL, '', NULL, NULL, NULL, NULL, NULL, NULL, NULL, NULL, NULL, NULL, NULL, NULL, NULL, NULL, NULL, NULL, NULL, NULL, NULL, NULL, NULL, NULL, NULL, NULL, NULL, NULL, '2023-08-06 22:56:35.064000', '2023-08-06 22:57:06.530000', '2023-08-06 22:57:06.527000', 1, 1),
(36, 36, '36', '2020', 36861950, '8001010503', '202041730100212722', '2020-02-19', 202041630100000524, '2020-03-03', 9, NULL, 'Alfredo Urbano Jimenez', NULL, NULL, NULL, '3200228-2', '2020-02-28', 'C 34 N Av 3 y 3C', '210', '8001012002', NULL, -76.523478, 3.471727, '8001012403', '8001012502', '8001012605', 'No', NULL, NULL, 'Si', 'Si, a EMCALI', 'Finalizado, se envio informe a peticionario y traslado a Departamento Administrativo de Gestion del Medio Ambiente', NULL, NULL, NULL, 11, '202041630100000524', NULL, NULL, NULL, '', NULL, NULL, NULL, NULL, NULL, NULL, NULL, NULL, NULL, NULL, NULL, NULL, NULL, NULL, NULL, NULL, NULL, NULL, NULL, NULL, NULL, NULL, NULL, NULL, NULL, NULL, '2023-08-06 22:56:35.064000', '2023-08-06 22:57:06.530000', '2023-08-06 22:57:06.527000', 1, 1),
(37, 37, '37', '2020', 1059695640, '8001010503', '201941610500059884', '2019-12-31', 202041630100000754, '2020-03-11', 51, NULL, 'Patricia Pelaez Saenz', 'Eva Muñoz Muñoz', NULL, NULL, '8200228-1', '2020-02-28', 'K 2G No 68-27', NULL, '8001012005', NULL, -76.487799, 3.470274, '8001012403', '8001012502', '8001012603', 'No', NULL, NULL, 'No', 'Si a Dirección de Atención al Cliente', 'Finalizado, se envio informe a peticionario.', NULL, NULL, NULL, NULL, NULL, NULL, NULL, NULL, '', NULL, NULL, NULL, NULL, NULL, NULL, NULL, NULL, NULL, NULL, NULL, NULL, NULL, NULL, NULL, NULL, NULL, NULL, NULL, NULL, NULL, NULL, NULL, NULL, NULL, NULL, '2023-08-06 22:56:35.064000', '2023-08-06 22:57:06.530000', '2023-08-06 22:57:06.527000', 1, 1),
(38, 38, '38', '2020', 1059695640, '8001010503', '202041730100233132', '2020-02-19', 202041630100001461, '2020-03-11', 12, NULL, 'Yuliana Patricia Toro', 'Yolanda Saenz', NULL, NULL, '8200228-2', '2020-02-28', 'C 43 No. 39E-42', '1604', '8001012016', NULL, -76.505988, 3.412931, '8001012403', '8001012503', '8001012610', 'No', NULL, NULL, 'Si', 'No', 'Finalizado, se envio informe a peticionario y traslado a EMCALI- Empresas Municipales de Cali.', NULL, NULL, NULL, 10, '202041630100001471', NULL, NULL, NULL, '', NULL, NULL, NULL, NULL, NULL, NULL, NULL, NULL, NULL, NULL, NULL, NULL, NULL, NULL, NULL, NULL, NULL, NULL, NULL, NULL, NULL, NULL, NULL, NULL, NULL, NULL, '2023-08-06 22:56:35.064000', '2023-08-06 22:57:06.530000', '2023-08-06 22:57:06.527000', 1, 1),
(39, 39, '39', '2020', 16598081, '8001010504', NULL, '2020-01-14', 202041630100000014, '2020-01-17', 3, NULL, 'Hector Fabio Ospina Hurtado', 'Hector Fabio Ospina Hurtado', NULL, NULL, '12200114-1', '2020-01-14', 'K 48 con C 14 Oeste', '2004', '8001012020', NULL, -76.561917, 3.42233, '8001012403', '8001012503', '8001012611', 'No', NULL, NULL, 'Si', 'No', 'Finalizado, se envio informe a peticionario y traslado a Secretaria de Educacion', NULL, NULL, NULL, 21, '202041630100000014', NULL, NULL, NULL, '', NULL, NULL, NULL, NULL, NULL, NULL, NULL, NULL, NULL, NULL, NULL, NULL, NULL, NULL, NULL, NULL, NULL, NULL, NULL, NULL, NULL, NULL, NULL, NULL, NULL, NULL, '2023-08-06 22:56:35.064000', '2023-08-06 22:57:06.530000', '2023-08-06 22:57:06.527000', 1, 1),
(40, 40, '40', '2020', 16598081, '8001010504', NULL, '2020-01-14', 202041630100000024, '2020-01-17', 3, NULL, 'Hector Fabio Ospina Hurtado', 'Hector Fabio Ospina Hurtado', NULL, NULL, '12200114-2', '2020-01-14', 'Km 3.0 via Los Andes - El Saman', NULL, NULL, '8001012028', -76.561665, 3.422547, '8001012403', '8001012505', '8001012617', 'No', NULL, NULL, 'Si', 'No', 'Finalizado, se envio informe a peticionario y traslado a Secretaria de Seguridad y Justicia', NULL, NULL, NULL, 6, '202041630100000024', NULL, NULL, NULL, '', NULL, NULL, NULL, NULL, NULL, NULL, NULL, NULL, NULL, NULL, NULL, NULL, NULL, NULL, NULL, NULL, NULL, NULL, NULL, NULL, NULL, NULL, NULL, NULL, NULL, NULL, '2023-08-06 22:56:35.064000', '2023-08-06 22:57:06.530000', '2023-08-06 22:57:06.527000', 1, 1),
(41, 41, '41', '2020', 1053768233, '8001010503', '202041730100271492', '2020-03-03', 202041630100001741, '2020-03-16', 9, NULL, 'CVC – Corporacion Autonoma Regional del Valle del Cauca', 'Flor Enelia Suarez', NULL, NULL, '4200313-1', '2020-03-13', 'C 12 Oeste No 37-12', NULL, NULL, '8001012036', -76.555035, 3.47441, '8001012403', '8001012502', '8001012605', 'No', NULL, NULL, 'Si', 'No', 'Finalizado, se envio informe a peticionario y traslado a Unidad Administrativa Especial de Servicios Publicos Municipales', NULL, NULL, NULL, 17, '202041630100000814', NULL, NULL, NULL, '', NULL, NULL, NULL, NULL, NULL, NULL, NULL, NULL, NULL, NULL, NULL, NULL, NULL, NULL, NULL, NULL, NULL, NULL, NULL, NULL, NULL, NULL, NULL, NULL, NULL, NULL, '2023-08-06 22:56:35.064000', '2023-08-06 22:57:06.530000', '2023-08-06 22:57:06.527000', 1, 1),
(42, 42, '42', '2020', 1053768233, '8001010503', '202041730100271452', '2020-03-03', 202041630100001781, '2020-03-19', 12, NULL, 'CVC – Corporacion Autonoma Regional del Valle del Cauca', 'Hugo Ospina', NULL, NULL, '4200317-1', '2020-03-17', 'Predio La Mirella', NULL, NULL, '8001012027', -76.61805, 3.37718, '8001012403', '8001012502', '8001012605', 'No', NULL, NULL, 'Si', 'No', 'Finalizado, se envio informe a peticionario y traslado a Subsecretaria de Infraestructura y Mantenimiento Vial.', NULL, NULL, NULL, 35, '202041630100000904', NULL, NULL, NULL, '', NULL, NULL, NULL, NULL, NULL, NULL, NULL, NULL, NULL, NULL, NULL, NULL, NULL, NULL, NULL, NULL, NULL, NULL, NULL, NULL, NULL, NULL, NULL, NULL, NULL, NULL, '2023-08-06 22:56:35.064000', '2023-08-06 22:57:06.530000', '2023-08-06 22:57:06.527000', 1, 1),
(43, 43, '43', '2020', 1143859435, '8001010504', NULL, '2020-03-10', 202041630200000384, '2020-03-10', 4, NULL, 'Plan Jarillon de Cali', 'Arcesio Amu', NULL, NULL, '1200311-1', '2020-03-11', 'Techo 2525', NULL, NULL, '8001012023', -76.47519, 3.44779, '8001012401', '8001012502', '8001012607', 'No', NULL, NULL, 'No', 'No', 'Finalizado, se envio informe al Plan Jarillon de Cali', NULL, NULL, NULL, NULL, NULL, NULL, NULL, NULL, '', NULL, NULL, NULL, NULL, NULL, NULL, NULL, NULL, NULL, NULL, NULL, NULL, NULL, NULL, NULL, NULL, NULL, NULL, NULL, NULL, NULL, NULL, NULL, NULL, NULL, NULL, '2023-08-06 22:56:35.064000', '2023-08-06 22:57:06.530000', '2023-08-06 22:57:06.527000', 1, 1),
(44, 44, '44', '2020', 1143859435, '8001010504', NULL, '2020-03-10', 202041630200000384, '2020-03-16', 4, NULL, 'Plan Jarillon de Cali', 'Luz Ceneida Viveros', NULL, NULL, '1200311-2', '2020-03-11', 'Techo 2526', NULL, NULL, '8001012023', -76.47523, 3.44782, '8001012401', '8001012502', '8001012607', 'No', NULL, NULL, 'No', 'No', 'Finalizado, se envio informe al Plan Jarillon de Cali', NULL, NULL, NULL, NULL, NULL, NULL, NULL, NULL, '', NULL, NULL, NULL, NULL, NULL, NULL, NULL, NULL, NULL, NULL, NULL, NULL, NULL, NULL, NULL, NULL, NULL, NULL, NULL, NULL, NULL, NULL, NULL, NULL, NULL, NULL, '2023-08-06 22:56:35.064000', '2023-08-06 22:57:06.530000', '2023-08-06 22:57:06.527000', 1, 1),
(45, 45, '45', '2020', 1143859435, '8001010504', NULL, '2020-03-10', 202041630200000384, '2020-03-16', 4, NULL, 'Plan Jarillon de Cali', 'Erika Maria Ayala', NULL, NULL, '1200311-3', '2020-03-11', 'Techo 2527', NULL, NULL, '8001012023', -76.47525, 3.44783, '8001012401', '8001012502', '8001012607', 'No', NULL, NULL, 'No', 'No', 'Finalizado, se envio informe al Plan Jarillon de Cali', NULL, NULL, NULL, NULL, NULL, NULL, NULL, NULL, '', NULL, NULL, NULL, NULL, NULL, NULL, NULL, NULL, NULL, NULL, NULL, NULL, NULL, NULL, NULL, NULL, NULL, NULL, NULL, NULL, NULL, NULL, NULL, NULL, NULL, NULL, '2023-08-06 22:56:35.064000', '2023-08-06 22:57:06.530000', '2023-08-06 22:57:06.527000', 1, 1),
(46, 46, '46', '2020', 1143859435, '8001010504', NULL, '2020-03-10', 202041630200000384, '2020-03-16', 4, NULL, 'Plan Jarillon de Cali', 'Nacy Caceres', NULL, NULL, '1200311-4', '2020-03-11', 'Techo 2528', NULL, NULL, '8001012023', -76.47534, 3.44793, '8001012401', '8001012502', '8001012607', 'No', NULL, NULL, 'No', 'No', 'Finalizado, se envio informe al Plan Jarillon de Cali', NULL, NULL, NULL, NULL, NULL, NULL, NULL, NULL, '', NULL, NULL, NULL, NULL, NULL, NULL, NULL, NULL, NULL, NULL, NULL, NULL, NULL, NULL, NULL, NULL, NULL, NULL, NULL, NULL, NULL, NULL, NULL, NULL, NULL, NULL, '2023-08-06 22:56:35.064000', '2023-08-06 22:57:06.530000', '2023-08-06 22:57:06.527000', 1, 1),
(47, 47, '47', '2020', 1143859435, '8001010504', NULL, '2020-03-10', 202041630200000384, '2020-03-16', 4, NULL, 'Plan Jarillon de Cali', 'Isabel Viveros', NULL, NULL, '1200311-5', '2020-03-11', 'Techo 2533', NULL, NULL, '8001012023', -76.475337, 3.44811, '8001012401', '8001012502', '8001012607', 'No', NULL, NULL, 'No', 'No', 'Finalizado, se envio informe al Plan Jarillon de Cali', NULL, NULL, NULL, NULL, NULL, NULL, NULL, NULL, '', NULL, NULL, NULL, NULL, NULL, NULL, NULL, NULL, NULL, NULL, NULL, NULL, NULL, NULL, NULL, NULL, NULL, NULL, NULL, NULL, NULL, NULL, NULL, NULL, NULL, NULL, '2023-08-06 22:56:35.064000', '2023-08-06 22:57:06.530000', '2023-08-06 22:57:06.527000', 1, 1),
(48, 48, '48', '2020', 1143859435, '8001010504', NULL, '2020-03-10', 202041630200000384, '2020-03-16', 4, NULL, 'Plan Jarillon de Cali', 'Sonia Angulo', NULL, NULL, '1200311-6', '2020-03-11', 'Techo 2534', NULL, NULL, '8001012023', -76.47537, 3.44811, '8001012401', '8001012502', '8001012607', 'No', NULL, NULL, 'No', 'No', 'Finalizado, se envio informe al Plan Jarillon de Cali', NULL, NULL, NULL, NULL, NULL, NULL, NULL, NULL, '', NULL, NULL, NULL, NULL, NULL, NULL, NULL, NULL, NULL, NULL, NULL, NULL, NULL, NULL, NULL, NULL, NULL, NULL, NULL, NULL, NULL, NULL, NULL, NULL, NULL, NULL, '2023-08-06 22:56:35.064000', '2023-08-06 22:57:06.530000', '2023-08-06 22:57:06.527000', 1, 1),
(49, 49, '49', '2020', 1143859435, '8001010504', NULL, '2020-03-10', 202041630200000384, '2020-03-16', 4, NULL, 'Plan Jarillon de Cali', 'Alexander Duban', NULL, NULL, '1200311-7', '2020-03-11', 'Techo 2557', NULL, NULL, '8001012023', -76.47516, 3.44822, '8001012401', '8001012502', '8001012607', 'No', NULL, NULL, 'No', 'No', 'Finalizado, se envio informe al Plan Jarillon de Cali', NULL, NULL, NULL, NULL, NULL, NULL, NULL, NULL, '', NULL, NULL, NULL, NULL, NULL, NULL, NULL, NULL, NULL, NULL, NULL, NULL, NULL, NULL, NULL, NULL, NULL, NULL, NULL, NULL, NULL, NULL, NULL, NULL, NULL, NULL, '2023-08-06 22:56:35.064000', '2023-08-06 22:57:06.530000', '2023-08-06 22:57:06.527000', 1, 1),
(50, 50, '50', '2020', 1143859435, '8001010504', NULL, '2020-03-10', 202041630200000384, '2020-03-16', 4, NULL, 'Plan Jarillon de Cali', 'Rosalba Majin', NULL, NULL, '1200311-8', '2020-03-11', 'Techo 2558', NULL, NULL, '8001012023', -76.47513, 3.44817, '8001012401', '8001012502', '8001012607', 'No', NULL, NULL, 'No', 'No', 'Finalizado, se envio informe al Plan Jarillon de Cali', NULL, NULL, NULL, NULL, NULL, NULL, NULL, NULL, '', NULL, NULL, NULL, NULL, NULL, NULL, NULL, NULL, NULL, NULL, NULL, NULL, NULL, NULL, NULL, NULL, NULL, NULL, NULL, NULL, NULL, NULL, NULL, NULL, NULL, NULL, '2023-08-06 22:56:35.064000', '2023-08-06 22:57:06.530000', '2023-08-06 22:57:06.527000', 1, 1),
(51, 51, '51', '2020', 1143859435, '8001010504', NULL, '2020-03-10', 202041630200000384, '2020-03-16', 4, NULL, 'Plan Jarillon de Cali', 'Hector Barrios', NULL, NULL, '1200311-9', '2020-03-11', 'Techo 2559', NULL, NULL, '8001012023', -76.47515, 3.4481, '8001012401', '8001012502', '8001012607', 'No', NULL, NULL, 'No', 'No', 'Finalizado, se envio informe al Plan Jarillon de Cali', NULL, NULL, NULL, NULL, NULL, NULL, NULL, NULL, '', NULL, NULL, NULL, NULL, NULL, NULL, NULL, NULL, NULL, NULL, NULL, NULL, NULL, NULL, NULL, NULL, NULL, NULL, NULL, NULL, NULL, NULL, NULL, NULL, NULL, NULL, '2023-08-06 22:56:35.064000', '2023-08-06 22:57:06.530000', '2023-08-06 22:57:06.527000', 1, 1),
(52, 52, '52', '2020', 1144063314, '8001010504', NULL, '2020-03-10', 202041630200000384, '2020-03-16', 4, NULL, 'Plan Jarillon de Cali', 'Paola Malaba', NULL, NULL, '2200311-1', '2020-03-11', 'Techo 2560', NULL, NULL, '8001012023', -76.47491, 3.44822, '8001012401', '8001012502', '8001012607', 'No', NULL, NULL, 'Si', 'No', 'Finalizado, se envio informe al Plan Jarillon de Cali, traslado Secretaria de Bienestar Social y traslado Secretaria de Vivienda Social y Habitat', NULL, NULL, NULL, 7, '202041630200000394', NULL, NULL, 5, '202041630200000404', NULL, NULL, NULL, NULL, NULL, NULL, NULL, NULL, NULL, NULL, NULL, NULL, NULL, NULL, NULL, NULL, NULL, NULL, NULL, NULL, NULL, NULL, NULL, NULL, NULL, NULL, '2023-08-06 22:56:35.064000', '2023-08-06 22:57:06.530000', '2023-08-06 22:57:06.527000', 1, 1),
(53, 53, '53', '2020', 1144063314, '8001010504', NULL, '2020-03-10', 202041630200000384, '2020-03-16', 4, NULL, 'Plan Jarillon de Cali', 'Aura Leonor Amu', NULL, NULL, '2200311-2', '2020-03-11', 'Techo 2561', NULL, NULL, '8001012023', -76.47511, 3.44821, '8001012401', '8001012502', '8001012607', 'No', NULL, NULL, 'No', 'No', 'Finalizado, se envio informe al Plan Jarillon de Cali', NULL, NULL, NULL, NULL, NULL, NULL, NULL, NULL, '', NULL, NULL, NULL, NULL, NULL, NULL, NULL, NULL, NULL, NULL, NULL, NULL, NULL, NULL, NULL, NULL, NULL, NULL, NULL, NULL, NULL, NULL, NULL, NULL, NULL, NULL, '2023-08-06 22:56:35.064000', '2023-08-06 22:57:06.530000', '2023-08-06 22:57:06.527000', 1, 1),
(54, 54, '54', '2020', 1144063314, '8001010504', NULL, '2020-03-10', 202041630200000384, '2020-03-16', 4, NULL, 'Plan Jarillon de Cali', 'Maria Denis Vivero', NULL, NULL, '2200311-3', '2020-03-11', 'Techo 2564', NULL, NULL, '8001012023', -76.47508, 3.44793, '8001012401', '8001012502', '8001012607', 'No', NULL, NULL, 'No', 'No', 'Finalizado, se envio informe al Plan Jarillon de Cali', NULL, NULL, NULL, NULL, NULL, NULL, NULL, NULL, '', NULL, NULL, NULL, NULL, NULL, NULL, NULL, NULL, NULL, NULL, NULL, NULL, NULL, NULL, NULL, NULL, NULL, NULL, NULL, NULL, NULL, NULL, NULL, NULL, NULL, NULL, '2023-08-06 22:56:35.064000', '2023-08-06 22:57:06.530000', '2023-08-06 22:57:06.527000', 1, 1),
(55, 55, '55', '2020', 1144063314, '8001010504', NULL, '2020-03-10', 202041630200000384, '2020-03-16', 4, NULL, 'Plan Jarillon de Cali', 'Jackeline Parra Viveros', NULL, NULL, '2200311-4', '2020-03-11', 'Techo 2566', NULL, NULL, '8001012023', -76.47504, 3.44777, '8001012401', '8001012502', '8001012607', 'No', NULL, NULL, 'No', 'No', 'Finalizado, se envio informe al Plan Jarillon de Cali', NULL, NULL, NULL, NULL, NULL, NULL, NULL, NULL, '', NULL, NULL, NULL, NULL, NULL, NULL, NULL, NULL, NULL, NULL, NULL, NULL, NULL, NULL, NULL, NULL, NULL, NULL, NULL, NULL, NULL, NULL, NULL, NULL, NULL, NULL, '2023-08-06 22:56:35.064000', '2023-08-06 22:57:06.530000', '2023-08-06 22:57:06.527000', 1, 1),
(56, 56, '56', '2020', 1144063314, '8001010504', NULL, '2020-03-10', 202041630200000384, '2020-03-16', 4, NULL, 'Plan Jarillon de Cali', 'Norvey Valencia', NULL, NULL, '2200311-5', '2020-03-11', 'Techo 2571', NULL, NULL, '8001012023', -76.47511, 3.4481, '8001012401', '8001012502', '8001012607', 'No', NULL, NULL, 'No', 'No', 'Finalizado, se envio informe al Plan Jarillon de Cali', NULL, NULL, NULL, NULL, NULL, NULL, NULL, NULL, '', NULL, NULL, NULL, NULL, NULL, NULL, NULL, NULL, NULL, NULL, NULL, NULL, NULL, NULL, NULL, NULL, NULL, NULL, NULL, NULL, NULL, NULL, NULL, NULL, NULL, NULL, '2023-08-06 22:56:35.064000', '2023-08-06 22:57:06.530000', '2023-08-06 22:57:06.527000', 1, 1),
(57, 57, '57', '2020', 1144063314, '8001010504', NULL, '2020-03-10', 202041630200000384, '2020-03-16', 4, NULL, 'Plan Jarillon de Cali', 'Absalon Vasquez', NULL, NULL, '2200311-6', '2020-03-11', 'Techo 2573', NULL, NULL, '8001012023', -76.47515, 3.44793, '8001012401', '8001012502', '8001012607', 'No', NULL, NULL, 'No', 'No', 'Finalizado, se envio informe al Plan Jarillon de Cali', NULL, NULL, NULL, NULL, NULL, NULL, NULL, NULL, '', NULL, NULL, NULL, NULL, NULL, NULL, NULL, NULL, NULL, NULL, NULL, NULL, NULL, NULL, NULL, NULL, NULL, NULL, NULL, NULL, NULL, NULL, NULL, NULL, NULL, NULL, '2023-08-06 22:56:35.064000', '2023-08-06 22:57:06.530000', '2023-08-06 22:57:06.527000', 1, 1),
(58, 58, '58', '2020', 1144063314, '8001010504', NULL, '2020-03-10', 202041630200000384, '2020-03-16', 4, NULL, 'Plan Jarillon de Cali', 'Ligia Panameño', NULL, NULL, '2200311-7', '2020-03-11', 'Techo 2576', NULL, NULL, '8001012023', -76.47503, 3.44817, '8001012401', '8001012502', '8001012607', 'No', NULL, NULL, 'No', 'No', 'Finalizado, se envio informe al Plan Jarillon de Cali', NULL, NULL, NULL, NULL, NULL, NULL, NULL, NULL, '', NULL, NULL, NULL, NULL, NULL, NULL, NULL, NULL, NULL, NULL, NULL, NULL, NULL, NULL, NULL, NULL, NULL, NULL, NULL, NULL, NULL, NULL, NULL, NULL, NULL, NULL, '2023-08-06 22:56:35.064000', '2023-08-06 22:57:06.530000', '2023-08-06 22:57:06.527000', 1, 1),
(59, 59, '59', '2020', 1144063314, '8001010504', NULL, '2020-03-10', 202041630200000384, '2020-03-16', 4, NULL, 'Plan Jarillon de Cali', 'Yolanda Mina Galindo', NULL, NULL, '2200311-8', '2020-03-11', 'Techo 2577', NULL, NULL, '8001012023', -76.47514, 3.44819, '8001012401', '8001012502', '8001012607', 'No', NULL, NULL, 'No', 'No', 'Finalizado, se envio informe al Plan Jarillon de Cali', NULL, NULL, NULL, NULL, NULL, NULL, NULL, NULL, '', NULL, NULL, NULL, NULL, NULL, NULL, NULL, NULL, NULL, NULL, NULL, NULL, NULL, NULL, NULL, NULL, NULL, NULL, NULL, NULL, NULL, NULL, NULL, NULL, NULL, NULL, '2023-08-06 22:56:35.064000', '2023-08-06 22:57:06.530000', '2023-08-06 22:57:06.527000', 1, 1),
(60, 60, '60', '2020', 1144063314, '8001010504', NULL, '2020-03-10', 202041630200000384, '2020-03-16', 4, NULL, 'Plan Jarillon de Cali', 'Hector Angulo', NULL, NULL, '2200311-9', '2020-03-11', 'Techo 2578', NULL, NULL, '8001012023', -76.47505, 3.44837, '8001012401', '8001012502', '8001012607', 'No', NULL, NULL, 'No', 'No', 'Finalizado, se envio informe al Plan Jarillon de Cali', NULL, NULL, NULL, NULL, NULL, NULL, NULL, NULL, '', NULL, NULL, NULL, NULL, NULL, NULL, NULL, NULL, NULL, NULL, NULL, NULL, NULL, NULL, NULL, NULL, NULL, NULL, NULL, NULL, NULL, NULL, NULL, NULL, NULL, NULL, '2023-08-06 22:56:35.064000', '2023-08-06 22:57:06.530000', '2023-08-06 22:57:06.527000', 1, 1),
(61, 61, '61', '2020', 1143859435, '8001010503', NULL, '2020-03-13', 202041630200000414, '2020-03-16', 1, NULL, 'Ruben Estrada', 'Ruben Estrada', NULL, NULL, '1200313-1', '2020-03-13', 'C 6d Oeste No B44-49', '2003', '8001012020', NULL, -76.55732, 3.43011, '8001012401', '8001012502', '8001012604', 'Si', NULL, NULL, 'Si', 'No', 'Finalizado, se envio informe a Secretaria de Infraestructura, traslado Secretaria de Seguridad y Justicia, traslado Secretaria de Vivienda Social y Habitat y traslado EMCALI', NULL, NULL, NULL, 6, '202041630200000434', NULL, NULL, 5, '202041630200000424', NULL, NULL, 10, '202041630200000431', NULL, NULL, NULL, NULL, NULL, NULL, NULL, NULL, NULL, NULL, NULL, NULL, NULL, NULL, NULL, NULL, NULL, NULL, NULL, NULL, NULL, NULL, '2023-08-06 22:56:35.064000', '2023-08-06 22:57:06.530000', '2023-08-06 22:57:06.527000', 1, 1),
(62, 62, '62', '2020', 1130622754, '8001010503', NULL, '2020-03-13', 202041630200000414, '2020-03-16', 1, NULL, 'Mercedes Uni\n\n', 'Mercedes Uni\n\n', NULL, NULL, '11200313-1', '2020-03-13', 'C 6c Oeste No 49A-21', '2003', '8001012020', NULL, -76.55395, 3.41848, '8001012401', '8001012502', '8001012604', 'Si', NULL, NULL, 'Si', 'No', 'Finalizado, se envio informe a Secretaria de Infraestructura, traslado Secretaria de Seguridad y Justicia, traslado Secretaria de Vivienda Social y Habitat y traslado EMCALI', NULL, NULL, NULL, 6, '202041630200000434', NULL, NULL, 5, '202041630200000424', NULL, NULL, 10, '202041630200000431', NULL, NULL, NULL, NULL, NULL, NULL, NULL, NULL, NULL, NULL, NULL, NULL, NULL, NULL, NULL, NULL, NULL, NULL, NULL, NULL, NULL, NULL, '2023-08-06 22:56:35.064000', '2023-08-06 22:57:06.530000', '2023-08-06 22:57:06.527000', 1, 1),
(63, 63, '63', '2020', 1144063314, '8001010503', NULL, '2020-03-13', 202041630200000414, '2020-03-16', 1, NULL, 'Julieth Flores García', 'Julieth Flores García', NULL, NULL, '2200313-1', '2020-03-13', 'C 6d Oeste No 49-34', '2003', '8001012020', NULL, -76.55732, 3.43011, '8001012401', '8001012502', '8001012604', 'Si', NULL, NULL, 'Si', 'No', 'Finalizado, se envio informe a Secretaria de Infraestructura, traslado Secretaria de Seguridad y Justicia, traslado Secretaria de Vivienda Social y Habitat y traslado EMCALI', NULL, NULL, NULL, 6, '202041630200000434', NULL, NULL, 5, '202041630200000424', NULL, NULL, 10, '202041630200000431', NULL, NULL, NULL, NULL, NULL, NULL, NULL, NULL, NULL, NULL, NULL, NULL, NULL, NULL, NULL, NULL, NULL, NULL, NULL, NULL, NULL, NULL, '2023-08-06 22:56:35.064000', '2023-08-06 22:57:06.530000', '2023-08-06 22:57:06.527000', 1, 1);
INSERT INTO `historicoskk` (`id`, `VcrId`, `vcr_cod_his`, `Vcrano`, `VcrIdSerP`, `VcrIdSol`, `vrc_rad_sol`, `VcrFecSol`, `VcrRadRes`, `VcrFecRad`, `VcrDiaResp`, `VcrIdRie`, `VcrEntSol`, `VcrNomAti`, `VcrNoIde`, `VcrCel`, `VcrCodForm`, `VcrFecVis`, `VcrDir`, `VcrIdBarVe`, `VcrIdCom`, `VcrIdCorr`, `vcr_lon`, `vcr_lat`, `VcrIdMot`, `VcrIdFen`, `VcrIdCar`, `VcrAyuHum`, `VcrPerHer`, `VcrPerFall`, `VcrTraCas`, `VcrCop`, `VcrEstTra`, `VcrObsHis`, `VcrUbiInf`, `VcrResInf`, `VcrIdTra1`, `VcrRadTra1`, `VcrFecTra1`, `VcrResTra1`, `VcrIdTra2`, `VcrRadTra2`, `VcrFecTra2`, `VcrResTra2`, `VcrIdTra3`, `VcrRadTra3`, `VcrFecTra3`, `VcrResTra3`, `VcrIdTra4`, `VcrRadTra4`, `VcrFecTra4`, `VcrResTra4`, `VcrIdTra5`, `VcrRadTra5`, `VcrFecTra5`, `VcrResTra5`, `VcrIdTra6`, `VcrRadTra6`, `VcrIdTra7`, `VcrRadTra7`, `VcrIdTra8`, `VcrRadTra8`, `VcrdTra2`, `field4`, `VcrI`, `field6`, `field5`, `VcrDirNom`, `created_at`, `updated_at`, `published_at`, `created_by_id`, `updated_by_id`) VALUES
(64, 64, '64', '2020', 1144063314, '8001010503', '202041730100304522', '2020-03-09', 202041630100001771, '2020-03-19', 8, NULL, 'Yesica Montoya Laserna', 'Yesica Montoya Laserna', NULL, NULL, '2200310-1', '2020-03-10', 'Sector Colinas', '296', '02', NULL, -76.53699, 3.49211, '8001012403', '8001012503', '8001012607', 'Si', NULL, NULL, 'Si', 'No', 'Finalizado, se envio informe a peticionario, traslado Secretaria de Bienestar Social y traslado Secretaria de Vivienda Social y Habitat', NULL, NULL, NULL, 7, '202041630100000894', NULL, NULL, 5, '202041630100000884', NULL, NULL, NULL, NULL, NULL, NULL, NULL, NULL, NULL, NULL, NULL, NULL, NULL, NULL, NULL, NULL, NULL, NULL, NULL, NULL, NULL, NULL, NULL, NULL, NULL, NULL, '2023-08-06 22:56:35.064000', '2023-08-06 22:57:06.530000', '2023-08-06 22:57:06.527000', 1, 1),
(65, 65, '65', '2020', 1151936630, '8001010503', '202041630100001421', '2020-02-25', 202041630100001421, '2020-03-11', 8, NULL, 'CVC - Diego Luis Hurtado Anzares', 'Hilda Solarte', NULL, NULL, '9200305-1', '2020-03-05', 'Corregimiento La Castilla - Finca La Estrella', NULL, NULL, '8001012034', -76.583442, 3.494912, '8001012403', '8001012502', '8001012605', 'No', NULL, NULL, 'Si', 'No', 'Finalizado, se envio informe a peticionario, traslado Secretaria deSeguridad y Justicia, traslado Secretaria de Vivienda Social y Habitat y el Departamento Administrativo de Planeacion Municipal', NULL, NULL, NULL, 6, '202041630100000704', NULL, NULL, 5, '202041630100000694', NULL, NULL, 31, '202041630100000714', NULL, NULL, NULL, NULL, NULL, NULL, NULL, NULL, NULL, NULL, NULL, NULL, NULL, NULL, NULL, NULL, NULL, NULL, NULL, NULL, NULL, NULL, '2023-08-06 22:56:35.064000', '2023-08-06 22:57:06.530000', '2023-08-06 22:57:06.527000', 1, 1),
(66, 66, '66', '2020', 1151936630, '8001010503', '202041630200000381', '2020-02-22', 202041730100239072, '2020-03-06', 10, NULL, 'Ricardo Antonio Lizalda Ocampo', 'Ricardo Antonio Lizalda Ocampo', NULL, NULL, '9200306-1', '2020-03-06', 'Av 9 No 27-05', '210', '8001012002', NULL, -76.731111, 3.471388, '8001012403', '8001012502', '8001012602', 'No', NULL, NULL, 'Si', 'No', 'Finalizado, se envio informe a peticionario, traslado a EMCALI', NULL, NULL, NULL, 10, '202041630200000391', NULL, NULL, NULL, '', NULL, NULL, NULL, NULL, NULL, NULL, NULL, NULL, NULL, NULL, NULL, NULL, NULL, NULL, NULL, NULL, NULL, NULL, NULL, NULL, NULL, NULL, NULL, NULL, NULL, NULL, '2023-08-06 22:56:35.064000', '2023-08-06 22:57:06.530000', '2023-08-06 22:57:06.527000', 1, 1),
(67, 67, '67', '2020', 1151936630, '8001010503', NULL, '2020-03-14', 202041630200000461, '2020-03-18', 3, NULL, 'JAL', 'Habitantes - Conjunto Residencial Altos de Santa H', NULL, NULL, '9200314-1', '2020-03-14', 'C 1Bis Oeste No 100A Bis', NULL, '8001012018', NULL, -76.555555, 3.368694, '8001012401', '8001012502', '8001012602', 'No', NULL, NULL, 'Si', 'No', 'Finalizado, se envio informe a EMCALI y traslado a Vivienda', NULL, NULL, NULL, 5, '202041630200000504', NULL, NULL, NULL, '', NULL, NULL, NULL, NULL, NULL, NULL, NULL, NULL, NULL, NULL, NULL, NULL, NULL, NULL, NULL, NULL, NULL, NULL, NULL, NULL, NULL, NULL, NULL, NULL, NULL, NULL, '2023-08-06 22:56:35.064000', '2023-08-06 22:57:06.530000', '2023-08-06 22:57:06.527000', 1, 1),
(68, 68, '68', '2020', 1151936630, '8001010503', '202041730100241052', '2020-02-25', 202041630200000451, '2020-03-09', 11, NULL, 'Monica Patricia Medina Gutierrez', 'Monica Patricia Medina Gutierrez', NULL, NULL, '9200309-1', '2020-03-09', 'C 7 No 14A-106', '306', '8001012003', NULL, -76.535109, 3.441431, '8001012403', '8001012502', '8001012607', 'No', NULL, NULL, 'Si', 'No', 'Finalizado, se envio informe a peticionario, traslado a la Secertaria de Educacion', NULL, NULL, NULL, 21, '202041630200000474', NULL, NULL, NULL, '', NULL, NULL, NULL, NULL, NULL, NULL, NULL, NULL, NULL, NULL, NULL, NULL, NULL, NULL, NULL, NULL, NULL, NULL, NULL, NULL, NULL, NULL, NULL, NULL, NULL, NULL, '2023-08-06 22:56:35.064000', '2023-08-06 22:57:06.530000', '2023-08-06 22:57:06.527000', 1, 1),
(69, 69, '69', '2020', 1151936630, '8001010503', NULL, '2020-03-11', 202041630010002064, '2020-03-11', 1, NULL, NULL, NULL, NULL, NULL, '9200311-1', '2020-03-11', 'Av 4 Oeste C 6', '201', '8001012002', NULL, -76.548119, 3.454809, '8001012403', '8001012502', '8001012607', 'No', NULL, NULL, 'No', 'No', 'Finalizado, se envio informe a Secretaria de Infraestructura', NULL, NULL, NULL, NULL, NULL, NULL, NULL, NULL, '', NULL, NULL, NULL, NULL, NULL, NULL, NULL, NULL, NULL, NULL, NULL, NULL, NULL, NULL, NULL, NULL, NULL, NULL, NULL, NULL, NULL, NULL, NULL, NULL, NULL, NULL, '2023-08-06 22:56:35.064000', '2023-08-06 22:57:06.530000', '2023-08-06 22:57:06.527000', 1, 1),
(70, 70, '70', '2020', 1151936630, '8001010503', NULL, '2020-03-16', 202041630010002364, '2020-03-17', 1, NULL, 'Eli Schnaider - PJC', 'Eli Schanider - PJC', NULL, NULL, '9200317-1', '2020-03-17', 'C 73 Diagonal 26F', '1313', '8001012013', NULL, -76.48423, 3.436259, '8001012403', '8001012502', '8001012602', 'No', NULL, NULL, 'No', 'No', 'Finalizado, se envio informe a la gerencia del Plan Jarillón de Cali', NULL, NULL, NULL, NULL, NULL, NULL, NULL, NULL, '', NULL, NULL, NULL, NULL, NULL, NULL, NULL, NULL, NULL, NULL, NULL, NULL, NULL, NULL, NULL, NULL, NULL, NULL, NULL, NULL, NULL, NULL, NULL, NULL, NULL, NULL, '2023-08-06 22:56:35.064000', '2023-08-06 22:57:06.530000', '2023-08-06 22:57:06.527000', 1, 1),
(71, 71, '71', '2020', 1144171574, '8001010503', '202041730100295692', '2020-03-06', 202041630200000501, '2020-03-25', 12, NULL, 'Rosa Nelly Moreno', 'Rosa Nelly Moreno', NULL, NULL, '6200318-2', '2020-03-18', 'C 1 oeste No 42D-08', '2003', '8001012020', NULL, -76.554, 3.4224, '8001012403', '8001012502', '8001012607', 'Si', NULL, NULL, 'Si', 'No', 'Finalizado, se envio informe por correo a CVC – Corporacion Autonoma Regional del Valle del Cauca', NULL, NULL, NULL, 9, '202041630200000491', NULL, NULL, NULL, '', NULL, NULL, NULL, NULL, NULL, NULL, NULL, NULL, NULL, NULL, NULL, NULL, NULL, NULL, NULL, NULL, NULL, NULL, NULL, NULL, NULL, NULL, NULL, NULL, NULL, NULL, '2023-08-06 22:56:35.064000', '2023-08-06 22:57:06.530000', '2023-08-06 22:57:06.527000', 1, 1),
(72, 72, '72', '2020', 1144171574, '8001010503', '202041730100286892', '2020-03-05', 202041630200000471, '2020-03-20', 13, NULL, 'Anonimo', 'Ninguna', NULL, NULL, '6200318-1', '2020-03-18', 'C 10 oeste No 38-286', '1983', '8001012019', NULL, -76.554, 3.4306, '8001012403', '8001012502', '8001012602', 'No', NULL, NULL, 'Si', 'No', 'Finalizado, se envio informe a IVC y DAGMA', NULL, NULL, NULL, 13, '202041630200000524', NULL, NULL, 11, '202041630200000534', NULL, NULL, NULL, NULL, NULL, NULL, NULL, NULL, NULL, NULL, NULL, NULL, NULL, NULL, NULL, NULL, NULL, NULL, NULL, NULL, NULL, NULL, NULL, NULL, NULL, NULL, '2023-08-06 22:56:35.064000', '2023-08-06 22:57:06.530000', '2023-08-06 22:57:06.527000', 1, 1),
(73, 73, '73', '2020', 1143853077, '8001010503', '202041730100220262', '2020-02-20', 202041630100000811, '2020-03-03', 7, NULL, 'Edil Jhon Jaramillo', 'Edil Jhon Jaramillo', NULL, NULL, '10200303-1', '2020-03-03', 'Callejon Yanet', NULL, NULL, '8001012026', -76.57427, 3.39614, '8001012403', '8001012501', '8001012605', 'No', NULL, NULL, 'Si', 'No', 'Finalizado, se envio informe a peticionario, traslado a CVC – Corporacion Autonoma Regional del Valle del Cauca y Secretaria de Infraestructura', NULL, NULL, NULL, 9, '202041630100000861', NULL, NULL, 4, '202041630100000554', NULL, NULL, NULL, NULL, NULL, NULL, NULL, NULL, NULL, NULL, NULL, NULL, NULL, NULL, NULL, NULL, NULL, NULL, NULL, NULL, NULL, NULL, NULL, NULL, NULL, NULL, '2023-08-06 22:56:35.064000', '2023-08-06 22:57:06.530000', '2023-08-06 22:57:06.527000', 1, 1),
(74, 74, '74', '2020', 1130622754, '8001010503', NULL, '2020-03-14', 202041630200000554, '2020-03-24', 18, NULL, 'JAL', 'Ana Rita Flores', NULL, NULL, '11200314-1', '2020-03-14', 'C 1Bis Oeste No 100A Bis', NULL, '8001012018', NULL, -76.331072, 3.221, '8001012401', '8001012502', '8001012605', 'No', NULL, NULL, 'Si', 'No', 'En proceso, se envio informe y traslados para revisión y firma', NULL, NULL, NULL, 4, '202041630200000554', NULL, NULL, 5, '202041630100000564', NULL, NULL, NULL, NULL, NULL, NULL, NULL, NULL, NULL, NULL, NULL, NULL, NULL, NULL, NULL, NULL, NULL, NULL, NULL, NULL, NULL, NULL, NULL, NULL, NULL, NULL, '2023-08-06 22:56:35.064000', '2023-08-06 22:57:06.530000', '2023-08-06 22:57:06.527000', 1, 1),
(75, 75, '75', '2020', 36861950, '8001010503', NULL, '2020-03-13', 202041630100000644, '2020-03-31', 9, NULL, 'Edison Villano', 'Edison Villano', NULL, NULL, NULL, '2020-03-14', 'C 3 Oeste No 42b-21', '2003', '8001012020', NULL, -76.554546, 3.423134, '8001012403', '8001012502', '8001012607', 'No', NULL, NULL, 'Si', 'No', 'Finalizado, se envio informe de emergencia a Secretaria de Vivienda Social y Habitat', NULL, NULL, NULL, 5, '202041630100000644', NULL, NULL, NULL, '', NULL, NULL, NULL, NULL, NULL, NULL, NULL, NULL, NULL, NULL, NULL, NULL, NULL, NULL, NULL, NULL, NULL, NULL, NULL, NULL, NULL, NULL, NULL, NULL, NULL, NULL, '2023-08-06 22:56:35.064000', '2023-08-06 22:57:06.530000', '2023-08-06 22:57:06.527000', 1, 1),
(76, 76, '76', '2020', 111111, '8001010503', '202041730100142482', '2020-02-05', 202041630100001931, '2020-04-03', 32, NULL, 'Jaime Montoya', 'Andres Montoya', NULL, NULL, '5200313-1', '2020-03-13', 'Av 8N No 23n-26', NULL, NULL, NULL, -76.532174, 3.464171, '8001012403', '8001012504', '8001012607', 'No', NULL, NULL, 'SI', 'No', 'Finalizado, se envio informe a peticionario y traslado a Subsecretaria de Acceso a Servicios de Justicia', NULL, NULL, NULL, 23, NULL, NULL, NULL, NULL, '', NULL, NULL, NULL, NULL, NULL, NULL, NULL, NULL, NULL, NULL, NULL, NULL, NULL, NULL, NULL, NULL, NULL, NULL, NULL, NULL, NULL, NULL, NULL, NULL, NULL, NULL, '2023-08-06 22:56:35.064000', '2023-08-06 22:57:06.530000', '2023-08-06 22:57:06.527000', 1, 1),
(77, 77, '77', '2020', 1144171574, '8001010503', NULL, '2020-04-23', 202041630200000694, '2020-04-23', 2, NULL, 'Herilda Franco', 'Herilda Franco', NULL, NULL, '6200419-1', '2020-04-19', 'C 83 No 28f-88', '1598', '8001012015', NULL, -76.49062, 3.413415, '8001012401', '8001012504', '8001012612', 'Si', NULL, NULL, 'Si', 'No', 'Finalizado, se envio informe Secretaria de Vivienda Social y Habitat', NULL, NULL, NULL, 5, '2020416302000000694', NULL, NULL, NULL, '', NULL, NULL, NULL, NULL, NULL, NULL, NULL, NULL, NULL, NULL, NULL, NULL, NULL, NULL, NULL, NULL, NULL, NULL, NULL, NULL, NULL, NULL, NULL, NULL, NULL, NULL, '2023-08-06 22:56:35.064000', '2023-08-06 22:57:06.530000', '2023-08-06 22:57:06.527000', 1, 1),
(78, 78, '78', '2020', 36861950, '8001010503', '202041610100007264', '2020-03-30', 202041630100001124, '2020-04-30', 21, NULL, 'Esthephany Arias Jimenez', NULL, NULL, NULL, NULL, '2020-04-28', '', NULL, NULL, '8001012023', 0, 3.41111, '8001012403', '8001012503', '8001012610', 'No', NULL, NULL, 'No', 'No', 'Finalizado, se envio informe a peticionario', NULL, NULL, NULL, NULL, NULL, NULL, NULL, NULL, '', NULL, NULL, NULL, NULL, NULL, NULL, NULL, NULL, NULL, NULL, NULL, NULL, NULL, NULL, NULL, NULL, NULL, NULL, NULL, NULL, NULL, NULL, NULL, NULL, NULL, NULL, '2023-08-06 22:56:35.064000', '2023-08-06 22:57:06.530000', '2023-08-06 22:57:06.527000', 1, 1),
(79, 79, '79', '2020', 1053768233, '8001010504', NULL, '2020-05-18', 202041630100001244, '2020-05-21', 3, NULL, 'Secretaria de Vivienda Social y Habitat', NULL, NULL, NULL, '4200519-1', '2020-05-19', 'K 38 2 Oeste', '2003', '8001012020', NULL, -76.556888, 3.425754, '8001012401', '8001012502', '8001012605', 'No', NULL, NULL, 'Si', 'No', 'Finalizado, se envio informe a Unidad Administrativa Especial de Gestion de Bienes y Servicios, Unidad Administrativa Especial de Servicios Publicos Municipales y Secretaria de Seguridad y Justicia', NULL, NULL, NULL, 24, '202041630100001224', NULL, NULL, 17, '202041630100001234', NULL, NULL, 6, '202041630100001214', NULL, NULL, NULL, NULL, NULL, NULL, NULL, NULL, NULL, NULL, NULL, NULL, NULL, NULL, NULL, NULL, NULL, NULL, NULL, NULL, NULL, NULL, '2023-08-06 22:56:35.064000', '2023-08-06 22:57:06.530000', '2023-08-06 22:57:06.527000', 1, 1),
(80, 80, '80', '2020', 1053768233, '8001010504', NULL, '2020-05-20', 202041630100001254, '2020-05-21', 1, NULL, 'Yudi Heredia', 'Yudi Heredia', NULL, NULL, '4200520-1', '2020-05-20', 'Sector Hoyo Frio', NULL, NULL, '8001012037', -76.55065, 3.49892, '8001012401', '8001012502', '8001012605', 'No', NULL, NULL, 'Si', 'No', 'Finalizado, se envio informe a CVC – Corporacion Autonoma Regional del Valle del Cauca', NULL, NULL, NULL, 9, '202041630100002191', NULL, NULL, NULL, '', NULL, NULL, NULL, NULL, NULL, NULL, NULL, NULL, NULL, NULL, NULL, NULL, NULL, NULL, NULL, NULL, NULL, NULL, NULL, NULL, NULL, NULL, NULL, NULL, NULL, NULL, '2023-08-06 22:56:35.064000', '2023-08-06 22:57:06.530000', '2023-08-06 22:57:06.527000', 1, 1),
(81, 81, '81', '2020', 1053768233, '8001010504', NULL, '2020-05-30', 202041630010004324, '2020-06-01', 1, NULL, 'Consorcio via Pance - Nestor Martinez', 'Carlos Carvajal', NULL, NULL, '4200531-1', '2020-05-31', 'Km 2 + 130 al 150 y Km 1 + 770 al 870', NULL, NULL, '8001012025', -76.583784, 3.332948, '8001012401', '8001012502', '8001012605', 'No', NULL, NULL, 'Si', 'No', 'Finalizado, se envio informe a Secretaria de Infraestructura', NULL, NULL, NULL, 4, '202041630010004324', NULL, NULL, NULL, '', NULL, NULL, NULL, NULL, NULL, NULL, NULL, NULL, NULL, NULL, NULL, NULL, NULL, NULL, NULL, NULL, NULL, NULL, NULL, NULL, NULL, NULL, NULL, NULL, NULL, NULL, '2023-08-06 22:56:35.064000', '2023-08-06 22:57:06.530000', '2023-08-06 22:57:06.527000', 1, 1),
(82, 82, '82', '2020', 1143853077, '8001010503', NULL, '2020-05-14', 202041630100001194, '2020-05-15', 1, NULL, 'Holmes Mosquera', 'Holmes Mosquera', NULL, NULL, '10200514-1', '2020-05-14', 'C 42 con K 8 Norte Puente Peatonal', '413', '8001012004', NULL, -76.514614, 3.472705, '8001012403', '8001012502', '8001012607', 'No', NULL, NULL, 'Si', 'Si, a John Posso DAGMA', 'Finalizado, se envio informe a peticionario y Secretaria de Infraestructura', NULL, NULL, NULL, 4, '202041630100001194', NULL, NULL, NULL, '', NULL, NULL, NULL, NULL, NULL, NULL, NULL, NULL, NULL, NULL, NULL, NULL, NULL, NULL, NULL, NULL, NULL, NULL, NULL, NULL, NULL, NULL, NULL, NULL, NULL, NULL, '2023-08-06 22:56:35.064000', '2023-08-06 22:57:06.530000', '2023-08-06 22:57:06.527000', 1, 1),
(83, 83, '83', '2020', 1143853077, '8001010503', '202041730100484662', '2020-05-05', 202041730100484662, '2020-05-21', 11, NULL, 'Yudi Heredia', 'Yudi Heredia', NULL, NULL, '10200520-1', '2020-05-20', 'Mina Sector El Hoyo Frío', '', NULL, '8001012037', -76.552157, 3.501601, '8001012403', '8001012502', '8001012605', 'No', NULL, NULL, 'Si', 'No', 'Finalizado, se envio informe a peticionario, Secretaria de Vivienda Social y Habitat, Secretaria de Seguridad y Justicia, Departamento Administrativo de Planeacion Municipal, Corregidora Golondrinas, Benemerito Cuerpo de Bomberos Voluntarios de Cali y CVC – Corporacion Autonoma Regional del Valle del Cauca', NULL, NULL, NULL, 5, '202041630100001284', NULL, NULL, 6, '202041630100001274', NULL, NULL, 31, '202041630100001264', NULL, NULL, NULL, '202041630100001364', NULL, NULL, 3, '202041630100002281', NULL, NULL, 9, '202041630100002251', NULL, NULL, NULL, NULL, NULL, NULL, NULL, NULL, NULL, NULL, '2023-08-06 22:56:35.064000', '2023-08-06 22:57:06.530000', '2023-08-06 22:57:06.527000', 1, 1),
(84, 84, '84', '2020', 1143853077, '8001010503', '202041610100010484', '2020-05-18', 202041610100010484, '2020-06-01', 8, NULL, 'Corregidora La Leonera', 'Feliz Paez', NULL, NULL, '10200520-2', '2020-05-20', 'Via La Leonera vereda El Pajuil', NULL, NULL, '8001012030', -76.632126, 3.453954, '8001012403', '8001012502', '8001012605', 'No', NULL, NULL, 'Si', 'No', 'Finalizado, se emvio informe a peticionario, Secretaria de Infraestructura y CVC – Corporacion Autonoma Regional del Valle del Cauca', NULL, NULL, NULL, 4, '202041630100001424', NULL, NULL, 9, '202041630100002331', NULL, NULL, NULL, NULL, NULL, NULL, NULL, NULL, NULL, NULL, NULL, NULL, NULL, NULL, NULL, NULL, NULL, NULL, NULL, NULL, NULL, NULL, NULL, NULL, NULL, NULL, '2023-08-06 22:56:35.064000', '2023-08-06 22:57:06.530000', '2023-08-06 22:57:06.527000', 1, 1),
(85, 85, '85', '2020', 1151936630, '8001010503', '202041730100529692', '2020-05-16', 202041630200000811, '2020-06-08', 22, NULL, 'MARIA NEILA MORA CORDOBA', 'Maria Neila Mora Cordoba', NULL, NULL, '10200527-1', '2020-05-27', 'C 1 No 56-70', NULL, '8001012019', NULL, -76.556051, 3.407694, '8001012403', '8001012502', '8001012605', 'No', NULL, NULL, 'Si', 'No', 'Finalizado, se envio informe a peticionario y a Secretaria de Infraestructura.', NULL, NULL, NULL, 4, '202041630200000994', NULL, NULL, NULL, '', NULL, NULL, NULL, NULL, NULL, NULL, NULL, NULL, NULL, NULL, NULL, NULL, NULL, NULL, NULL, NULL, NULL, NULL, NULL, NULL, NULL, NULL, NULL, NULL, NULL, NULL, '2023-08-06 22:56:35.064000', '2023-08-06 22:57:06.530000', '2023-08-06 22:57:06.527000', 1, 1),
(86, 86, '86', '2020', 1151936630, '8001010504', '202041610100006044', '2020-05-09', 202041630200000864, '2020-06-01', 21, NULL, 'Corregidora La Castilla', 'Saray Guevara', NULL, NULL, '10200529-1', '2020-05-29', 'Callejon Los Almendros', NULL, NULL, '8001012034', -76.553857, 3.478413, '8001012403', '8001012502', '8001012607', 'No', NULL, NULL, 'Si', 'No', 'Finalizado, se envio informe a peticionario, Secretaria de Infraestructura y CVC – Corporacion Autonoma Regional del Valle del Cauca', NULL, NULL, NULL, 4, '202041630200000874', NULL, NULL, 9, '202041630200000741', NULL, NULL, NULL, '202041630200000751', NULL, NULL, NULL, NULL, NULL, NULL, NULL, NULL, NULL, NULL, NULL, NULL, NULL, NULL, NULL, NULL, NULL, NULL, NULL, NULL, NULL, NULL, '2023-08-06 22:56:35.064000', '2023-08-06 22:57:06.530000', '2023-08-06 22:57:06.527000', 1, 1),
(87, 87, '87', '2020', 36861950, '8001010503', NULL, '2020-05-07', 202041630100002111, '2020-05-12', 4, NULL, 'gustavo', 'Carmen Saldarriaga', NULL, NULL, NULL, '2020-05-11', 'C 1 A No 5F 73 -11', NULL, '8001012006', NULL, -76.48615, 3.484963, '8001012403', '8001012503', '8001012607', 'No', NULL, NULL, 'Si', 'No', 'Finalizado, se envìo informe a peticionario, Secretarìa de Infraestructura y EMCALI – Empresas Municipales de Cali', NULL, NULL, NULL, 10, '202041630100002121', NULL, NULL, 4, '202041630100001174', NULL, NULL, NULL, NULL, NULL, NULL, NULL, NULL, NULL, NULL, NULL, NULL, NULL, NULL, NULL, NULL, NULL, NULL, NULL, NULL, NULL, NULL, NULL, NULL, NULL, NULL, '2023-08-06 22:56:35.064000', '2023-08-06 22:57:06.530000', '2023-08-06 22:57:06.527000', 1, 1),
(88, 88, '88', '2020', 36861950, '8001010503', NULL, '2020-03-10', 202041630100002261, '2020-05-26', 48, NULL, 'Leonardo Lozano Lozano', NULL, NULL, NULL, NULL, '2020-05-12', 'C 96 No 48-53', NULL, '8001012017', NULL, -76.515623, 3.372969, '8001012403', '8001012503', '8001012607', 'No', NULL, NULL, 'No', 'No', 'Finalizado, se envio informe a peticionario', NULL, NULL, NULL, NULL, NULL, NULL, NULL, NULL, '', NULL, NULL, NULL, NULL, NULL, NULL, NULL, NULL, NULL, NULL, NULL, NULL, NULL, NULL, NULL, NULL, NULL, NULL, NULL, NULL, NULL, NULL, NULL, NULL, NULL, NULL, '2023-08-06 22:56:35.064000', '2023-08-06 22:57:06.530000', '2023-08-06 22:57:06.527000', 1, 1),
(89, 89, '89', '2020', 1059695640, '8001010503', '202041610100010474', '2020-05-18', 202041630100001494, '2020-06-08', 14, NULL, 'Diana Maritza Rodriguez', 'Rosalba Ruiz', NULL, NULL, '8200528-1', '2020-05-28', 'Finca la Pitufa. 214 parte baja', NULL, NULL, '8001012035', -76.54539, 3.45231, '8001012403', '8001012504', '8001012612', 'Si', NULL, NULL, 'Si', 'No', 'Finalizado, Se envio informe a peticionario. Secretaria de Vivienda Social y Habitat y Secretaria de Bienestar Social', NULL, NULL, NULL, 5, '202041630100001494', NULL, NULL, 7, '202041630100001484', NULL, NULL, NULL, NULL, NULL, NULL, NULL, NULL, NULL, NULL, NULL, NULL, NULL, NULL, NULL, NULL, NULL, NULL, NULL, NULL, NULL, NULL, NULL, NULL, NULL, NULL, '2023-08-06 22:56:35.064000', '2023-08-06 22:57:06.530000', '2023-08-06 22:57:06.527000', 1, 1),
(90, 90, '90', '2020', 1059695640, '8001010503', NULL, '2020-05-29', 202041630100001504, '2020-06-08', 6, NULL, 'Alexandra Moneredo', 'Roizon Ortega', NULL, NULL, '8200529-1', '2020-05-29', 'Cabecera La Castilla', NULL, NULL, '8001012034', -76.57639, 3.49395, '8001012403', '8001012502', '8001012605', 'No', NULL, NULL, 'No', 'No', 'Finalizado, se envio informe a peticionario', NULL, NULL, NULL, NULL, NULL, NULL, NULL, NULL, '', NULL, NULL, NULL, NULL, NULL, NULL, NULL, NULL, NULL, NULL, NULL, NULL, NULL, NULL, NULL, NULL, NULL, NULL, NULL, NULL, NULL, NULL, NULL, NULL, NULL, NULL, '2023-08-06 22:56:35.064000', '2023-08-06 22:57:06.530000', '2023-08-06 22:57:06.527000', 1, 1),
(91, 91, '91', '2020', 1144063314, '8001010503', NULL, '2020-05-27', 202041630200000834, '2020-06-01', 3, NULL, 'Plan Jarillon de Cali', 'Ana Zoraida Gonzales', NULL, NULL, '2200527-1', '2020-05-27', 'C 72I No 26I-44', NULL, '8001012013', NULL, -76.49182, 3.42888, '8001012401', '8001012502', '8001012607', 'Si', NULL, NULL, 'Si', 'No', 'Finalizado, se envio informe a peticionario, Secretaria de Vivienda Social y Habitat y Secretaria de Bienestar Social', NULL, NULL, NULL, 5, '202041630200000844', NULL, NULL, 7, '202041630200000854', NULL, NULL, NULL, NULL, NULL, NULL, NULL, NULL, NULL, NULL, NULL, NULL, NULL, NULL, NULL, NULL, NULL, NULL, NULL, NULL, NULL, NULL, NULL, NULL, NULL, NULL, '2023-08-06 22:56:35.064000', '2023-08-06 22:57:06.530000', '2023-08-06 22:57:06.527000', 1, 1),
(92, 92, '92', '2020', 1130622754, '8001010503', '202041730100544382', '2020-05-20', NULL, NULL, NULL, NULL, 'Clara Marlen Cante Fula', 'Clara Marlen Cante Fula', NULL, NULL, '11200527-1', '2020-05-27', 'K 38A 3 No 55A-03', '1504', '8001012015', NULL, -76.497077, 3.408039, '8001012403', '8001012503', '8001012610', 'No', NULL, NULL, 'Si', 'No', 'En proceso', NULL, NULL, NULL, 6, NULL, NULL, NULL, 31, NULL, NULL, NULL, NULL, NULL, NULL, NULL, NULL, NULL, NULL, NULL, NULL, NULL, NULL, NULL, NULL, NULL, NULL, NULL, NULL, NULL, NULL, NULL, NULL, NULL, NULL, NULL, '2023-08-06 22:56:35.064000', '2023-08-06 22:57:06.530000', '2023-08-06 22:57:06.527000', 1, 1),
(93, 93, '93', '2020', 111111, '8001010503', '201941730101486172', '2019-10-01', 202041630100002421, '2020-06-11', NULL, NULL, NULL, 'Viviana Andrea Girarldo', NULL, NULL, '5200611-1', '2020-05-29', 'K 76 B1 Oeste No 4a-34', '1803', NULL, NULL, -76.562732, 3.388753, '8001012403', '8001012506', '8001012605', 'No', NULL, NULL, 'No', 'No', 'Finalizado, se envio informe a peticionario', NULL, NULL, NULL, NULL, NULL, NULL, NULL, NULL, '', NULL, NULL, NULL, NULL, NULL, NULL, NULL, NULL, NULL, NULL, NULL, NULL, NULL, NULL, NULL, NULL, NULL, NULL, NULL, NULL, NULL, NULL, NULL, NULL, NULL, NULL, '2023-08-06 22:56:35.064000', '2023-08-06 22:57:06.530000', '2023-08-06 22:57:06.527000', 1, 1),
(94, 94, '94', '2020', 1143859435, '8001010503', '202041730100311612', '2020-03-10', 202041630200000571, '2020-03-30', 20, NULL, 'Maria Elvita Jimenez', 'Maria Elvita Jimenez', NULL, NULL, '1200527-1', '2020-05-27', 'K 26O No 118-04', '1403', '8001012013', NULL, -76.468953, 3.421044, '8001012403', '8001012502', '8001012602', 'No', NULL, NULL, 'Si', 'No', 'Finalizado, se envio informe a peticionario y Secretaria de Vivienda Social y Habitat', NULL, NULL, NULL, 5, '202041630200000794', NULL, NULL, NULL, '', NULL, NULL, NULL, NULL, NULL, NULL, NULL, NULL, NULL, NULL, NULL, NULL, NULL, NULL, NULL, NULL, NULL, NULL, NULL, NULL, NULL, NULL, NULL, NULL, NULL, NULL, '2023-08-06 22:56:35.064000', '2023-08-06 22:57:06.530000', '2023-08-06 22:57:06.527000', 1, 1),
(95, 95, '95', '2020', 1143859435, '8001010504', '202041730200000694', '2020-03-17', 202041630200000824, '2020-06-01', 53, NULL, 'Juan Manuel Chicango', 'Juan Manuel Chicango', NULL, NULL, '1200527-2', '2020-05-27', 'C 38 K41H-02', '1603', '8001012016', NULL, -76.51289, 3.41322, '8001012403', '8001012502', '8001012607', 'No', NULL, NULL, 'No', 'No', 'Finalizado, se envio informe a peticionario', NULL, NULL, NULL, NULL, NULL, NULL, NULL, NULL, '', NULL, NULL, NULL, NULL, NULL, NULL, NULL, NULL, NULL, NULL, NULL, NULL, NULL, NULL, NULL, NULL, NULL, NULL, NULL, NULL, NULL, NULL, NULL, NULL, NULL, NULL, '2023-08-06 22:56:35.064000', '2023-08-06 22:57:06.530000', '2023-08-06 22:57:06.527000', 1, 1),
(96, 96, '96', '2020', 1143859435, '8001010504', NULL, '2020-06-02', 202041630200000914, '2020-06-03', 1, NULL, 'Amparo Portillo', 'Ericka Naranjo Martinez', NULL, NULL, '1200602-1', '2020-06-02', 'C 9 Oeste No 50A-58', '2004', '8001012020', NULL, -76.560271, 3.419652, '8001012401', '8001012502', '8001012605', 'Si', NULL, NULL, 'Si', 'No', 'Finalizado, se envio informe a Subsecretaria de Acceso a Servicios de Justicia, Departamento Administrativo de Gestion del Medio Ambiente y Secretaria de Vivienda Social y Habitat.', NULL, NULL, NULL, 23, '202041630200000914', NULL, NULL, 18, '202041630200000894', NULL, NULL, 5, '202041630200000904', NULL, NULL, NULL, NULL, NULL, NULL, NULL, NULL, NULL, NULL, NULL, NULL, NULL, NULL, NULL, NULL, NULL, NULL, NULL, NULL, NULL, NULL, '2023-08-06 22:56:35.064000', '2023-08-06 22:57:06.530000', '2023-08-06 22:57:06.527000', 1, 1),
(97, 97, '97', '2020', 1144063314, '8001010504', NULL, '2020-06-02', 202041630200000914, '2020-06-03', 1, NULL, 'Amparo Portillo', 'Maria Teresa Roubles', NULL, NULL, '2200602-1', '2020-06-02', 'C 9 Oeste No 50A-52 Apto 01', '2004', '8001012020', NULL, -76.56039, 3.42019, '8001012401', '8001012502', '8001012605', 'Si', NULL, NULL, 'Si', 'No', 'Finalizado, se envio informe a Subsecretaria de Acceso a Servicios de Justicia, Departamento Administrativo de Gestion del Medio Ambiente y Secretaria de Vivienda Social y Habitat.', NULL, NULL, NULL, 23, '202041630200000914', NULL, NULL, 18, '202041630200000894', NULL, NULL, 5, '202041630200000904', NULL, NULL, NULL, NULL, NULL, NULL, NULL, NULL, NULL, NULL, NULL, NULL, NULL, NULL, NULL, NULL, NULL, NULL, NULL, NULL, NULL, NULL, '2023-08-06 22:56:35.064000', '2023-08-06 22:57:06.530000', '2023-08-06 22:57:06.527000', 1, 1),
(98, 98, '98', '2020', 1144063314, '8001010504', NULL, '2020-06-02', 202041630200000914, '2020-06-03', 1, NULL, 'Amparo Portillo', 'Arnulfo Bastidas Cardona', NULL, NULL, '2200602-2', '2020-06-02', 'C 9 Oeste No 50A-52 Apto 02', '2004', '8001012020', NULL, -76.56029, 3.420191, '8001012401', '8001012502', '8001012605', 'Si', NULL, NULL, 'Si', 'No', 'Finalizado, se envio informe a Subsecretaria de Acceso a Servicios de Justicia, Departamento Administrativo de Gestion del Medio Ambiente y Secretaria de Vivienda Social y Habitat.', NULL, NULL, NULL, 23, '202041630200000914', NULL, NULL, 18, '202041630200000894', NULL, NULL, 5, '202041630200000904', NULL, NULL, NULL, NULL, NULL, NULL, NULL, NULL, NULL, NULL, NULL, NULL, NULL, NULL, NULL, NULL, NULL, NULL, NULL, NULL, NULL, NULL, '2023-08-06 22:56:35.064000', '2023-08-06 22:57:06.530000', '2023-08-06 22:57:06.527000', 1, 1),
(99, 99, '99', '2020', 1053768233, '8001010504', NULL, '2020-06-02', 202041630200000914, '2020-06-03', 1, NULL, 'Amparo Portillo', 'Amparo Portillo', NULL, NULL, '4200602-1', '2020-06-02', 'C 10 Oeste No 50A-83', '2004', '8001012020', NULL, -76.560426, 3.419779, '8001012401', '8001012502', '8001012605', 'Si', NULL, NULL, 'Si', 'No', 'Finalizado, se envio informe a Subsecretaria de Acceso a Servicios de Justicia, Departamento Administrativo de Gestion del Medio Ambiente y Secretaria de Vivienda Social y Habitat.', NULL, NULL, NULL, 23, '202041630200000914', NULL, NULL, 18, '202041630200000894', NULL, NULL, 5, '202041630200000904', NULL, NULL, NULL, NULL, NULL, NULL, NULL, NULL, NULL, NULL, NULL, NULL, NULL, NULL, NULL, NULL, NULL, NULL, NULL, NULL, NULL, NULL, '2023-08-06 22:56:35.064000', '2023-08-06 22:57:06.530000', '2023-08-06 22:57:06.527000', 1, 1),
(100, 100, '100', '2020', 1053768233, '8001010504', NULL, '2020-06-02', 202041630200000914, '2020-06-03', 1, NULL, 'Amparo Portillo', 'Yulieth Tatiana Pizo', NULL, NULL, '4200602-2', '2020-06-02', 'C 10 Oeste No 50A-87', '2004', '8001012020', NULL, -76.560263, 3.419613, '8001012401', '8001012502', '8001012605', 'Si', NULL, NULL, 'Si', 'No', 'Finalizado, se envio informe a Subsecretaria de Acceso a Servicios de Justicia, Departamento Administrativo de Gestion del Medio Ambiente y Secretaria de Vivienda Social y Habitat.', NULL, NULL, NULL, 23, '202041630200000914', NULL, NULL, 18, '202041630200000894', NULL, NULL, 5, '202041630200000904', NULL, NULL, NULL, NULL, NULL, NULL, NULL, NULL, NULL, NULL, NULL, NULL, NULL, NULL, NULL, NULL, NULL, NULL, NULL, NULL, NULL, NULL, '2023-08-06 22:56:35.064000', '2023-08-06 22:57:06.530000', '2023-08-06 22:57:06.527000', 1, 1);

--
-- Volcado de datos para la tabla `historico_vt`
--

INSERT INTO `historico_vt` (`VcrId`, `VcrCodHis`, `Vcrano`, `VcrIdSerP`, `VcrIdSol`, `VcrRadSol`, `VcrFecSol`, `VcrRadRes`, `VcrFecRad`, `VcrDiaResp`, `VcrIdRie`, `VcrEntSol`, `VcrNomAti`, `VcrNoIde`, `VcrCel`, `VcrCodForm`, `VcrFecVis`, `VcrDir`, `VcrIdBarVe`, `VcrIdCom`, `VcrIdCorr`, `VcrLon`, `VcrLat`, `VcrIdMot`, `VcrIdFen`, `VcrIdCar`, `VcrAyuHum`, `VcrPerHer`, `VcrPerFall`, `VcrTraCas`, `VcrCop`, `VcrEstTra`, `VcrObsHis`, `VcrUbiInf`, `VcrResInf`, `VcrIdTra1`, `VcrRadTra1`, `VcrFecTra1`, `VcrResTra1`, `VcrIdTra2`, `VcrRadTra2`, `VcrFecTra2`, `VcrResTra2`, `VcrIdTra3`, `VcrRadTra3`, `VcrFecTra3`, `VcrResTra3`, `VcrIdTra4`, `VcrRadTra4`, `VcrFecTra4`, `VcrResTra4`, `VcrIdTra5`, `VcrRadTra5`, `VcrFecTra5`, `VcrResTra5`, `VcrIdTra6`, `VcrRadTra6`, `VcrIdTra7`, `VcrRadTra7`, `VcrIdTra8`, `VcrRadTra8`, `VcrdTra2`, `field4`, `VcrI`, `field6`, `field5`, `VcrDirNom`) VALUES
(1, 1, '2020', 1143859435, '8001010503', '202041730100026092', '2020-01-10', 202041630200000000, '2020-01-15', 5, NULL, 'Jose Hermel Sanchez Benavidez', 'Jose Hermel Sanchez Benavidez', NULL, NULL, '1200111-1', '2020-01-11', 'K 95A Oeste No 2Bbis-98', '1891', '8001012018', NULL, '-76,557901', '3,374703', '8001012403', '8001012502', '8001012605', 'Si', NULL, NULL, 'Si', 'No', 'Finalizado, se envio informe a peticionario y traslado a Secretaria de Vivienda Social y Habitat, Secretaria de Infraestructura, Secretaria de Salud Pública, Secretaria de Seguridad y Justicia y EMCALI – Empresas Municipales de Cali', NULL, NULL, NULL, 1, '202041630200000024', NULL, NULL, 4, '202041630200000014', NULL, NULL, 19, '202041630200000044', NULL, NULL, 6, '202041630200000034', NULL, NULL, 10, '202041630200000081', NULL, NULL, NULL, NULL, NULL, NULL, NULL, NULL, NULL, NULL, NULL, NULL, NULL, NULL),
(2, 2, '2020', 1143859435, '8001010503', '202041730100046482', '2020-01-15', 202041630200000071, '2020-01-28', 9, NULL, 'Francy Edith Gutierrez', 'Francy Edith Gutierrez', NULL, NULL, '1200111-2', '2020-01-11', 'K 95 Oeste No 2 Bis-67', '', '8001012018', NULL, '-76,557914', '3,374723', '8001012403', '8001012502', '8001012605', 'Si', NULL, NULL, 'Si', 'No', 'Finalizado, se envio informe a peticionario, y traslado a Unidad Administrativa Especial de Servicios Publicos Municipales.', NULL, NULL, NULL, 17, '202041630200000104', NULL, NULL, NULL, '', NULL, NULL, NULL, NULL, NULL, NULL, NULL, NULL, NULL, NULL, NULL, NULL, NULL, NULL, NULL, NULL, NULL, NULL, NULL, NULL, NULL, NULL, NULL, NULL, NULL, NULL),
(3, 3, '2020', 1143859435, '8001010503', '202041730100027692', '2020-01-10', 202041630200000011, '2020-01-13', 3, NULL, 'Alfonso Narvaez', 'Alfonso Narvaez', NULL, NULL, '1200110-1', '2020-01-13', 'K 45AW No 2-26', '2003', '8001012020', NULL, '-76,552222', '3,420001', '8001012403', '8001012502', '8001012605', 'No', NULL, NULL, 'Si', 'No', 'Finalizado, se envio informe a peticionario y traslado a Secretaria de Bienestar Social, Secretaria de Seguridad y Justicia, Secretaria de Vivienda Social y Habitat', NULL, NULL, NULL, 7, '202041630200000074', NULL, NULL, 6, '202041630200000084', NULL, NULL, 5, '202041630200000054', NULL, NULL, 4, '202041630200000064', NULL, NULL, NULL, NULL, NULL, NULL, NULL, NULL, NULL, NULL, NULL, NULL, NULL, NULL, NULL, NULL, NULL, NULL),
(4, 4, '2020', 1143859435, '8001010503', '202041730100027782', '2020-01-10', 202041630200000101, '2020-01-29', 13, NULL, 'Belisario Hormiga', 'Belisario Hormiga', NULL, NULL, '1200110-2', '2020-01-13', 'K 45AW No 2-24', '2003', '8001012020', NULL, '-76,552233', '3,420004', '8001012403', '8001012502', '8001012605', 'No', NULL, NULL, 'Si', 'No', 'Finalizado, se envio informe a peticionario y traslado a Secretaria de Bienestar Social, Secretaria de Seguridad y Justicia y Secretaria de Vivienda Social y Habitat', NULL, NULL, NULL, 7, '202041630200000114', NULL, NULL, 6, '202041630200000134', NULL, NULL, 5, '202041630200000144', NULL, NULL, 4, '202041630200000124', NULL, NULL, NULL, NULL, NULL, NULL, NULL, NULL, NULL, NULL, NULL, NULL, NULL, NULL, NULL, NULL, NULL, NULL),
(5, 5, '2020', 1143859435, '8001010503', '202041630200000221', '2020-01-24', 202041630200000221, '2020-01-25', 1, NULL, 'Gloria Tamayo Rojas', 'Gloria Tamayo Rojas', NULL, NULL, '1200124-1', '2020-01-24', 'C41 No 8-74', '816', '8001012008', NULL, '-76,506112', '3,454443', '8001012403', '8001012503', '8001012612', 'Si', NULL, NULL, 'Si', 'No', 'Finalizado, se envio informe a peticionario.', NULL, NULL, NULL, 7, '202041630200000194', NULL, NULL, NULL, '', NULL, NULL, NULL, NULL, NULL, NULL, NULL, NULL, NULL, NULL, NULL, NULL, NULL, NULL, NULL, NULL, NULL, NULL, NULL, NULL, NULL, NULL, NULL, NULL, NULL, NULL),
(6, 6, '2020', 1143859435, '8001010503', '202041730100066802', '2020-01-20', 202041630200000141, '2020-02-03', 11, NULL, 'Crisanto Diomedes Rodriguez', 'Crisanto Diomedes Rodriguez', NULL, NULL, '1200124-2', '2020-01-24', 'K 73 Bbis Oeste No 2B-38', '1803', NULL, NULL, '-76,558889', '3,390278', '8001012403', '8001012502', '8001012604', 'No', NULL, NULL, 'Si', 'No', 'Finalizado, se envio informe a peticionario y traslado a EMCALI – Empresas Municipales de Cali.', NULL, NULL, NULL, 10, '202041630200000161', NULL, NULL, NULL, '', NULL, NULL, NULL, NULL, NULL, NULL, NULL, NULL, NULL, NULL, NULL, NULL, NULL, NULL, NULL, NULL, NULL, NULL, NULL, NULL, NULL, NULL, NULL, NULL, NULL, NULL),
(7, 7, '2020', 1143859435, '8001010503', '202041730100058262', '2020-01-17', 202041630200000121, '2020-02-03', 14, NULL, 'Carlos Andres Herrera Giron', 'Carlos Andres Herrera Giron', NULL, NULL, '1200124-3', '2020-01-24', 'C 4 Oeste No 73-22', '1803', '8001012018', NULL, '-76,560009', '3,390833', '8001012403', '8001012502', '8001012605', 'No', NULL, NULL, 'Si', 'No', 'Finalizado, se envio informe a peticionario y traslado a Secretaria de Infraestructura y Unidad Administrativa Especial de Servicios Publicos Municipales', NULL, NULL, NULL, 4, '202041630200000154', NULL, NULL, 17, '202041630200000164', NULL, NULL, NULL, NULL, NULL, NULL, NULL, NULL, NULL, NULL, NULL, NULL, NULL, NULL, NULL, NULL, NULL, NULL, NULL, NULL, NULL, NULL, NULL, NULL, NULL, NULL),
(8, 8, '2020', 16598081, '8001010503', '202041730100031162', '2020-01-10', 202041630100000201, '2020-01-28', 12, NULL, 'Marina Perea Sanchez', 'Leonilde Hernadez', NULL, NULL, '12200128-1', '2020-01-28', 'K 83 Oeste No 1-64', '1898', '8001012020', NULL, '-76,558280', '3,384280', '8001012403', '8001012502', '8001012605', 'Si', NULL, NULL, 'Si', 'No', 'Finalizado, se envio informe a peticionario y traslado a Secretaria de Infraestructura y Secretaria de Vivienda Social y Habitat', NULL, NULL, NULL, 4, '202041630100000204', NULL, NULL, 5, '202041630100000174', NULL, NULL, NULL, NULL, NULL, NULL, NULL, NULL, NULL, NULL, NULL, NULL, NULL, NULL, NULL, NULL, NULL, NULL, NULL, NULL, NULL, NULL, NULL, NULL, NULL, NULL),
(9, 9, '2020', 16598081, '8001010503', '202041730100004432', '2020-01-02', 202041630100000331, '2020-02-11', 27, NULL, 'Conjunto Residencial Arboleda del Sur', 'Alexander Benavidez', NULL, NULL, '12200128-2', '2020-01-28', 'C 2C No 73-146', NULL, '8001012017', NULL, '-76,550720', '3,390010', '8001012403', '8001012502', '8001012607', 'No', NULL, NULL, 'No', 'No', 'Finalizado, se envio informe a peticionario.', NULL, NULL, NULL, NULL, NULL, NULL, NULL, NULL, '', NULL, NULL, NULL, NULL, NULL, NULL, NULL, NULL, NULL, NULL, NULL, NULL, NULL, NULL, NULL, NULL, NULL, NULL, NULL, NULL, NULL, NULL, NULL, NULL, NULL, NULL),
(10, 10, '2020', 1143859435, '8001010503', '202041730100036302', '2020-01-13', 202041630200000051, '2020-01-22', 7, NULL, 'Jair Gonzales Gonzales', 'Jair Gonzales Gonzales', NULL, NULL, '1200128-1', '2020-01-28', 'C 4 Oeste No 73-14', '1803', '8001012018', NULL, '-76,561111', '3,391667', '8001012403', '8001012503', '8001012612', 'No', NULL, NULL, 'Si', 'No', 'Finalizado, se envio informe a peticionario.', NULL, NULL, NULL, NULL, NULL, NULL, NULL, NULL, '', NULL, NULL, NULL, NULL, NULL, NULL, NULL, NULL, NULL, NULL, NULL, NULL, NULL, NULL, NULL, NULL, NULL, NULL, NULL, NULL, NULL, NULL, NULL, NULL, NULL, NULL),
(11, 11, '2020', 16598081, '8001010503', '202041730100103062', '2020-01-28', 202041630100000311, '2020-02-05', 6, NULL, 'Nestor Arturo Nieva Amaya', 'Viviana Capote', NULL, NULL, '8200131-1', '2020-01-31', 'Km 12 via la Voragine Entrada 2', NULL, NULL, '8001012025', '-76,565260', '3,348740', '8001012403', '8001012502', '8001012604', 'No', NULL, NULL, 'Si', 'No', 'Finalizado, se envio informe a peticionario y traslado a CVC - Corporacion Autonoma Regional del Valle del Cauca', NULL, NULL, NULL, 9, '202041630010000021', NULL, NULL, NULL, '', NULL, NULL, NULL, NULL, NULL, NULL, NULL, NULL, NULL, NULL, NULL, NULL, NULL, NULL, NULL, NULL, NULL, NULL, NULL, NULL, NULL, NULL, NULL, NULL, NULL, NULL),
(12, 12, '2020', 1143859435, '8001010503', '202041730100075562', '2020-01-22', 202041630100000231, '2020-02-05', 14, NULL, 'Astrid Gomez', 'Oscar Serna', NULL, NULL, '1200204-1', '2020-02-04', 'K 82 Oeste No 1c-57', '1898', '8001012018', NULL, '-76,558860', '3,385290', '8001012403', '8001012501', '8001012604', 'No', NULL, NULL, 'Si', 'No', 'Finalizado, se envio informe a peticionario y traslado a Empresas Municipales de Cali EMCALI, Subdireccion de Gestion Integral de Ecosistemas y Unidad Municipal de Asistencia Tecnica UMATA y Secretaria de Infraestructura', NULL, NULL, NULL, 10, '202041630200000241', NULL, NULL, 48, '202041630200000184', NULL, NULL, 4, '202041630200000174', NULL, NULL, NULL, NULL, NULL, NULL, NULL, NULL, NULL, NULL, NULL, NULL, NULL, NULL, NULL, NULL, NULL, NULL, NULL, NULL, NULL, NULL),
(13, 13, '2020', 1143859435, '8001010503', '202041730100137192', '2020-02-05', 202041630200000291, '2020-02-17', 12, NULL, 'Personeria Municipal de Cali', 'Personeria Municipal de Cali', NULL, NULL, '1200206-1', '2020-02-06', 'C 14B No 41-25', '1002', '8001012010', NULL, '-76,526852', '3,415037', '8001012403', '8001012501', '8001012604', 'No', NULL, NULL, 'No', 'No', 'Finalizado, se envio informe a peticionario.', NULL, NULL, NULL, NULL, NULL, NULL, NULL, NULL, '', NULL, NULL, NULL, NULL, NULL, NULL, NULL, NULL, NULL, NULL, NULL, NULL, NULL, NULL, NULL, NULL, NULL, NULL, NULL, NULL, NULL, NULL, NULL, NULL, NULL, NULL),
(14, 14, '2020', 1151936630, '8001010503', NULL, '2020-02-19', 202041630200000351, '2020-02-24', 5, NULL, 'Beatriz Eugenia Larrahondo', 'Beatriz Eugenia Larrahondo', NULL, NULL, '9200219-1', '2020-02-19', 'K 42B No 13-50', '1002', '8001012010', NULL, '-76,531388', '3,415277', '8001012401', '8001012501', '8001012601', 'Si', NULL, NULL, 'Si', 'No', 'Finalizado, se envio informe a peticionario y traslado a Secretaria de Vivienda Social y Habitat y Secretaria de Bienestar', NULL, NULL, NULL, 5, '20204163', NULL, NULL, 7, '20204163', NULL, NULL, NULL, NULL, NULL, NULL, NULL, NULL, NULL, NULL, NULL, NULL, NULL, NULL, NULL, NULL, NULL, NULL, NULL, NULL, NULL, NULL, NULL, NULL, NULL, NULL),
(15, 15, '2020', 1053768233, '8001010503', '202041730100064922', '2020-01-20', 202041630100000521, '2020-02-25', 26, NULL, 'Diego Rodriguez', 'Ruben Dario Londono Trujillo', NULL, NULL, '4200221-1', '2020-02-21', 'Av 6 Oeste No 32-13', '102', '8001012001', NULL, '-76,579890', '3,454820', '8001012403', '8001012502', '8001012605', 'Si', NULL, NULL, 'Si', 'No', 'Finalizado, se envio informe a peticionario y traslado a Secretaria de Vivienda Social y Habitat y Subsecretaria de Acceso a Servicios de Justicia', NULL, NULL, NULL, 5, '202041630100000264', NULL, NULL, 23, '202041630100000274', NULL, NULL, NULL, NULL, NULL, NULL, NULL, NULL, NULL, NULL, NULL, NULL, NULL, NULL, NULL, NULL, NULL, NULL, NULL, NULL, NULL, NULL, NULL, NULL, NULL, NULL),
(16, 16, '2020', 1053768233, '8001010503', NULL, '2020-01-21', 202041630100000531, '2020-02-25', 25, NULL, 'Jaime Arenas Echavarria', 'Maria Rocio Romulo Valdez', NULL, NULL, '4200221-2', '2020-02-21', 'C 3 C Oeste No 94-2-92', '1891', '8001012018', NULL, '-76,558510', '3,374800', '8001012403', '8001012502', '8001012605', 'No', NULL, NULL, 'No', 'No', 'Finalizado, se envio informe a peticionario.', NULL, NULL, NULL, NULL, NULL, NULL, NULL, NULL, '', NULL, NULL, NULL, NULL, NULL, NULL, NULL, NULL, NULL, NULL, NULL, NULL, NULL, NULL, NULL, NULL, NULL, NULL, NULL, NULL, NULL, NULL, NULL, NULL, NULL, NULL),
(17, 17, '2020', 1144063314, '8001010503', '202041730100198302', '2020-02-17', 202041630100000511, '2020-02-24', 5, NULL, 'Victor Manuel Pasos', 'Victor Manuel Pasos', NULL, NULL, '2200221-1', '2020-02-21', 'C Bis Oeste con K 100 A Bis No 30 Torre N1', NULL, '8001012018', NULL, '-76,555270', '3,369150', '8001012403', '8001012502', '8001012604', 'No', NULL, NULL, 'Si', 'No', 'Finalizado, se envio informe a peticionario y traslado a Departamento Administrativo de Gestion del Medio Ambiente y Subsecretaria de Inspeccion, Vigilancia y Control', NULL, NULL, NULL, 18, '202041630100000244', NULL, NULL, 13, '202041630100000254', NULL, NULL, NULL, NULL, NULL, NULL, NULL, NULL, NULL, NULL, NULL, NULL, NULL, NULL, NULL, NULL, NULL, NULL, NULL, NULL, NULL, NULL, NULL, NULL, NULL, NULL),
(18, 18, '2020', 36861950, '8001010503', '202041730100198442', '2020-02-17', 202041630100000571, '2020-02-25', 7, NULL, 'Edison Villano', 'Olga Nohora Salas', NULL, NULL, '3200221-1', '2020-02-21', 'C 3 Oeste No 42b-25', '2003', '8001012020', NULL, '-76,554554', '3,423061', '8001012403', '8001012502', '8001012607', 'No', NULL, NULL, 'Si', 'No', 'Finalizado, se envio informe a peticionario y traslado a Secretaria de Vivienda Social y Habitat', NULL, NULL, NULL, 5, '202041630100000314', NULL, NULL, NULL, '', NULL, NULL, NULL, NULL, NULL, NULL, NULL, NULL, NULL, NULL, NULL, NULL, NULL, NULL, NULL, NULL, NULL, NULL, NULL, NULL, NULL, NULL, NULL, NULL, NULL, NULL),
(19, 19, '2020', 36861950, '8001010503', '202041730100198442', '2020-02-17', 202041630100000571, '2020-02-25', 7, NULL, 'Edison Villano', 'Julian Tovar Salas', NULL, NULL, '3200221-2', '2020-02-21', 'C 3 Oeste No 42b-21', '2003', '8001012020', NULL, '-76,554546', '3,423134', '8001012403', '8001012502', '8001012607', 'Si', NULL, NULL, 'Si', 'No', 'Finalizado, se envio informe a peticionario y traslado a Secretaria de Vivienda Social y Habitat', NULL, NULL, NULL, 5, '202041630100000314', NULL, NULL, NULL, '', NULL, NULL, NULL, NULL, NULL, NULL, NULL, NULL, NULL, NULL, NULL, NULL, NULL, NULL, NULL, NULL, NULL, NULL, NULL, NULL, NULL, NULL, NULL, NULL, NULL, NULL),
(20, 20, '2020', 36861950, '8001010503', '202041730100198442', '2020-02-17', 202041630100000571, '2020-02-25', 7, NULL, 'Edison Villano', 'Leonardo Alberto Moreno', NULL, NULL, '3200221-3', '2020-02-21', 'K 42 No 1b-70', '2003', '8001012020', NULL, '-76,554481', '3,423123', '8001012403', '8001012502', '8001012607', 'No', NULL, NULL, 'Si', 'No', 'Finalizado, se envio informe a peticionario y traslado a Secretaria de Vivienda Social y Habitat', NULL, NULL, NULL, 5, '202041630100000314', NULL, NULL, NULL, '', NULL, NULL, NULL, NULL, NULL, NULL, NULL, NULL, NULL, NULL, NULL, NULL, NULL, NULL, NULL, NULL, NULL, NULL, NULL, NULL, NULL, NULL, NULL, NULL, NULL, NULL),
(21, 21, '2020', 36861950, '8001010503', '202041730100085562', '2020-01-23', 202041630100000631, '2020-02-26', 24, NULL, 'Maria Isabel Ospina', 'Maria Isabel Ospina', NULL, NULL, '3200221-4', '2020-02-21', 'Km 6.7 Vía la Buitrera - Villa San Carlos', NULL, NULL, '8001012026', '-76,575555', '3,382772', '8001012403', '8001012502', '8001012605', 'No', NULL, NULL, 'Si', 'No', 'Finalizado, se envio informe a peticionario y traslado a CVC - Corporacion Autonoma Regional del Valle del Cauca y Secretaria de Infraestructura', NULL, NULL, NULL, 9, '202041630100000641', NULL, NULL, 4, '202041630100000374', NULL, NULL, NULL, NULL, NULL, NULL, NULL, NULL, NULL, NULL, NULL, NULL, NULL, NULL, NULL, NULL, NULL, NULL, NULL, NULL, NULL, NULL, NULL, NULL, NULL, NULL),
(22, 22, '2020', 111111, '8001010503', '202041820100000314', '2020-01-31', 202041630100000674, '2020-03-10', 27, NULL, 'Marco Aurelio Vera', 'Hector Fabio Suaza', NULL, NULL, '5200221-1', '2020-02-21', 'Av 48 Oeste No 10A', NULL, NULL, '8001012036', '-76,550005', '3,488458', '8001012403', '8001012506', '8001012605', 'No', NULL, NULL, 'Si', 'Si a Patricia Reina', 'Finalizado, se envio informe a peticionario y traslado a EMCALI- Empresas Municipales de Cali, Secretaria de Infraestructura, Secretaria de Vivienda Social y Habitat y SERVIAGUAS Montebello', NULL, NULL, NULL, 10, '202041630100001161', NULL, NULL, 4, '202041630100000654', NULL, NULL, 5, '202041630100000664', NULL, NULL, 54, '202041630100001171', NULL, NULL, NULL, NULL, NULL, NULL, NULL, NULL, NULL, NULL, NULL, NULL, NULL, NULL, NULL, NULL, NULL, NULL),
(23, 23, '2020', 111111, '8001010503', '202041730100162152', '2020-02-10', 202041630100002011, '2020-04-20', 48, NULL, 'CVC – Corporacion Autonoma Regional del Valle del Cauca', 'Jaime Posso', NULL, NULL, '5200221-2', '2020-02-21', 'Km 5 vía Pichinde', NULL, NULL, '8001012028', '-76,567679', '3,428893', '8001012403', '8001012502', '8001012605', 'No', NULL, NULL, 'No', 'Si a Maria Fabiana Escobar propietaria', 'Finalizado, se envio informe a peticionario', NULL, NULL, NULL, NULL, NULL, NULL, NULL, NULL, '', NULL, NULL, NULL, NULL, NULL, NULL, NULL, NULL, NULL, NULL, NULL, NULL, NULL, NULL, NULL, NULL, NULL, NULL, NULL, NULL, NULL, NULL, NULL, NULL, NULL, NULL),
(24, 24, '2020', 1143859435, '8001010503', '202041730100144152', '2020-02-05', 202041630200000341, '2020-02-24', 13, NULL, 'Jose Rodrigo herrera herrera', 'Jose Rodrigo herrera herrera', NULL, NULL, '1200222-1', '2020-02-22', 'K 49B No 44-05', '1601', '8001012016', NULL, '-76,517607', '3,400436', '8001012403', '8001012501', '8001012604', 'Si', NULL, NULL, 'No', 'No', 'Finalizado, se envio informe a peticionario.', NULL, NULL, NULL, NULL, NULL, NULL, NULL, NULL, '', NULL, NULL, NULL, NULL, NULL, NULL, NULL, NULL, NULL, NULL, NULL, NULL, NULL, NULL, NULL, NULL, NULL, NULL, NULL, NULL, NULL, NULL, NULL, NULL, NULL, NULL),
(25, 25, '2020', 111111, '8001010503', '202041730100156732', '2020-02-07', 202041630100000931, '2020-03-05', 19, NULL, 'CVC – Corporacion Autonoma Regional del Valle del Cauca', 'Helio Carmelo Ardila', NULL, NULL, '5200224-1', '2020-02-24', 'Casa 238B', NULL, NULL, '8001012024', '-76,477010', '3,313289', '8001012403', '8001012505', '8001012614', 'No', NULL, NULL, 'Si', 'No', 'Finalizado, se envio informe a peticionario y traslado a EMCALI - Empresas Municipales de Cali', NULL, NULL, NULL, 10, '202041630100001031', NULL, NULL, NULL, '', NULL, NULL, NULL, NULL, NULL, NULL, NULL, NULL, NULL, NULL, NULL, NULL, NULL, NULL, NULL, NULL, NULL, NULL, NULL, NULL, NULL, NULL, NULL, NULL, NULL, NULL),
(26, 26, '2020', 1144171574, '8001010504', '202041730100121202', '2020-01-31', 202041630100000591, '2020-02-25', 17, NULL, 'CVC – Corporacion Autonoma Regional del Valle del Cauca', 'Comision Ambiental Territorial Alto 1804', NULL, NULL, '6200224-1', '2020-02-24', 'K 99 con C 4B, K 99 con C 3 y K 100B con C 1 Oeste', '1804', '8001012018', NULL, '-76,553057', '3,367203', '8001012403', '8001012502', '8001012605', 'No', NULL, NULL, 'Si', 'No', 'Finalizado, se envio informe a peticionario y traslado a Departamento Administrativo de Gestion del Medio Ambiente', NULL, NULL, NULL, 11, '202041630100000324', NULL, NULL, NULL, '', NULL, NULL, NULL, NULL, NULL, NULL, NULL, NULL, NULL, NULL, NULL, NULL, NULL, NULL, NULL, NULL, NULL, NULL, NULL, NULL, NULL, NULL, NULL, NULL, NULL, NULL),
(27, 27, '2020', 1144171574, '8001010503', '202041730100186732', '2020-02-13', 202041630100000851, '2020-03-04', 13, NULL, 'Antonio Jose Mora Palencia', 'Antonio Jose Mora Palencia', NULL, NULL, '6200224-2', '2020-02-24', 'K 10 No 4-41', '303', '8001012003', NULL, '-76,537372', '3,446220', '8001012403', '8001012502', '8001012603', 'No', NULL, NULL, 'Si', 'No', 'Finalizado, se envio informe a peticionario y traslado a EMCALI- Empresas Municipales de Cali, Secretaria de Paz y Cultura Ciudadana, Secretaria de Infraestructura y GDO - Gases de Occidente', NULL, NULL, NULL, 10, '202041630100000841', NULL, NULL, 20, '202041630100000534', NULL, NULL, 4, '202041630100000544', NULL, NULL, 14, '202041630100000831', NULL, NULL, NULL, NULL, NULL, NULL, NULL, NULL, NULL, NULL, NULL, NULL, NULL, NULL, NULL, NULL, NULL, NULL),
(28, 28, '2020', 1144063314, '', NULL, '2020-02-24', 202041630100000661, '2020-02-27', 3, NULL, 'Carlos Gonzalez', 'Hector Fabio Ospina', NULL, NULL, '2200224-1', '2020-02-25', 'K 48 con C 14 oeste', '2004', '8001012020', NULL, '-76,561950', '3,421930', '8001012403', '8001012503', '8001012611', 'No', NULL, NULL, 'Si', 'No', 'Finalizado, se envio informe a peticionario y traslado a Secretaria de Educacion Municipal, Departamento Administrativo de Gestion del Medio Ambiente', NULL, NULL, NULL, 21, '202041630100000414', NULL, NULL, 18, '202041630100000394', NULL, NULL, NULL, NULL, NULL, NULL, NULL, NULL, NULL, NULL, NULL, NULL, NULL, NULL, NULL, NULL, NULL, NULL, NULL, NULL, NULL, NULL, NULL, NULL, NULL, NULL),
(29, 29, '2020', 1130622754, '8001010504', '202041810100003254', '2020-01-23', 202041630100000731, '2020-02-28', 13, NULL, 'Unidad Administrativa Especial de Gestion de Bienes y Servicios', 'Nestor Daniel Huertas', NULL, NULL, '11200225-1', '2020-02-25', 'C 12 Oeste No 49B-18', '2004', '8001012020', NULL, '-76,334100', '3,251700', '8001012403', '8001012502', '', 'No', NULL, NULL, 'Si', 'No', 'Finalizado, se envio informe a peticionario y traslado a Metrocali y SecretarIa del Deporte y la Recreacion', NULL, NULL, NULL, 22, '202041630100000741', NULL, NULL, 41, '202041630100000424', NULL, NULL, NULL, NULL, NULL, NULL, NULL, NULL, NULL, NULL, NULL, NULL, NULL, NULL, NULL, NULL, NULL, NULL, NULL, NULL, NULL, NULL, NULL, NULL, NULL, NULL),
(30, 30, '2020', 1130622754, '8001010503', '202041730100085612', '2020-01-23', 202041630100000721, '2020-02-28', 26, NULL, 'Edward Mosquera Solarte', 'Antonio Gomez', NULL, NULL, '11200225-2', '2020-02-25', 'K 95a Oeste No 2D Bis -98', '1891', '8001012020', NULL, '-76,557950', '3,174730', '8001012403', '8001012502', '8001012605', 'No', NULL, NULL, 'No', 'No', 'Finalizado, se envio informe a peticionario.', NULL, NULL, NULL, NULL, NULL, NULL, NULL, NULL, '', NULL, NULL, NULL, NULL, NULL, NULL, NULL, NULL, NULL, NULL, NULL, NULL, NULL, NULL, NULL, NULL, NULL, NULL, NULL, NULL, NULL, NULL, NULL, NULL, NULL, NULL),
(31, 31, '2020', 1144063314, '8001010503', NULL, '2020-02-26', 202041630100000791, '2020-03-02', 4, NULL, 'Benemerito Cuerpo de Bomberos Voluntarios de Cali', 'Sandra Mera Urrutia', NULL, NULL, '2200226-1', '2020-02-26', 'Av Colombia No 1-159', '202', '8001012002', NULL, '-76,548160', '3,453200', '8001012403', '8001012502', '8001012604', 'No', NULL, NULL, 'Si', 'No', 'Finalizado, se envio informe a peticionario y traslado a Secretaria de Seguridad y Justicia.', NULL, NULL, NULL, 6, '202041630100000494', NULL, NULL, NULL, '', NULL, NULL, NULL, NULL, NULL, NULL, NULL, NULL, NULL, NULL, NULL, NULL, NULL, NULL, NULL, NULL, NULL, NULL, NULL, NULL, NULL, NULL, NULL, NULL, NULL, NULL),
(32, 32, '2020', 1053768233, '8001010503', NULL, '2020-01-23', 202041630100000751, '2020-02-28', 27, NULL, 'Casilda Martinez', 'Celimo Gomez', NULL, NULL, '4200227-1', '2020-02-27', '', NULL, NULL, '8001012028', '-76,564404', '3,447428', '8001012403', '8001012502', '8001012605', 'No', NULL, NULL, 'Si', 'No', 'Finalizado, se envio informe a peticionario y traslado a Secretaria de Vivienda Social y Habitat, Departamento Administrativo de Gestion del Medio Ambiente, Secretaria de Infraestructura y Mantenimiento Vial y Secretaria de Seguridad y Justicia', NULL, NULL, NULL, 5, '202041630100000454', NULL, NULL, 18, '202041630100000474', NULL, NULL, NULL, NULL, NULL, NULL, 6, '202041630100000464', NULL, NULL, NULL, NULL, NULL, NULL, NULL, NULL, NULL, NULL, NULL, NULL, NULL, NULL, NULL, NULL, NULL, NULL),
(33, 33, '2020', 1130622754, '8001010503', '202041730100217462', '2020-02-20', 202041630100000891, '2020-03-05', 10, NULL, 'Segundo Neftali Ramos Josa', 'Segundo Neftali Ramos Josa', NULL, NULL, '11200227-1', '2020-02-27', 'C 3 Oeste No 39b-33', '2005', '8001012020', NULL, '-76,555218', '3,425828', '8001012403', '8001012502', '8001012604', 'No', NULL, NULL, 'Si', 'No', 'Finalizado, se envio informe a peticionario, EMCALI- Empresas Municipales de Cali, Departamento Administrativo de Gestion del Medio Ambiente y Subsecretaria de Acceso a Servicios de Justicia', NULL, NULL, NULL, 11, '202041630100000594', NULL, NULL, 10, '202041630100000881', NULL, NULL, 23, '202041630100000604', NULL, NULL, NULL, NULL, NULL, NULL, NULL, NULL, NULL, NULL, NULL, NULL, NULL, NULL, NULL, NULL, NULL, NULL, NULL, NULL, NULL, NULL),
(34, 34, '2020', 1059695640, '8001010503', '202041330100000414', '2020-01-24', 202041630100000744, '2020-03-11', 32, NULL, 'Oscar William Villani Romero', 'Carlos Camayo', NULL, NULL, '8200227-1', '2020-02-27', 'Campo Deportivo Alto La Cruz', '1898', '8001012018', NULL, '-76,562530', '3,391430', '8001012403', '8001012502', '8001012605', 'No', NULL, NULL, 'No', 'Si, a SIVC', 'Finalizado, se envio informe a peticionario.', NULL, NULL, NULL, NULL, NULL, NULL, NULL, NULL, '', NULL, NULL, NULL, NULL, NULL, NULL, NULL, NULL, NULL, NULL, NULL, NULL, NULL, NULL, NULL, NULL, NULL, NULL, NULL, NULL, NULL, NULL, NULL, NULL, NULL, NULL),
(35, 35, '2020', 36861950, '8001010503', NULL, '2020-02-28', 202041630100000504, '2020-03-02', 1, NULL, 'Jose Fernando Villegas Zamorano', NULL, NULL, NULL, '3200228-1', '2020-02-28', 'Av 6b con C 26', '210', '8001012002', NULL, '-76,505989', '3,412901', '8001012403', '8001012501', '8001012615', 'No', NULL, NULL, 'Si', 'Si, a EMCALI', 'Finalizado, se envio informe a peticionario y traslado a Departamento Administrativo de Gestion del Medio Ambiente', NULL, NULL, NULL, 11, '202041630100000504', NULL, NULL, NULL, '', NULL, NULL, NULL, NULL, NULL, NULL, NULL, NULL, NULL, NULL, NULL, NULL, NULL, NULL, NULL, NULL, NULL, NULL, NULL, NULL, NULL, NULL, NULL, NULL, NULL, NULL),
(36, 36, '2020', 36861950, '8001010503', '202041730100212722', '2020-02-19', 202041630100000524, '2020-03-03', 9, NULL, 'Alfredo Urbano Jimenez', NULL, NULL, NULL, '3200228-2', '2020-02-28', 'C 34 N Av 3 y 3C', '210', '8001012002', NULL, '-76,523478', '3,471727', '8001012403', '8001012502', '8001012605', 'No', NULL, NULL, 'Si', 'Si, a EMCALI', 'Finalizado, se envio informe a peticionario y traslado a Departamento Administrativo de Gestion del Medio Ambiente', NULL, NULL, NULL, 11, '202041630100000524', NULL, NULL, NULL, '', NULL, NULL, NULL, NULL, NULL, NULL, NULL, NULL, NULL, NULL, NULL, NULL, NULL, NULL, NULL, NULL, NULL, NULL, NULL, NULL, NULL, NULL, NULL, NULL, NULL, NULL),
(37, 37, '2020', 1059695640, '8001010503', '201941610500059884', '2019-12-31', 202041630100000754, '2020-03-11', 51, NULL, 'Patricia Pelaez Saenz', 'Eva Muñoz Muñoz', NULL, NULL, '8200228-1', '2020-02-28', 'K 2G No 68-27', NULL, '8001012005', NULL, '-76,487799', '3,470274', '8001012403', '8001012502', '8001012603', 'No', NULL, NULL, 'No', 'Si a Dirección de Atención al Cliente', 'Finalizado, se envio informe a peticionario.', NULL, NULL, NULL, NULL, NULL, NULL, NULL, NULL, '', NULL, NULL, NULL, NULL, NULL, NULL, NULL, NULL, NULL, NULL, NULL, NULL, NULL, NULL, NULL, NULL, NULL, NULL, NULL, NULL, NULL, NULL, NULL, NULL, NULL, NULL),
(38, 38, '2020', 1059695640, '8001010503', '202041730100233132', '2020-02-19', 202041630100001461, '2020-03-11', 12, NULL, 'Yuliana Patricia Toro', 'Yolanda Saenz', NULL, NULL, '8200228-2', '2020-02-28', 'C 43 No. 39E-42', '1604', '8001012016', NULL, '-76,505988', '3,412931', '8001012403', '8001012503', '8001012610', 'No', NULL, NULL, 'Si', 'No', 'Finalizado, se envio informe a peticionario y traslado a EMCALI- Empresas Municipales de Cali.', NULL, NULL, NULL, 10, '202041630100001471', NULL, NULL, NULL, '', NULL, NULL, NULL, NULL, NULL, NULL, NULL, NULL, NULL, NULL, NULL, NULL, NULL, NULL, NULL, NULL, NULL, NULL, NULL, NULL, NULL, NULL, NULL, NULL, NULL, NULL),
(39, 39, '2020', 16598081, '8001010504', NULL, '2020-01-14', 202041630100000014, '2020-01-17', 3, NULL, 'Hector Fabio Ospina Hurtado', 'Hector Fabio Ospina Hurtado', NULL, NULL, '12200114-1', '2020-01-14', 'K 48 con C 14 Oeste', '2004', '8001012020', NULL, '-76,561917', '3,42233', '8001012403', '8001012503', '8001012611', 'No', NULL, NULL, 'Si', 'No', 'Finalizado, se envio informe a peticionario y traslado a Secretaria de Educacion', NULL, NULL, NULL, 21, '202041630100000014', NULL, NULL, NULL, '', NULL, NULL, NULL, NULL, NULL, NULL, NULL, NULL, NULL, NULL, NULL, NULL, NULL, NULL, NULL, NULL, NULL, NULL, NULL, NULL, NULL, NULL, NULL, NULL, NULL, NULL),
(40, 40, '2020', 16598081, '8001010504', NULL, '2020-01-14', 202041630100000024, '2020-01-17', 3, NULL, 'Hector Fabio Ospina Hurtado', 'Hector Fabio Ospina Hurtado', NULL, NULL, '12200114-2', '2020-01-14', 'Km 3.0 via Los Andes - El Saman', NULL, NULL, '8001012028', '-76,561665', '3,422547', '8001012403', '8001012505', '8001012617', 'No', NULL, NULL, 'Si', 'No', 'Finalizado, se envio informe a peticionario y traslado a Secretaria de Seguridad y Justicia', NULL, NULL, NULL, 6, '202041630100000024', NULL, NULL, NULL, '', NULL, NULL, NULL, NULL, NULL, NULL, NULL, NULL, NULL, NULL, NULL, NULL, NULL, NULL, NULL, NULL, NULL, NULL, NULL, NULL, NULL, NULL, NULL, NULL, NULL, NULL),
(41, 41, '2020', 1053768233, '8001010503', '202041730100271492', '2020-03-03', 202041630100001741, '2020-03-16', 9, NULL, 'CVC – Corporacion Autonoma Regional del Valle del Cauca', 'Flor Enelia Suarez', NULL, NULL, '4200313-1', '2020-03-13', 'C 12 Oeste No 37-12', NULL, NULL, '8001012036', '-76,555035', '3,474410', '8001012403', '8001012502', '8001012605', 'No', NULL, NULL, 'Si', 'No', 'Finalizado, se envio informe a peticionario y traslado a Unidad Administrativa Especial de Servicios Publicos Municipales', NULL, NULL, NULL, 17, '202041630100000814', NULL, NULL, NULL, '', NULL, NULL, NULL, NULL, NULL, NULL, NULL, NULL, NULL, NULL, NULL, NULL, NULL, NULL, NULL, NULL, NULL, NULL, NULL, NULL, NULL, NULL, NULL, NULL, NULL, NULL),
(42, 42, '2020', 1053768233, '8001010503', '202041730100271452', '2020-03-03', 202041630100001781, '2020-03-19', 12, NULL, 'CVC – Corporacion Autonoma Regional del Valle del Cauca', 'Hugo Ospina', NULL, NULL, '4200317-1', '2020-03-17', 'Predio La Mirella', NULL, NULL, '8001012027', '-76,618050', '3,377180', '8001012403', '8001012502', '8001012605', 'No', NULL, NULL, 'Si', 'No', 'Finalizado, se envio informe a peticionario y traslado a Subsecretaria de Infraestructura y Mantenimiento Vial.', NULL, NULL, NULL, 35, '202041630100000904', NULL, NULL, NULL, '', NULL, NULL, NULL, NULL, NULL, NULL, NULL, NULL, NULL, NULL, NULL, NULL, NULL, NULL, NULL, NULL, NULL, NULL, NULL, NULL, NULL, NULL, NULL, NULL, NULL, NULL),
(43, 43, '2020', 1143859435, '8001010504', NULL, '2020-03-10', 202041630200000384, '2020-03-10', 4, NULL, 'Plan Jarillon de Cali', 'Arcesio Amu', NULL, NULL, '1200311-1', '2020-03-11', 'Techo 2525', NULL, NULL, '8001012023', '-76,475190', '3,447790', '8001012401', '8001012502', '8001012607', 'No', NULL, NULL, 'No', 'No', 'Finalizado, se envio informe al Plan Jarillon de Cali', NULL, NULL, NULL, NULL, NULL, NULL, NULL, NULL, '', NULL, NULL, NULL, NULL, NULL, NULL, NULL, NULL, NULL, NULL, NULL, NULL, NULL, NULL, NULL, NULL, NULL, NULL, NULL, NULL, NULL, NULL, NULL, NULL, NULL, NULL),
(44, 44, '2020', 1143859435, '8001010504', NULL, '2020-03-10', 202041630200000384, '2020-03-16', 4, NULL, 'Plan Jarillon de Cali', 'Luz Ceneida Viveros', NULL, NULL, '1200311-2', '2020-03-11', 'Techo 2526', NULL, NULL, '8001012023', '-76,475230', '3,447820', '8001012401', '8001012502', '8001012607', 'No', NULL, NULL, 'No', 'No', 'Finalizado, se envio informe al Plan Jarillon de Cali', NULL, NULL, NULL, NULL, NULL, NULL, NULL, NULL, '', NULL, NULL, NULL, NULL, NULL, NULL, NULL, NULL, NULL, NULL, NULL, NULL, NULL, NULL, NULL, NULL, NULL, NULL, NULL, NULL, NULL, NULL, NULL, NULL, NULL, NULL),
(45, 45, '2020', 1143859435, '8001010504', NULL, '2020-03-10', 202041630200000384, '2020-03-16', 4, NULL, 'Plan Jarillon de Cali', 'Erika Maria Ayala', NULL, NULL, '1200311-3', '2020-03-11', 'Techo 2527', NULL, NULL, '8001012023', '-76,475250', '3,447830', '8001012401', '8001012502', '8001012607', 'No', NULL, NULL, 'No', 'No', 'Finalizado, se envio informe al Plan Jarillon de Cali', NULL, NULL, NULL, NULL, NULL, NULL, NULL, NULL, '', NULL, NULL, NULL, NULL, NULL, NULL, NULL, NULL, NULL, NULL, NULL, NULL, NULL, NULL, NULL, NULL, NULL, NULL, NULL, NULL, NULL, NULL, NULL, NULL, NULL, NULL),
(46, 46, '2020', 1143859435, '8001010504', NULL, '2020-03-10', 202041630200000384, '2020-03-16', 4, NULL, 'Plan Jarillon de Cali', 'Nacy Caceres', NULL, NULL, '1200311-4', '2020-03-11', 'Techo 2528', NULL, NULL, '8001012023', '-76,475340', '3,447930', '8001012401', '8001012502', '8001012607', 'No', NULL, NULL, 'No', 'No', 'Finalizado, se envio informe al Plan Jarillon de Cali', NULL, NULL, NULL, NULL, NULL, NULL, NULL, NULL, '', NULL, NULL, NULL, NULL, NULL, NULL, NULL, NULL, NULL, NULL, NULL, NULL, NULL, NULL, NULL, NULL, NULL, NULL, NULL, NULL, NULL, NULL, NULL, NULL, NULL, NULL),
(47, 47, '2020', 1143859435, '8001010504', NULL, '2020-03-10', 202041630200000384, '2020-03-16', 4, NULL, 'Plan Jarillon de Cali', 'Isabel Viveros', NULL, NULL, '1200311-5', '2020-03-11', 'Techo 2533', NULL, NULL, '8001012023', '-76,475337', '3,448110', '8001012401', '8001012502', '8001012607', 'No', NULL, NULL, 'No', 'No', 'Finalizado, se envio informe al Plan Jarillon de Cali', NULL, NULL, NULL, NULL, NULL, NULL, NULL, NULL, '', NULL, NULL, NULL, NULL, NULL, NULL, NULL, NULL, NULL, NULL, NULL, NULL, NULL, NULL, NULL, NULL, NULL, NULL, NULL, NULL, NULL, NULL, NULL, NULL, NULL, NULL),
(48, 48, '2020', 1143859435, '8001010504', NULL, '2020-03-10', 202041630200000384, '2020-03-16', 4, NULL, 'Plan Jarillon de Cali', 'Sonia Angulo', NULL, NULL, '1200311-6', '2020-03-11', 'Techo 2534', NULL, NULL, '8001012023', '-76,475370', '3,448110', '8001012401', '8001012502', '8001012607', 'No', NULL, NULL, 'No', 'No', 'Finalizado, se envio informe al Plan Jarillon de Cali', NULL, NULL, NULL, NULL, NULL, NULL, NULL, NULL, '', NULL, NULL, NULL, NULL, NULL, NULL, NULL, NULL, NULL, NULL, NULL, NULL, NULL, NULL, NULL, NULL, NULL, NULL, NULL, NULL, NULL, NULL, NULL, NULL, NULL, NULL),
(49, 49, '2020', 1143859435, '8001010504', NULL, '2020-03-10', 202041630200000384, '2020-03-16', 4, NULL, 'Plan Jarillon de Cali', 'Alexander Duban', NULL, NULL, '1200311-7', '2020-03-11', 'Techo 2557', NULL, NULL, '8001012023', '-76,475160', '3,448220', '8001012401', '8001012502', '8001012607', 'No', NULL, NULL, 'No', 'No', 'Finalizado, se envio informe al Plan Jarillon de Cali', NULL, NULL, NULL, NULL, NULL, NULL, NULL, NULL, '', NULL, NULL, NULL, NULL, NULL, NULL, NULL, NULL, NULL, NULL, NULL, NULL, NULL, NULL, NULL, NULL, NULL, NULL, NULL, NULL, NULL, NULL, NULL, NULL, NULL, NULL),
(50, 50, '2020', 1143859435, '8001010504', NULL, '2020-03-10', 202041630200000384, '2020-03-16', 4, NULL, 'Plan Jarillon de Cali', 'Rosalba Majin', NULL, NULL, '1200311-8', '2020-03-11', 'Techo 2558', NULL, NULL, '8001012023', '-76,475130', '3,448170', '8001012401', '8001012502', '8001012607', 'No', NULL, NULL, 'No', 'No', 'Finalizado, se envio informe al Plan Jarillon de Cali', NULL, NULL, NULL, NULL, NULL, NULL, NULL, NULL, '', NULL, NULL, NULL, NULL, NULL, NULL, NULL, NULL, NULL, NULL, NULL, NULL, NULL, NULL, NULL, NULL, NULL, NULL, NULL, NULL, NULL, NULL, NULL, NULL, NULL, NULL),
(51, 51, '2020', 1143859435, '8001010504', NULL, '2020-03-10', 202041630200000384, '2020-03-16', 4, NULL, 'Plan Jarillon de Cali', 'Hector Barrios', NULL, NULL, '1200311-9', '2020-03-11', 'Techo 2559', NULL, NULL, '8001012023', '-76,475150', '3,448100', '8001012401', '8001012502', '8001012607', 'No', NULL, NULL, 'No', 'No', 'Finalizado, se envio informe al Plan Jarillon de Cali', NULL, NULL, NULL, NULL, NULL, NULL, NULL, NULL, '', NULL, NULL, NULL, NULL, NULL, NULL, NULL, NULL, NULL, NULL, NULL, NULL, NULL, NULL, NULL, NULL, NULL, NULL, NULL, NULL, NULL, NULL, NULL, NULL, NULL, NULL),
(52, 52, '2020', 1144063314, '8001010504', NULL, '2020-03-10', 202041630200000384, '2020-03-16', 4, NULL, 'Plan Jarillon de Cali', 'Paola Malaba', NULL, NULL, '2200311-1', '2020-03-11', 'Techo 2560', NULL, NULL, '8001012023', '-76,474910', '3,448220', '8001012401', '8001012502', '8001012607', 'No', NULL, NULL, 'Si', 'No', 'Finalizado, se envio informe al Plan Jarillon de Cali, traslado Secretaria de Bienestar Social y traslado Secretaria de Vivienda Social y Habitat', NULL, NULL, NULL, 7, '202041630200000394', NULL, NULL, 5, '202041630200000404', NULL, NULL, NULL, NULL, NULL, NULL, NULL, NULL, NULL, NULL, NULL, NULL, NULL, NULL, NULL, NULL, NULL, NULL, NULL, NULL, NULL, NULL, NULL, NULL, NULL, NULL),
(53, 53, '2020', 1144063314, '8001010504', NULL, '2020-03-10', 202041630200000384, '2020-03-16', 4, NULL, 'Plan Jarillon de Cali', 'Aura Leonor Amu', NULL, NULL, '2200311-2', '2020-03-11', 'Techo 2561', NULL, NULL, '8001012023', '-76,475110', '3,448210', '8001012401', '8001012502', '8001012607', 'No', NULL, NULL, 'No', 'No', 'Finalizado, se envio informe al Plan Jarillon de Cali', NULL, NULL, NULL, NULL, NULL, NULL, NULL, NULL, '', NULL, NULL, NULL, NULL, NULL, NULL, NULL, NULL, NULL, NULL, NULL, NULL, NULL, NULL, NULL, NULL, NULL, NULL, NULL, NULL, NULL, NULL, NULL, NULL, NULL, NULL),
(54, 54, '2020', 1144063314, '8001010504', NULL, '2020-03-10', 202041630200000384, '2020-03-16', 4, NULL, 'Plan Jarillon de Cali', 'Maria Denis Vivero', NULL, NULL, '2200311-3', '2020-03-11', 'Techo 2564', NULL, NULL, '8001012023', '-76,475080', '3,447930', '8001012401', '8001012502', '8001012607', 'No', NULL, NULL, 'No', 'No', 'Finalizado, se envio informe al Plan Jarillon de Cali', NULL, NULL, NULL, NULL, NULL, NULL, NULL, NULL, '', NULL, NULL, NULL, NULL, NULL, NULL, NULL, NULL, NULL, NULL, NULL, NULL, NULL, NULL, NULL, NULL, NULL, NULL, NULL, NULL, NULL, NULL, NULL, NULL, NULL, NULL),
(55, 55, '2020', 1144063314, '8001010504', NULL, '2020-03-10', 202041630200000384, '2020-03-16', 4, NULL, 'Plan Jarillon de Cali', 'Jackeline Parra Viveros', NULL, NULL, '2200311-4', '2020-03-11', 'Techo 2566', NULL, NULL, '8001012023', '-76,475040', '3,447770', '8001012401', '8001012502', '8001012607', 'No', NULL, NULL, 'No', 'No', 'Finalizado, se envio informe al Plan Jarillon de Cali', NULL, NULL, NULL, NULL, NULL, NULL, NULL, NULL, '', NULL, NULL, NULL, NULL, NULL, NULL, NULL, NULL, NULL, NULL, NULL, NULL, NULL, NULL, NULL, NULL, NULL, NULL, NULL, NULL, NULL, NULL, NULL, NULL, NULL, NULL),
(56, 56, '2020', 1144063314, '8001010504', NULL, '2020-03-10', 202041630200000384, '2020-03-16', 4, NULL, 'Plan Jarillon de Cali', 'Norvey Valencia', NULL, NULL, '2200311-5', '2020-03-11', 'Techo 2571', NULL, NULL, '8001012023', '-76,475110', '3,448100', '8001012401', '8001012502', '8001012607', 'No', NULL, NULL, 'No', 'No', 'Finalizado, se envio informe al Plan Jarillon de Cali', NULL, NULL, NULL, NULL, NULL, NULL, NULL, NULL, '', NULL, NULL, NULL, NULL, NULL, NULL, NULL, NULL, NULL, NULL, NULL, NULL, NULL, NULL, NULL, NULL, NULL, NULL, NULL, NULL, NULL, NULL, NULL, NULL, NULL, NULL),
(57, 57, '2020', 1144063314, '8001010504', NULL, '2020-03-10', 202041630200000384, '2020-03-16', 4, NULL, 'Plan Jarillon de Cali', 'Absalon Vasquez', NULL, NULL, '2200311-6', '2020-03-11', 'Techo 2573', NULL, NULL, '8001012023', '-76,475150', '3,447930', '8001012401', '8001012502', '8001012607', 'No', NULL, NULL, 'No', 'No', 'Finalizado, se envio informe al Plan Jarillon de Cali', NULL, NULL, NULL, NULL, NULL, NULL, NULL, NULL, '', NULL, NULL, NULL, NULL, NULL, NULL, NULL, NULL, NULL, NULL, NULL, NULL, NULL, NULL, NULL, NULL, NULL, NULL, NULL, NULL, NULL, NULL, NULL, NULL, NULL, NULL),
(58, 58, '2020', 1144063314, '8001010504', NULL, '2020-03-10', 202041630200000384, '2020-03-16', 4, NULL, 'Plan Jarillon de Cali', 'Ligia Panameño', NULL, NULL, '2200311-7', '2020-03-11', 'Techo 2576', NULL, NULL, '8001012023', '-76,475030', '3,448170', '8001012401', '8001012502', '8001012607', 'No', NULL, NULL, 'No', 'No', 'Finalizado, se envio informe al Plan Jarillon de Cali', NULL, NULL, NULL, NULL, NULL, NULL, NULL, NULL, '', NULL, NULL, NULL, NULL, NULL, NULL, NULL, NULL, NULL, NULL, NULL, NULL, NULL, NULL, NULL, NULL, NULL, NULL, NULL, NULL, NULL, NULL, NULL, NULL, NULL, NULL),
(59, 59, '2020', 1144063314, '8001010504', NULL, '2020-03-10', 202041630200000384, '2020-03-16', 4, NULL, 'Plan Jarillon de Cali', 'Yolanda Mina Galindo', NULL, NULL, '2200311-8', '2020-03-11', 'Techo 2577', NULL, NULL, '8001012023', '-76,475140', '3,448190', '8001012401', '8001012502', '8001012607', 'No', NULL, NULL, 'No', 'No', 'Finalizado, se envio informe al Plan Jarillon de Cali', NULL, NULL, NULL, NULL, NULL, NULL, NULL, NULL, '', NULL, NULL, NULL, NULL, NULL, NULL, NULL, NULL, NULL, NULL, NULL, NULL, NULL, NULL, NULL, NULL, NULL, NULL, NULL, NULL, NULL, NULL, NULL, NULL, NULL, NULL),
(60, 60, '2020', 1144063314, '8001010504', NULL, '2020-03-10', 202041630200000384, '2020-03-16', 4, NULL, 'Plan Jarillon de Cali', 'Hector Angulo', NULL, NULL, '2200311-9', '2020-03-11', 'Techo 2578', NULL, NULL, '8001012023', '-76,475050', '3,448370', '8001012401', '8001012502', '8001012607', 'No', NULL, NULL, 'No', 'No', 'Finalizado, se envio informe al Plan Jarillon de Cali', NULL, NULL, NULL, NULL, NULL, NULL, NULL, NULL, '', NULL, NULL, NULL, NULL, NULL, NULL, NULL, NULL, NULL, NULL, NULL, NULL, NULL, NULL, NULL, NULL, NULL, NULL, NULL, NULL, NULL, NULL, NULL, NULL, NULL, NULL),
(61, 61, '2020', 1143859435, '8001010503', NULL, '2020-03-13', 202041630200000414, '2020-03-16', 1, NULL, 'Ruben Estrada', 'Ruben Estrada', NULL, NULL, '1200313-1', '2020-03-13', 'C 6d Oeste No B44-49', '2003', '8001012020', NULL, '-76,557320', '3,430110', '8001012401', '8001012502', '8001012604', 'Si', NULL, NULL, 'Si', 'No', 'Finalizado, se envio informe a Secretaria de Infraestructura, traslado Secretaria de Seguridad y Justicia, traslado Secretaria de Vivienda Social y Habitat y traslado EMCALI', NULL, NULL, NULL, 6, '202041630200000434', NULL, NULL, 5, '202041630200000424', NULL, NULL, 10, '202041630200000431', NULL, NULL, NULL, NULL, NULL, NULL, NULL, NULL, NULL, NULL, NULL, NULL, NULL, NULL, NULL, NULL, NULL, NULL, NULL, NULL, NULL, NULL),
(62, 62, '2020', 1130622754, '8001010503', NULL, '2020-03-13', 202041630200000414, '2020-03-16', 1, NULL, 'Mercedes Uni\n\n', 'Mercedes Uni\n\n', NULL, NULL, '11200313-1', '2020-03-13', 'C 6c Oeste No 49A-21', '2003', '8001012020', NULL, '-76,553950', '3,418480', '8001012401', '8001012502', '8001012604', 'Si', NULL, NULL, 'Si', 'No', 'Finalizado, se envio informe a Secretaria de Infraestructura, traslado Secretaria de Seguridad y Justicia, traslado Secretaria de Vivienda Social y Habitat y traslado EMCALI', NULL, NULL, NULL, 6, '202041630200000434', NULL, NULL, 5, '202041630200000424', NULL, NULL, 10, '202041630200000431', NULL, NULL, NULL, NULL, NULL, NULL, NULL, NULL, NULL, NULL, NULL, NULL, NULL, NULL, NULL, NULL, NULL, NULL, NULL, NULL, NULL, NULL),
(63, 63, '2020', 1144063314, '8001010503', NULL, '2020-03-13', 202041630200000414, '2020-03-16', 1, NULL, 'Julieth Flores García', 'Julieth Flores García', NULL, NULL, '2200313-1', '2020-03-13', 'C 6d Oeste No 49-34', '2003', '8001012020', NULL, '-76,557320', '3,430110', '8001012401', '8001012502', '8001012604', 'Si', NULL, NULL, 'Si', 'No', 'Finalizado, se envio informe a Secretaria de Infraestructura, traslado Secretaria de Seguridad y Justicia, traslado Secretaria de Vivienda Social y Habitat y traslado EMCALI', NULL, NULL, NULL, 6, '202041630200000434', NULL, NULL, 5, '202041630200000424', NULL, NULL, 10, '202041630200000431', NULL, NULL, NULL, NULL, NULL, NULL, NULL, NULL, NULL, NULL, NULL, NULL, NULL, NULL, NULL, NULL, NULL, NULL, NULL, NULL, NULL, NULL),
(64, 64, '2020', 1144063314, '8001010503', '202041730100304522', '2020-03-09', 202041630100001771, '2020-03-19', 8, NULL, 'Yesica Montoya Laserna', 'Yesica Montoya Laserna', NULL, NULL, '2200310-1', '2020-03-10', 'Sector Colinas', '296', '02', NULL, '-76,536990', '3,492110', '8001012403', '8001012503', '8001012607', 'Si', NULL, NULL, 'Si', 'No', 'Finalizado, se envio informe a peticionario, traslado Secretaria de Bienestar Social y traslado Secretaria de Vivienda Social y Habitat', NULL, NULL, NULL, 7, '202041630100000894', NULL, NULL, 5, '202041630100000884', NULL, NULL, NULL, NULL, NULL, NULL, NULL, NULL, NULL, NULL, NULL, NULL, NULL, NULL, NULL, NULL, NULL, NULL, NULL, NULL, NULL, NULL, NULL, NULL, NULL, NULL),
(65, 65, '2020', 1151936630, '8001010503', '202041630100001421', '2020-02-25', 202041630100001421, '2020-03-11', 8, NULL, 'CVC - Diego Luis Hurtado Anzares', 'Hilda Solarte', NULL, NULL, '9200305-1', '2020-03-05', 'Corregimiento La Castilla - Finca La Estrella', NULL, NULL, '8001012034', '-76,583442', '3,494912', '8001012403', '8001012502', '8001012605', 'No', NULL, NULL, 'Si', 'No', 'Finalizado, se envio informe a peticionario, traslado Secretaria deSeguridad y Justicia, traslado Secretaria de Vivienda Social y Habitat y el Departamento Administrativo de Planeacion Municipal', NULL, NULL, NULL, 6, '202041630100000704', NULL, NULL, 5, '202041630100000694', NULL, NULL, 31, '202041630100000714', NULL, NULL, NULL, NULL, NULL, NULL, NULL, NULL, NULL, NULL, NULL, NULL, NULL, NULL, NULL, NULL, NULL, NULL, NULL, NULL, NULL, NULL),
(66, 66, '2020', 1151936630, '8001010503', '202041630200000381', '2020-02-22', 202041730100239072, '2020-03-06', 10, NULL, 'Ricardo Antonio Lizalda Ocampo', 'Ricardo Antonio Lizalda Ocampo', NULL, NULL, '9200306-1', '2020-03-06', 'Av 9 No 27-05', '210', '8001012002', NULL, '-76,731111', '3,471388', '8001012403', '8001012502', '8001012602', 'No', NULL, NULL, 'Si', 'No', 'Finalizado, se envio informe a peticionario, traslado a EMCALI', NULL, NULL, NULL, 10, '202041630200000391', NULL, NULL, NULL, '', NULL, NULL, NULL, NULL, NULL, NULL, NULL, NULL, NULL, NULL, NULL, NULL, NULL, NULL, NULL, NULL, NULL, NULL, NULL, NULL, NULL, NULL, NULL, NULL, NULL, NULL),
(67, 67, '2020', 1151936630, '8001010503', NULL, '2020-03-14', 202041630200000461, '2020-03-18', 3, NULL, 'JAL', 'Habitantes - Conjunto Residencial Altos de Santa H', NULL, NULL, '9200314-1', '2020-03-14', 'C 1Bis Oeste No 100A Bis', NULL, '8001012018', NULL, '-76,555555', '3,368694', '8001012401', '8001012502', '8001012602', 'No', NULL, NULL, 'Si', 'No', 'Finalizado, se envio informe a EMCALI y traslado a Vivienda', NULL, NULL, NULL, 5, '202041630200000504', NULL, NULL, NULL, '', NULL, NULL, NULL, NULL, NULL, NULL, NULL, NULL, NULL, NULL, NULL, NULL, NULL, NULL, NULL, NULL, NULL, NULL, NULL, NULL, NULL, NULL, NULL, NULL, NULL, NULL),
(68, 68, '2020', 1151936630, '8001010503', '202041730100241052', '2020-02-25', 202041630200000451, '2020-03-09', 11, NULL, 'Monica Patricia Medina Gutierrez', 'Monica Patricia Medina Gutierrez', NULL, NULL, '9200309-1', '2020-03-09', 'C 7 No 14A-106', '306', '8001012003', NULL, '-76,535109', '3,441431', '8001012403', '8001012502', '8001012607', 'No', NULL, NULL, 'Si', 'No', 'Finalizado, se envio informe a peticionario, traslado a la Secertaria de Educacion', NULL, NULL, NULL, 21, '202041630200000474', NULL, NULL, NULL, '', NULL, NULL, NULL, NULL, NULL, NULL, NULL, NULL, NULL, NULL, NULL, NULL, NULL, NULL, NULL, NULL, NULL, NULL, NULL, NULL, NULL, NULL, NULL, NULL, NULL, NULL),
(69, 69, '2020', 1151936630, '8001010503', NULL, '2020-03-11', 202041630010002064, '2020-03-11', 1, NULL, NULL, NULL, NULL, NULL, '9200311-1', '2020-03-11', 'Av 4 Oeste C 6', '201', '8001012002', NULL, '-76,548119', '3,454809', '8001012403', '8001012502', '8001012607', 'No', NULL, NULL, 'No', 'No', 'Finalizado, se envio informe a Secretaria de Infraestructura', NULL, NULL, NULL, NULL, NULL, NULL, NULL, NULL, '', NULL, NULL, NULL, NULL, NULL, NULL, NULL, NULL, NULL, NULL, NULL, NULL, NULL, NULL, NULL, NULL, NULL, NULL, NULL, NULL, NULL, NULL, NULL, NULL, NULL, NULL),
(70, 70, '2020', 1151936630, '8001010503', NULL, '2020-03-16', 202041630010002364, '2020-03-17', 1, NULL, 'Eli Schnaider - PJC', 'Eli Schanider - PJC', NULL, NULL, '9200317-1', '2020-03-17', 'C 73 Diagonal 26F', '1313', '8001012013', NULL, '-76,484230', '3,436259', '8001012403', '8001012502', '8001012602', 'No', NULL, NULL, 'No', 'No', 'Finalizado, se envio informe a la gerencia del Plan Jarillón de Cali', NULL, NULL, NULL, NULL, NULL, NULL, NULL, NULL, '', NULL, NULL, NULL, NULL, NULL, NULL, NULL, NULL, NULL, NULL, NULL, NULL, NULL, NULL, NULL, NULL, NULL, NULL, NULL, NULL, NULL, NULL, NULL, NULL, NULL, NULL),
(71, 71, '2020', 1144171574, '8001010503', '202041730100295692', '2020-03-06', 202041630200000501, '2020-03-25', 12, NULL, 'Rosa Nelly Moreno', 'Rosa Nelly Moreno', NULL, NULL, '6200318-2', '2020-03-18', 'C 1 oeste No 42D-08', '2003', '8001012020', NULL, '-76,554000', '3,422400', '8001012403', '8001012502', '8001012607', 'Si', NULL, NULL, 'Si', 'No', 'Finalizado, se envio informe por correo a CVC – Corporacion Autonoma Regional del Valle del Cauca', NULL, NULL, NULL, 9, '202041630200000491', NULL, NULL, NULL, '', NULL, NULL, NULL, NULL, NULL, NULL, NULL, NULL, NULL, NULL, NULL, NULL, NULL, NULL, NULL, NULL, NULL, NULL, NULL, NULL, NULL, NULL, NULL, NULL, NULL, NULL),
(72, 72, '2020', 1144171574, '8001010503', '202041730100286892', '2020-03-05', 202041630200000471, '2020-03-20', 13, NULL, 'Anonimo', 'Ninguna', NULL, NULL, '6200318-1', '2020-03-18', 'C 10 oeste No 38-286', '1983', '8001012019', NULL, '-76,554000', '3,430600', '8001012403', '8001012502', '8001012602', 'No', NULL, NULL, 'Si', 'No', 'Finalizado, se envio informe a IVC y DAGMA', NULL, NULL, NULL, 13, '202041630200000524', NULL, NULL, 11, '202041630200000534', NULL, NULL, NULL, NULL, NULL, NULL, NULL, NULL, NULL, NULL, NULL, NULL, NULL, NULL, NULL, NULL, NULL, NULL, NULL, NULL, NULL, NULL, NULL, NULL, NULL, NULL);
INSERT INTO `historico_vt` (`VcrId`, `VcrCodHis`, `Vcrano`, `VcrIdSerP`, `VcrIdSol`, `VcrRadSol`, `VcrFecSol`, `VcrRadRes`, `VcrFecRad`, `VcrDiaResp`, `VcrIdRie`, `VcrEntSol`, `VcrNomAti`, `VcrNoIde`, `VcrCel`, `VcrCodForm`, `VcrFecVis`, `VcrDir`, `VcrIdBarVe`, `VcrIdCom`, `VcrIdCorr`, `VcrLon`, `VcrLat`, `VcrIdMot`, `VcrIdFen`, `VcrIdCar`, `VcrAyuHum`, `VcrPerHer`, `VcrPerFall`, `VcrTraCas`, `VcrCop`, `VcrEstTra`, `VcrObsHis`, `VcrUbiInf`, `VcrResInf`, `VcrIdTra1`, `VcrRadTra1`, `VcrFecTra1`, `VcrResTra1`, `VcrIdTra2`, `VcrRadTra2`, `VcrFecTra2`, `VcrResTra2`, `VcrIdTra3`, `VcrRadTra3`, `VcrFecTra3`, `VcrResTra3`, `VcrIdTra4`, `VcrRadTra4`, `VcrFecTra4`, `VcrResTra4`, `VcrIdTra5`, `VcrRadTra5`, `VcrFecTra5`, `VcrResTra5`, `VcrIdTra6`, `VcrRadTra6`, `VcrIdTra7`, `VcrRadTra7`, `VcrIdTra8`, `VcrRadTra8`, `VcrdTra2`, `field4`, `VcrI`, `field6`, `field5`, `VcrDirNom`) VALUES
(73, 73, '2020', 1143853077, '8001010503', '202041730100220262', '2020-02-20', 202041630100000811, '2020-03-03', 7, NULL, 'Edil Jhon Jaramillo', 'Edil Jhon Jaramillo', NULL, NULL, '10200303-1', '2020-03-03', 'Callejon Yanet', NULL, NULL, '8001012026', '-76,574270', '3,396140', '8001012403', '8001012501', '8001012605', 'No', NULL, NULL, 'Si', 'No', 'Finalizado, se envio informe a peticionario, traslado a CVC – Corporacion Autonoma Regional del Valle del Cauca y Secretaria de Infraestructura', NULL, NULL, NULL, 9, '202041630100000861', NULL, NULL, 4, '202041630100000554', NULL, NULL, NULL, NULL, NULL, NULL, NULL, NULL, NULL, NULL, NULL, NULL, NULL, NULL, NULL, NULL, NULL, NULL, NULL, NULL, NULL, NULL, NULL, NULL, NULL, NULL),
(74, 74, '2020', 1130622754, '8001010503', NULL, '2020-03-14', 202041630200000554, '2020-03-24', 18, NULL, 'JAL', 'Ana Rita Flores', NULL, NULL, '11200314-1', '2020-03-14', 'C 1Bis Oeste No 100A Bis', NULL, '8001012018', NULL, '-76,331072', '3,221000', '8001012401', '8001012502', '8001012605', 'No', NULL, NULL, 'Si', 'No', 'En proceso, se envio informe y traslados para revisión y firma', NULL, NULL, NULL, 4, '202041630200000554', NULL, NULL, 5, '202041630100000564', NULL, NULL, NULL, NULL, NULL, NULL, NULL, NULL, NULL, NULL, NULL, NULL, NULL, NULL, NULL, NULL, NULL, NULL, NULL, NULL, NULL, NULL, NULL, NULL, NULL, NULL),
(75, 75, '2020', 36861950, '8001010503', NULL, '2020-03-13', 202041630100000644, '2020-03-31', 9, NULL, 'Edison Villano', 'Edison Villano', NULL, NULL, NULL, '2020-03-14', 'C 3 Oeste No 42b-21', '2003', '8001012020', NULL, '-76,554546', '3,423134', '8001012403', '8001012502', '8001012607', 'No', NULL, NULL, 'Si', 'No', 'Finalizado, se envio informe de emergencia a Secretaria de Vivienda Social y Habitat', NULL, NULL, NULL, 5, '202041630100000644', NULL, NULL, NULL, '', NULL, NULL, NULL, NULL, NULL, NULL, NULL, NULL, NULL, NULL, NULL, NULL, NULL, NULL, NULL, NULL, NULL, NULL, NULL, NULL, NULL, NULL, NULL, NULL, NULL, NULL),
(76, 76, '2020', 111111, '8001010503', '202041730100142482', '2020-02-05', 202041630100001931, '2020-04-03', 32, NULL, 'Jaime Montoya', 'Andres Montoya', NULL, NULL, '5200313-1', '2020-03-13', 'Av 8N No 23n-26', NULL, NULL, NULL, '-76,532174', '3,464171', '8001012403', '8001012504', '8001012607', 'No', NULL, NULL, 'SI', 'No', 'Finalizado, se envio informe a peticionario y traslado a Subsecretaria de Acceso a Servicios de Justicia', NULL, NULL, NULL, 23, NULL, NULL, NULL, NULL, '', NULL, NULL, NULL, NULL, NULL, NULL, NULL, NULL, NULL, NULL, NULL, NULL, NULL, NULL, NULL, NULL, NULL, NULL, NULL, NULL, NULL, NULL, NULL, NULL, NULL, NULL),
(77, 77, '2020', 1144171574, '8001010503', NULL, '2020-04-23', 202041630200000694, '2020-04-23', 2, NULL, 'Herilda Franco', 'Herilda Franco', NULL, NULL, '6200419-1', '2020-04-19', 'C 83 No 28f-88', '1598', '8001012015', NULL, '-76,490620', '3,413415', '8001012401', '8001012504', '8001012612', 'Si', NULL, NULL, 'Si', 'No', 'Finalizado, se envio informe Secretaria de Vivienda Social y Habitat', NULL, NULL, NULL, 5, '2020416302000000694', NULL, NULL, NULL, '', NULL, NULL, NULL, NULL, NULL, NULL, NULL, NULL, NULL, NULL, NULL, NULL, NULL, NULL, NULL, NULL, NULL, NULL, NULL, NULL, NULL, NULL, NULL, NULL, NULL, NULL),
(78, 78, '2020', 36861950, '8001010503', '202041610100007264', '2020-03-30', 202041630100001124, '2020-04-30', 21, NULL, 'Esthephany Arias Jimenez', NULL, NULL, NULL, NULL, '2020-04-28', '', NULL, NULL, '8001012023', 'ugua', '3,411110', '8001012403', '8001012503', '8001012610', 'No', NULL, NULL, 'No', 'No', 'Finalizado, se envio informe a peticionario', NULL, NULL, NULL, NULL, NULL, NULL, NULL, NULL, '', NULL, NULL, NULL, NULL, NULL, NULL, NULL, NULL, NULL, NULL, NULL, NULL, NULL, NULL, NULL, NULL, NULL, NULL, NULL, NULL, NULL, NULL, NULL, NULL, NULL, NULL),
(79, 79, '2020', 1053768233, '8001010504', NULL, '2020-05-18', 202041630100001244, '2020-05-21', 3, NULL, 'Secretaria de Vivienda Social y Habitat', NULL, NULL, NULL, '4200519-1', '2020-05-19', 'K 38 2 Oeste', '2003', '8001012020', NULL, '-76,556888', '3,425754', '8001012401', '8001012502', '8001012605', 'No', NULL, NULL, 'Si', 'No', 'Finalizado, se envio informe a Unidad Administrativa Especial de Gestion de Bienes y Servicios, Unidad Administrativa Especial de Servicios Publicos Municipales y Secretaria de Seguridad y Justicia', NULL, NULL, NULL, 24, '202041630100001224', NULL, NULL, 17, '202041630100001234', NULL, NULL, 6, '202041630100001214', NULL, NULL, NULL, NULL, NULL, NULL, NULL, NULL, NULL, NULL, NULL, NULL, NULL, NULL, NULL, NULL, NULL, NULL, NULL, NULL, NULL, NULL),
(80, 80, '2020', 1053768233, '8001010504', NULL, '2020-05-20', 202041630100001254, '2020-05-21', 1, NULL, 'Yudi Heredia', 'Yudi Heredia', NULL, NULL, '4200520-1', '2020-05-20', 'Sector Hoyo Frio', NULL, NULL, '8001012037', '-76,550650', '3,498920', '8001012401', '8001012502', '8001012605', 'No', NULL, NULL, 'Si', 'No', 'Finalizado, se envio informe a CVC – Corporacion Autonoma Regional del Valle del Cauca', NULL, NULL, NULL, 9, '202041630100002191', NULL, NULL, NULL, '', NULL, NULL, NULL, NULL, NULL, NULL, NULL, NULL, NULL, NULL, NULL, NULL, NULL, NULL, NULL, NULL, NULL, NULL, NULL, NULL, NULL, NULL, NULL, NULL, NULL, NULL),
(81, 81, '2020', 1053768233, '8001010504', NULL, '2020-05-30', 202041630010004324, '2020-06-01', 1, NULL, 'Consorcio via Pance - Nestor Martinez', 'Carlos Carvajal', NULL, NULL, '4200531-1', '2020-05-31', 'Km 2 + 130 al 150 y Km 1 + 770 al 870', NULL, NULL, '8001012025', '-76,583784', '3,332948', '8001012401', '8001012502', '8001012605', 'No', NULL, NULL, 'Si', 'No', 'Finalizado, se envio informe a Secretaria de Infraestructura', NULL, NULL, NULL, 4, '202041630010004324', NULL, NULL, NULL, '', NULL, NULL, NULL, NULL, NULL, NULL, NULL, NULL, NULL, NULL, NULL, NULL, NULL, NULL, NULL, NULL, NULL, NULL, NULL, NULL, NULL, NULL, NULL, NULL, NULL, NULL),
(82, 82, '2020', 1143853077, '8001010503', NULL, '2020-05-14', 202041630100001194, '2020-05-15', 1, NULL, 'Holmes Mosquera', 'Holmes Mosquera', NULL, NULL, '10200514-1', '2020-05-14', 'C 42 con K 8 Norte Puente Peatonal', '413', '8001012004', NULL, '-76,514614', '3,472705', '8001012403', '8001012502', '8001012607', 'No', NULL, NULL, 'Si', 'Si, a John Posso DAGMA', 'Finalizado, se envio informe a peticionario y Secretaria de Infraestructura', NULL, NULL, NULL, 4, '202041630100001194', NULL, NULL, NULL, '', NULL, NULL, NULL, NULL, NULL, NULL, NULL, NULL, NULL, NULL, NULL, NULL, NULL, NULL, NULL, NULL, NULL, NULL, NULL, NULL, NULL, NULL, NULL, NULL, NULL, NULL),
(83, 83, '2020', 1143853077, '8001010503', '202041730100484662', '2020-05-05', 202041730100484662, '2020-05-21', 11, NULL, 'Yudi Heredia', 'Yudi Heredia', NULL, NULL, '10200520-1', '2020-05-20', 'Mina Sector El Hoyo Frío', '', NULL, '8001012037', '-76,552157', '3,501601', '8001012403', '8001012502', '8001012605', 'No', NULL, NULL, 'Si', 'No', 'Finalizado, se envio informe a peticionario, Secretaria de Vivienda Social y Habitat, Secretaria de Seguridad y Justicia, Departamento Administrativo de Planeacion Municipal, Corregidora Golondrinas, Benemerito Cuerpo de Bomberos Voluntarios de Cali y CVC – Corporacion Autonoma Regional del Valle del Cauca', NULL, NULL, NULL, 5, '202041630100001284', NULL, NULL, 6, '202041630100001274', NULL, NULL, 31, '202041630100001264', NULL, NULL, NULL, '202041630100001364', NULL, NULL, 3, '202041630100002281', NULL, NULL, 9, '202041630100002251', NULL, NULL, NULL, NULL, NULL, NULL, NULL, NULL, NULL, NULL),
(84, 84, '2020', 1143853077, '8001010503', '202041610100010484', '2020-05-18', 202041610100010484, '2020-06-01', 8, NULL, 'Corregidora La Leonera', 'Feliz Paez', NULL, NULL, '10200520-2', '2020-05-20', 'Via La Leonera vereda El Pajuil', NULL, NULL, '8001012030', '-76,632126', '3,453954', '8001012403', '8001012502', '8001012605', 'No', NULL, NULL, 'Si', 'No', 'Finalizado, se emvio informe a peticionario, Secretaria de Infraestructura y CVC – Corporacion Autonoma Regional del Valle del Cauca', NULL, NULL, NULL, 4, '202041630100001424', NULL, NULL, 9, '202041630100002331', NULL, NULL, NULL, NULL, NULL, NULL, NULL, NULL, NULL, NULL, NULL, NULL, NULL, NULL, NULL, NULL, NULL, NULL, NULL, NULL, NULL, NULL, NULL, NULL, NULL, NULL),
(85, 85, '2020', 1151936630, '8001010503', '202041730100529692', '2020-05-16', 202041630200000811, '2020-06-08', 22, NULL, 'MARIA NEILA MORA CORDOBA', 'Maria Neila Mora Cordoba', NULL, NULL, '10200527-1', '2020-05-27', 'C 1 No 56-70', NULL, '8001012019', NULL, '-76,556051', '3,407694', '8001012403', '8001012502', '8001012605', 'No', NULL, NULL, 'Si', 'No', 'Finalizado, se envio informe a peticionario y a Secretaria de Infraestructura.', NULL, NULL, NULL, 4, '202041630200000994', NULL, NULL, NULL, '', NULL, NULL, NULL, NULL, NULL, NULL, NULL, NULL, NULL, NULL, NULL, NULL, NULL, NULL, NULL, NULL, NULL, NULL, NULL, NULL, NULL, NULL, NULL, NULL, NULL, NULL),
(86, 86, '2020', 1151936630, '8001010504', '202041610100006044', '2020-05-09', 202041630200000864, '2020-06-01', 21, NULL, 'Corregidora La Castilla', 'Saray Guevara', NULL, NULL, '10200529-1', '2020-05-29', 'Callejon Los Almendros', NULL, NULL, '8001012034', '-76,553857', '3,478413', '8001012403', '8001012502', '8001012607', 'No', NULL, NULL, 'Si', 'No', 'Finalizado, se envio informe a peticionario, Secretaria de Infraestructura y CVC – Corporacion Autonoma Regional del Valle del Cauca', NULL, NULL, NULL, 4, '202041630200000874', NULL, NULL, 9, '202041630200000741', NULL, NULL, NULL, '202041630200000751', NULL, NULL, NULL, NULL, NULL, NULL, NULL, NULL, NULL, NULL, NULL, NULL, NULL, NULL, NULL, NULL, NULL, NULL, NULL, NULL, NULL, NULL),
(87, 87, '2020', 36861950, '8001010503', NULL, '2020-05-07', 202041630100002111, '2020-05-12', 4, NULL, 'gustavo', 'Carmen Saldarriaga', NULL, NULL, NULL, '2020-05-11', 'C 1 A No 5F 73 -11', NULL, '8001012006', NULL, '-76,486150', '3,484963', '8001012403', '8001012503', '8001012607', 'No', NULL, NULL, 'Si', 'No', 'Finalizado, se envìo informe a peticionario, Secretarìa de Infraestructura y EMCALI – Empresas Municipales de Cali', NULL, NULL, NULL, 10, '202041630100002121', NULL, NULL, 4, '202041630100001174', NULL, NULL, NULL, NULL, NULL, NULL, NULL, NULL, NULL, NULL, NULL, NULL, NULL, NULL, NULL, NULL, NULL, NULL, NULL, NULL, NULL, NULL, NULL, NULL, NULL, NULL),
(88, 88, '2020', 36861950, '8001010503', NULL, '2020-03-10', 202041630100002261, '2020-05-26', 48, NULL, 'Leonardo Lozano Lozano', NULL, NULL, NULL, NULL, '2020-05-12', 'C 96 No 48-53', NULL, '8001012017', NULL, '-76,515623', '3,372969', '8001012403', '8001012503', '8001012607', 'No', NULL, NULL, 'No', 'No', 'Finalizado, se envio informe a peticionario', NULL, NULL, NULL, NULL, NULL, NULL, NULL, NULL, '', NULL, NULL, NULL, NULL, NULL, NULL, NULL, NULL, NULL, NULL, NULL, NULL, NULL, NULL, NULL, NULL, NULL, NULL, NULL, NULL, NULL, NULL, NULL, NULL, NULL, NULL),
(89, 89, '2020', 1059695640, '8001010503', '202041610100010474', '2020-05-18', 202041630100001494, '2020-06-08', 14, NULL, 'Diana Maritza Rodriguez', 'Rosalba Ruiz', NULL, NULL, '8200528-1', '2020-05-28', 'Finca la Pitufa. 214 parte baja', NULL, NULL, '8001012035', '-76,545390', '3,452310', '8001012403', '8001012504', '8001012612', 'Si', NULL, NULL, 'Si', 'No', 'Finalizado, Se envio informe a peticionario. Secretaria de Vivienda Social y Habitat y Secretaria de Bienestar Social', NULL, NULL, NULL, 5, '202041630100001494', NULL, NULL, 7, '202041630100001484', NULL, NULL, NULL, NULL, NULL, NULL, NULL, NULL, NULL, NULL, NULL, NULL, NULL, NULL, NULL, NULL, NULL, NULL, NULL, NULL, NULL, NULL, NULL, NULL, NULL, NULL),
(90, 90, '2020', 1059695640, '8001010503', NULL, '2020-05-29', 202041630100001504, '2020-06-08', 6, NULL, 'Alexandra Moneredo', 'Roizon Ortega', NULL, NULL, '8200529-1', '2020-05-29', 'Cabecera La Castilla', NULL, NULL, '8001012034', '-76,576390', '3,493950', '8001012403', '8001012502', '8001012605', 'No', NULL, NULL, 'No', 'No', 'Finalizado, se envio informe a peticionario', NULL, NULL, NULL, NULL, NULL, NULL, NULL, NULL, '', NULL, NULL, NULL, NULL, NULL, NULL, NULL, NULL, NULL, NULL, NULL, NULL, NULL, NULL, NULL, NULL, NULL, NULL, NULL, NULL, NULL, NULL, NULL, NULL, NULL, NULL),
(91, 91, '2020', 1144063314, '8001010503', NULL, '2020-05-27', 202041630200000834, '2020-06-01', 3, NULL, 'Plan Jarillon de Cali', 'Ana Zoraida Gonzales', NULL, NULL, '2200527-1', '2020-05-27', 'C 72I No 26I-44', NULL, '8001012013', NULL, '-76,491820', '3,428880', '8001012401', '8001012502', '8001012607', 'Si', NULL, NULL, 'Si', 'No', 'Finalizado, se envio informe a peticionario, Secretaria de Vivienda Social y Habitat y Secretaria de Bienestar Social', NULL, NULL, NULL, 5, '202041630200000844', NULL, NULL, 7, '202041630200000854', NULL, NULL, NULL, NULL, NULL, NULL, NULL, NULL, NULL, NULL, NULL, NULL, NULL, NULL, NULL, NULL, NULL, NULL, NULL, NULL, NULL, NULL, NULL, NULL, NULL, NULL),
(92, 92, '2020', 1130622754, '8001010503', '202041730100544382', '2020-05-20', NULL, NULL, NULL, NULL, 'Clara Marlen Cante Fula', 'Clara Marlen Cante Fula', NULL, NULL, '11200527-1', '2020-05-27', 'K 38A 3 No 55A-03', '1504', '8001012015', NULL, '-76,497077', '3,408039', '8001012403', '8001012503', '8001012610', 'No', NULL, NULL, 'Si', 'No', 'En proceso', NULL, NULL, NULL, 6, NULL, NULL, NULL, 31, NULL, NULL, NULL, NULL, NULL, NULL, NULL, NULL, NULL, NULL, NULL, NULL, NULL, NULL, NULL, NULL, NULL, NULL, NULL, NULL, NULL, NULL, NULL, NULL, NULL, NULL, NULL),
(93, 93, '2020', 111111, '8001010503', '201941730101486172', '2019-10-01', 202041630100002421, '2020-06-11', NULL, NULL, NULL, 'Viviana Andrea Girarldo', NULL, NULL, '5200611-1', '2020-05-29', 'K 76 B1 Oeste No 4a-34', '1803', NULL, NULL, '-76,562732', '3,388753', '8001012403', '8001012506', '8001012605', 'No', NULL, NULL, 'No', 'No', 'Finalizado, se envio informe a peticionario', NULL, NULL, NULL, NULL, NULL, NULL, NULL, NULL, '', NULL, NULL, NULL, NULL, NULL, NULL, NULL, NULL, NULL, NULL, NULL, NULL, NULL, NULL, NULL, NULL, NULL, NULL, NULL, NULL, NULL, NULL, NULL, NULL, NULL, NULL),
(94, 94, '2020', 1143859435, '8001010503', '202041730100311612', '2020-03-10', 202041630200000571, '2020-03-30', 20, NULL, 'Maria Elvita Jimenez', 'Maria Elvita Jimenez', NULL, NULL, '1200527-1', '2020-05-27', 'K 26O No 118-04', '1403', '8001012013', NULL, '-76,468953', '3,421044', '8001012403', '8001012502', '8001012602', 'No', NULL, NULL, 'Si', 'No', 'Finalizado, se envio informe a peticionario y Secretaria de Vivienda Social y Habitat', NULL, NULL, NULL, 5, '202041630200000794', NULL, NULL, NULL, '', NULL, NULL, NULL, NULL, NULL, NULL, NULL, NULL, NULL, NULL, NULL, NULL, NULL, NULL, NULL, NULL, NULL, NULL, NULL, NULL, NULL, NULL, NULL, NULL, NULL, NULL),
(95, 95, '2020', 1143859435, '8001010504', '202041730200000694', '2020-03-17', 202041630200000824, '2020-06-01', 53, NULL, 'Juan Manuel Chicango', 'Juan Manuel Chicango', NULL, NULL, '1200527-2', '2020-05-27', 'C 38 K41H-02', '1603', '8001012016', NULL, '-76,512890', '3,413220', '8001012403', '8001012502', '8001012607', 'No', NULL, NULL, 'No', 'No', 'Finalizado, se envio informe a peticionario', NULL, NULL, NULL, NULL, NULL, NULL, NULL, NULL, '', NULL, NULL, NULL, NULL, NULL, NULL, NULL, NULL, NULL, NULL, NULL, NULL, NULL, NULL, NULL, NULL, NULL, NULL, NULL, NULL, NULL, NULL, NULL, NULL, NULL, NULL),
(96, 96, '2020', 1143859435, '8001010504', NULL, '2020-06-02', 202041630200000914, '2020-06-03', 1, NULL, 'Amparo Portillo', 'Ericka Naranjo Martinez', NULL, NULL, '1200602-1', '2020-06-02', 'C 9 Oeste No 50A-58', '2004', '8001012020', NULL, '-76,560271', '3,419652', '8001012401', '8001012502', '8001012605', 'Si', NULL, NULL, 'Si', 'No', 'Finalizado, se envio informe a Subsecretaria de Acceso a Servicios de Justicia, Departamento Administrativo de Gestion del Medio Ambiente y Secretaria de Vivienda Social y Habitat.', NULL, NULL, NULL, 23, '202041630200000914', NULL, NULL, 18, '202041630200000894', NULL, NULL, 5, '202041630200000904', NULL, NULL, NULL, NULL, NULL, NULL, NULL, NULL, NULL, NULL, NULL, NULL, NULL, NULL, NULL, NULL, NULL, NULL, NULL, NULL, NULL, NULL),
(97, 97, '2020', 1144063314, '8001010504', NULL, '2020-06-02', 202041630200000914, '2020-06-03', 1, NULL, 'Amparo Portillo', 'Maria Teresa Roubles', NULL, NULL, '2200602-1', '2020-06-02', 'C 9 Oeste No 50A-52 Apto 01', '2004', '8001012020', NULL, '-76,560390', '3,420190', '8001012401', '8001012502', '8001012605', 'Si', NULL, NULL, 'Si', 'No', 'Finalizado, se envio informe a Subsecretaria de Acceso a Servicios de Justicia, Departamento Administrativo de Gestion del Medio Ambiente y Secretaria de Vivienda Social y Habitat.', NULL, NULL, NULL, 23, '202041630200000914', NULL, NULL, 18, '202041630200000894', NULL, NULL, 5, '202041630200000904', NULL, NULL, NULL, NULL, NULL, NULL, NULL, NULL, NULL, NULL, NULL, NULL, NULL, NULL, NULL, NULL, NULL, NULL, NULL, NULL, NULL, NULL),
(98, 98, '2020', 1144063314, '8001010504', NULL, '2020-06-02', 202041630200000914, '2020-06-03', 1, NULL, 'Amparo Portillo', 'Arnulfo Bastidas Cardona', NULL, NULL, '2200602-2', '2020-06-02', 'C 9 Oeste No 50A-52 Apto 02', '2004', '8001012020', NULL, '-76,560290', '3,420191', '8001012401', '8001012502', '8001012605', 'Si', NULL, NULL, 'Si', 'No', 'Finalizado, se envio informe a Subsecretaria de Acceso a Servicios de Justicia, Departamento Administrativo de Gestion del Medio Ambiente y Secretaria de Vivienda Social y Habitat.', NULL, NULL, NULL, 23, '202041630200000914', NULL, NULL, 18, '202041630200000894', NULL, NULL, 5, '202041630200000904', NULL, NULL, NULL, NULL, NULL, NULL, NULL, NULL, NULL, NULL, NULL, NULL, NULL, NULL, NULL, NULL, NULL, NULL, NULL, NULL, NULL, NULL),
(99, 99, '2020', 1053768233, '8001010504', NULL, '2020-06-02', 202041630200000914, '2020-06-03', 1, NULL, 'Amparo Portillo', 'Amparo Portillo', NULL, NULL, '4200602-1', '2020-06-02', 'C 10 Oeste No 50A-83', '2004', '8001012020', NULL, '-76,560426', '3,419779', '8001012401', '8001012502', '8001012605', 'Si', NULL, NULL, 'Si', 'No', 'Finalizado, se envio informe a Subsecretaria de Acceso a Servicios de Justicia, Departamento Administrativo de Gestion del Medio Ambiente y Secretaria de Vivienda Social y Habitat.', NULL, NULL, NULL, 23, '202041630200000914', NULL, NULL, 18, '202041630200000894', NULL, NULL, 5, '202041630200000904', NULL, NULL, NULL, NULL, NULL, NULL, NULL, NULL, NULL, NULL, NULL, NULL, NULL, NULL, NULL, NULL, NULL, NULL, NULL, NULL, NULL, NULL),
(100, 100, '2020', 1053768233, '8001010504', NULL, '2020-06-02', 202041630200000914, '2020-06-03', 1, NULL, 'Amparo Portillo', 'Yulieth Tatiana Pizo', NULL, NULL, '4200602-2', '2020-06-02', 'C 10 Oeste No 50A-87', '2004', '8001012020', NULL, '-76,560263', '3,419613', '8001012401', '8001012502', '8001012605', 'Si', NULL, NULL, 'Si', 'No', 'Finalizado, se envio informe a Subsecretaria de Acceso a Servicios de Justicia, Departamento Administrativo de Gestion del Medio Ambiente y Secretaria de Vivienda Social y Habitat.', NULL, NULL, NULL, 23, '202041630200000914', NULL, NULL, 18, '202041630200000894', NULL, NULL, 5, '202041630200000904', NULL, NULL, NULL, NULL, NULL, NULL, NULL, NULL, NULL, NULL, NULL, NULL, NULL, NULL, NULL, NULL, NULL, NULL, NULL, NULL, NULL, NULL);

--
-- Volcado de datos para la tabla `historico_vtk`
--

INSERT INTO `historico_vtk` (`VcrId`, `VcrCodHis`, `Vcrano`, `VcrIdSerP`, `VcrIdSol`, `VcrRadSol`, `VcrFecSol`, `VcrRadRes`, `VcrFecRad`, `VcrDiaResp`, `VcrIdRie`, `VcrEntSol`, `VcrNomAti`, `VcrNoIde`, `VcrCel`, `VcrCodForm`, `VcrFecVis`, `VcrDir`, `VcrIdBarVe`, `VcrIdCom`, `VcrIdCorr`, `VcrLon`, `VcrLat`, `VcrIdMot`, `VcrIdFen`, `VcrIdCar`, `VcrAyuHum`, `VcrPerHer`, `VcrPerFall`, `VcrTraCas`, `VcrCop`, `VcrEstTra`, `VcrObsHis`, `VcrUbiInf`, `VcrResInf`, `VcrIdTra1`, `VcrRadTra1`, `VcrFecTra1`, `VcrResTra1`, `VcrIdTra2`, `VcrRadTra2`, `VcrFecTra2`, `VcrResTra2`, `VcrIdTra3`, `VcrRadTra3`, `VcrFecTra3`, `VcrResTra3`, `VcrIdTra4`, `VcrRadTra4`, `VcrFecTra4`, `VcrResTra4`, `VcrIdTra5`, `VcrRadTra5`, `VcrFecTra5`, `VcrResTra5`, `VcrIdTra6`, `VcrRadTra6`, `VcrIdTra7`, `VcrRadTra7`, `VcrIdTra8`, `VcrRadTra8`, `VcrdTra2`, `field4`, `VcrI`, `field6`) VALUES
('1', 1, '2020', 1143859435, '8001010503', '202041730100026092', '2020-01-10', 202041630200000000, '2020-01-15', 5, NULL, 'Jose Hermel Sanchez Benavidez', 'Jose Hermel Sanchez Benavidez', NULL, NULL, '1200111-1', '2020-01-11', 'K 95A Oeste No 2Bbis-98', '1891', '18', NULL, -76.00000, 3.00000, '8001012403', '8001012502', '8001012605', 'Si', NULL, NULL, 'Si', 'No', 'Finalizado, se envio informe a peticionario y traslado a Secretaria de Vivienda Social y Habitat, Secretaria de Infraestructura, Secretaria de Salud Pública, Secretaria de Seguridad y Justicia y EMCALI – Empresas Municipales de Cali', NULL, NULL, NULL, 1, '202041630200000024', NULL, NULL, 4, '202041630200000014', NULL, NULL, 19, '202041630200000044', NULL, NULL, 6, '202041630200000034', NULL, NULL, 10, '202041630200000081', NULL, NULL, NULL, NULL, NULL, NULL, NULL, NULL, NULL, NULL, NULL, NULL),
('10', 10, '2020', 1143859435, '8001010503', '202041730100036302', '2020-01-13', 202041630200000051, '2020-01-22', 7, NULL, 'Jair Gonzales Gonzales', 'Jair Gonzales Gonzales', NULL, NULL, '1200128-1', '2020-01-28', 'C 4 Oeste No 73-14', '1803', '18', NULL, -76.00000, 3.00000, '8001012403', '8001012503', '8001012612', 'No', NULL, NULL, 'Si', 'No', 'Finalizado, se envio informe a peticionario.', NULL, NULL, NULL, NULL, NULL, NULL, NULL, NULL, '', NULL, NULL, NULL, NULL, NULL, NULL, NULL, NULL, NULL, NULL, NULL, NULL, NULL, NULL, NULL, NULL, NULL, NULL, NULL, NULL, NULL, NULL, NULL, NULL),
('100', 100, '2020', 1053768233, '8001010504', NULL, '2020-06-02', 202041630200000914, '2020-06-03', 1, NULL, 'Amparo Portillo', 'Yulieth Tatiana Pizo', NULL, NULL, '4200602-2', '2020-06-02', 'C 10 Oeste No 50A-87', '2004', '20', NULL, -76.00000, 3.00000, '8001012401', '8001012502', '8001012605', 'Si', NULL, NULL, 'Si', 'No', 'Finalizado, se envio informe a Subsecretaria de Acceso a Servicios de Justicia, Departamento Administrativo de Gestion del Medio Ambiente y Secretaria de Vivienda Social y Habitat.', NULL, NULL, NULL, 23, '202041630200000914', NULL, NULL, 18, '202041630200000894', NULL, NULL, 5, '202041630200000904', NULL, NULL, NULL, NULL, NULL, NULL, NULL, NULL, NULL, NULL, NULL, NULL, NULL, NULL, NULL, NULL, NULL, NULL, NULL, NULL),
('11', 11, '2020', 16598081, '8001010503', '202041730100103062', '2020-01-28', 202041630100000311, '2020-02-05', 6, NULL, 'Nestor Arturo Nieva Amaya', 'Viviana Capote', NULL, NULL, '8200131-1', '2020-01-31', 'Km 12 via la Voragine Entrada 2', NULL, NULL, '8001012025', -76.00000, 3.00000, '8001012403', '8001012502', '8001012604', 'No', NULL, NULL, 'Si', 'No', 'Finalizado, se envio informe a peticionario y traslado a CVC - Corporacion Autonoma Regional del Valle del Cauca', NULL, NULL, NULL, 9, '202041630010000021', NULL, NULL, NULL, '', NULL, NULL, NULL, NULL, NULL, NULL, NULL, NULL, NULL, NULL, NULL, NULL, NULL, NULL, NULL, NULL, NULL, NULL, NULL, NULL, NULL, NULL, NULL, NULL),
('12', 12, '2020', 1143859435, '8001010503', '202041730100075562', '2020-01-22', 202041630100000231, '2020-02-05', 14, NULL, 'Astrid Gomez', 'Oscar Serna', NULL, NULL, '1200204-1', '2020-02-04', 'K 82 Oeste No 1c-57', '1898', '18', NULL, -76.00000, 3.00000, '8001012403', '8001012501', '8001012604', 'No', NULL, NULL, 'Si', 'No', 'Finalizado, se envio informe a peticionario y traslado a Empresas Municipales de Cali EMCALI, Subdireccion de Gestion Integral de Ecosistemas y Unidad Municipal de Asistencia Tecnica UMATA y Secretaria de Infraestructura', NULL, NULL, NULL, 10, '202041630200000241', NULL, NULL, 48, '202041630200000184', NULL, NULL, 4, '202041630200000174', NULL, NULL, NULL, NULL, NULL, NULL, NULL, NULL, NULL, NULL, NULL, NULL, NULL, NULL, NULL, NULL, NULL, NULL, NULL, NULL),
('13', 13, '2020', 1143859435, '8001010503', '202041730100137192', '2020-02-05', 202041630200000291, '2020-02-17', 12, NULL, 'Personeria Municipal de Cali', 'Personeria Municipal de Cali', NULL, NULL, '1200206-1', '2020-02-06', 'C 14B No 41-25', '1002', '10', NULL, -76.00000, 3.00000, '8001012403', '8001012501', '8001012604', 'No', NULL, NULL, 'No', 'No', 'Finalizado, se envio informe a peticionario.', NULL, NULL, NULL, NULL, NULL, NULL, NULL, NULL, '', NULL, NULL, NULL, NULL, NULL, NULL, NULL, NULL, NULL, NULL, NULL, NULL, NULL, NULL, NULL, NULL, NULL, NULL, NULL, NULL, NULL, NULL, NULL, NULL),
('14', 14, '2020', 1151936630, '8001010503', NULL, '2020-02-19', 202041630200000351, '2020-02-24', 5, NULL, 'Beatriz Eugenia Larrahondo', 'Beatriz Eugenia Larrahondo', NULL, NULL, '9200219-1', '2020-02-19', 'K 42B No 13-50', '1002', '10', NULL, -76.00000, 3.00000, '8001012401', '8001012501', '8001012601', 'Si', NULL, NULL, 'Si', 'No', 'Finalizado, se envio informe a peticionario y traslado a Secretaria de Vivienda Social y Habitat y Secretaria de Bienestar', NULL, NULL, NULL, 5, '20204163', NULL, NULL, 7, '20204163', NULL, NULL, NULL, NULL, NULL, NULL, NULL, NULL, NULL, NULL, NULL, NULL, NULL, NULL, NULL, NULL, NULL, NULL, NULL, NULL, NULL, NULL, NULL, NULL),
('15', 15, '2020', 1053768233, '8001010503', '202041730100064922', '2020-01-20', 202041630100000521, '2020-02-25', 26, NULL, 'Diego Rodriguez', 'Ruben Dario Londono Trujillo', NULL, NULL, '4200221-1', '2020-02-21', 'Av 6 Oeste No 32-13', '102', '1', NULL, -76.00000, 3.00000, '8001012403', '8001012502', '8001012605', 'Si', NULL, NULL, 'Si', 'No', 'Finalizado, se envio informe a peticionario y traslado a Secretaria de Vivienda Social y Habitat y Subsecretaria de Acceso a Servicios de Justicia', NULL, NULL, NULL, 5, '202041630100000264', NULL, NULL, 23, '202041630100000274', NULL, NULL, NULL, NULL, NULL, NULL, NULL, NULL, NULL, NULL, NULL, NULL, NULL, NULL, NULL, NULL, NULL, NULL, NULL, NULL, NULL, NULL, NULL, NULL),
('16', 16, '2020', 1053768233, '8001010503', NULL, '2020-01-21', 202041630100000531, '2020-02-25', 25, NULL, 'Jaime Arenas Echavarria', 'Maria Rocio Romulo Valdez', NULL, NULL, '4200221-2', '2020-02-21', 'C 3 C Oeste No 94-2-92', '1891', '18', NULL, -76.00000, 3.00000, '8001012403', '8001012502', '8001012605', 'No', NULL, NULL, 'No', 'No', 'Finalizado, se envio informe a peticionario.', NULL, NULL, NULL, NULL, NULL, NULL, NULL, NULL, '', NULL, NULL, NULL, NULL, NULL, NULL, NULL, NULL, NULL, NULL, NULL, NULL, NULL, NULL, NULL, NULL, NULL, NULL, NULL, NULL, NULL, NULL, NULL, NULL),
('17', 17, '2020', 1144063314, '8001010503', '202041730100198302', '2020-02-17', 202041630100000511, '2020-02-24', 5, NULL, 'Victor Manuel Pasos', 'Victor Manuel Pasos', NULL, NULL, '2200221-1', '2020-02-21', 'C Bis Oeste con K 100 A Bis No 30 Torre N1', NULL, '18', NULL, -76.00000, 3.00000, '8001012403', '8001012502', '8001012604', 'No', NULL, NULL, 'Si', 'No', 'Finalizado, se envio informe a peticionario y traslado a Departamento Administrativo de Gestion del Medio Ambiente y Subsecretaria de Inspeccion, Vigilancia y Control', NULL, NULL, NULL, 18, '202041630100000244', NULL, NULL, 13, '202041630100000254', NULL, NULL, NULL, NULL, NULL, NULL, NULL, NULL, NULL, NULL, NULL, NULL, NULL, NULL, NULL, NULL, NULL, NULL, NULL, NULL, NULL, NULL, NULL, NULL),
('18', 18, '2020', 36861950, '8001010503', '202041730100198442', '2020-02-17', 202041630100000571, '2020-02-25', 7, NULL, 'Edison Villano', 'Olga Nohora Salas', NULL, NULL, '3200221-1', '2020-02-21', 'C 3 Oeste No 42b-25', '2003', '20', NULL, -76.00000, 3.00000, '8001012403', '8001012502', '8001012607', 'No', NULL, NULL, 'Si', 'No', 'Finalizado, se envio informe a peticionario y traslado a Secretaria de Vivienda Social y Habitat', NULL, NULL, NULL, 5, '202041630100000314', NULL, NULL, NULL, '', NULL, NULL, NULL, NULL, NULL, NULL, NULL, NULL, NULL, NULL, NULL, NULL, NULL, NULL, NULL, NULL, NULL, NULL, NULL, NULL, NULL, NULL, NULL, NULL),
('19', 19, '2020', 36861950, '8001010503', '202041730100198442', '2020-02-17', 202041630100000571, '2020-02-25', 7, NULL, 'Edison Villano', 'Julian Tovar Salas', NULL, NULL, '3200221-2', '2020-02-21', 'C 3 Oeste No 42b-21', '2003', '20', NULL, -76.00000, 3.00000, '8001012403', '8001012502', '8001012607', 'Si', NULL, NULL, 'Si', 'No', 'Finalizado, se envio informe a peticionario y traslado a Secretaria de Vivienda Social y Habitat', NULL, NULL, NULL, 5, '202041630100000314', NULL, NULL, NULL, '', NULL, NULL, NULL, NULL, NULL, NULL, NULL, NULL, NULL, NULL, NULL, NULL, NULL, NULL, NULL, NULL, NULL, NULL, NULL, NULL, NULL, NULL, NULL, NULL),
('2', 2, '2020', 1143859435, '8001010503', '202041730100046482', '2020-01-15', 202041630200000071, '2020-01-28', 9, NULL, 'Francy Edith Gutierrez', 'Francy Edith Gutierrez', NULL, NULL, '1200111-2', '2020-01-11', 'K 95 Oeste No 2 Bis-67', '', '18', NULL, -76.00000, 3.00000, '8001012403', '8001012502', '8001012605', 'Si', NULL, NULL, 'Si', 'No', 'Finalizado, se envio informe a peticionario, y traslado a Unidad Administrativa Especial de Servicios Publicos Municipales.', NULL, NULL, NULL, 17, '202041630200000104', NULL, NULL, NULL, '', NULL, NULL, NULL, NULL, NULL, NULL, NULL, NULL, NULL, NULL, NULL, NULL, NULL, NULL, NULL, NULL, NULL, NULL, NULL, NULL, NULL, NULL, NULL, NULL),
('20', 20, '2020', 36861950, '8001010503', '202041730100198442', '2020-02-17', 202041630100000571, '2020-02-25', 7, NULL, 'Edison Villano', 'Leonardo Alberto Moreno', NULL, NULL, '3200221-3', '2020-02-21', 'K 42 No 1b-70', '2003', '20', NULL, -76.00000, 3.00000, '8001012403', '8001012502', '8001012607', 'No', NULL, NULL, 'Si', 'No', 'Finalizado, se envio informe a peticionario y traslado a Secretaria de Vivienda Social y Habitat', NULL, NULL, NULL, 5, '202041630100000314', NULL, NULL, NULL, '', NULL, NULL, NULL, NULL, NULL, NULL, NULL, NULL, NULL, NULL, NULL, NULL, NULL, NULL, NULL, NULL, NULL, NULL, NULL, NULL, NULL, NULL, NULL, NULL),
('21', 21, '2020', 36861950, '8001010503', '202041730100085562', '2020-01-23', 202041630100000631, '2020-02-26', 24, NULL, 'Maria Isabel Ospina', 'Maria Isabel Ospina', NULL, NULL, '3200221-4', '2020-02-21', 'Km 6.7 Vía la Buitrera - Villa San Carlos', NULL, NULL, '8001012026', -76.00000, 3.00000, '8001012403', '8001012502', '8001012605', 'No', NULL, NULL, 'Si', 'No', 'Finalizado, se envio informe a peticionario y traslado a CVC - Corporacion Autonoma Regional del Valle del Cauca y Secretaria de Infraestructura', NULL, NULL, NULL, 9, '202041630100000641', NULL, NULL, 4, '202041630100000374', NULL, NULL, NULL, NULL, NULL, NULL, NULL, NULL, NULL, NULL, NULL, NULL, NULL, NULL, NULL, NULL, NULL, NULL, NULL, NULL, NULL, NULL, NULL, NULL),
('22', 22, '2020', 111111, '8001010503', '202041820100000314', '2020-01-31', 202041630100000674, '2020-03-10', 27, NULL, 'Marco Aurelio Vera', 'Hector Fabio Suaza', NULL, NULL, '5200221-1', '2020-02-21', 'Av 48 Oeste No 10A', NULL, NULL, '8001012036', -76.00000, 3.00000, '8001012403', '8001012506', '8001012605', 'No', NULL, NULL, 'Si', 'Si a Patricia Reina', 'Finalizado, se envio informe a peticionario y traslado a EMCALI- Empresas Municipales de Cali, Secretaria de Infraestructura, Secretaria de Vivienda Social y Habitat y SERVIAGUAS Montebello', NULL, NULL, NULL, 10, '202041630100001161', NULL, NULL, 4, '202041630100000654', NULL, NULL, 5, '202041630100000664', NULL, NULL, 54, '202041630100001171', NULL, NULL, NULL, NULL, NULL, NULL, NULL, NULL, NULL, NULL, NULL, NULL, NULL, NULL, NULL, NULL),
('23', 23, '2020', 111111, '8001010503', '202041730100162152', '2020-02-10', 202041630100002011, '2020-04-20', 48, NULL, 'CVC – Corporacion Autonoma Regional del Valle del Cauca', 'Jaime Posso', NULL, NULL, '5200221-2', '2020-02-21', 'Km 5 vía Pichinde', NULL, NULL, '8001012028', -76.00000, 3.00000, '8001012403', '8001012502', '8001012605', 'No', NULL, NULL, 'No', 'Si a Maria Fabiana Escobar propietaria', 'Finalizado, se envio informe a peticionario', NULL, NULL, NULL, NULL, NULL, NULL, NULL, NULL, '', NULL, NULL, NULL, NULL, NULL, NULL, NULL, NULL, NULL, NULL, NULL, NULL, NULL, NULL, NULL, NULL, NULL, NULL, NULL, NULL, NULL, NULL, NULL, NULL),
('24', 24, '2020', 1143859435, '8001010503', '202041730100144152', '2020-02-05', 202041630200000341, '2020-02-24', 13, NULL, 'Jose Rodrigo herrera herrera', 'Jose Rodrigo herrera herrera', NULL, NULL, '1200222-1', '2020-02-22', 'K 49B No 44-05', '1601', '16', NULL, -76.00000, 3.00000, '8001012403', '8001012501', '8001012604', 'Si', NULL, NULL, 'No', 'No', 'Finalizado, se envio informe a peticionario.', NULL, NULL, NULL, NULL, NULL, NULL, NULL, NULL, '', NULL, NULL, NULL, NULL, NULL, NULL, NULL, NULL, NULL, NULL, NULL, NULL, NULL, NULL, NULL, NULL, NULL, NULL, NULL, NULL, NULL, NULL, NULL, NULL),
('25', 25, '2020', 111111, '8001010503', '202041730100156732', '2020-02-07', 202041630100000931, '2020-03-05', 19, NULL, 'CVC – Corporacion Autonoma Regional del Valle del Cauca', 'Helio Carmelo Ardila', NULL, NULL, '5200224-1', '2020-02-24', 'Casa 238B', NULL, NULL, '8001012024', -76.00000, 3.00000, '8001012403', '8001012505', '8001012614', 'No', NULL, NULL, 'Si', 'No', 'Finalizado, se envio informe a peticionario y traslado a EMCALI - Empresas Municipales de Cali', NULL, NULL, NULL, 10, '202041630100001031', NULL, NULL, NULL, '', NULL, NULL, NULL, NULL, NULL, NULL, NULL, NULL, NULL, NULL, NULL, NULL, NULL, NULL, NULL, NULL, NULL, NULL, NULL, NULL, NULL, NULL, NULL, NULL),
('26', 26, '2020', 1144171574, '8001010504', '202041730100121202', '2020-01-31', 202041630100000591, '2020-02-25', 17, NULL, 'CVC – Corporacion Autonoma Regional del Valle del Cauca', 'Comision Ambiental Territorial Alto 1804', NULL, NULL, '6200224-1', '2020-02-24', 'K 99 con C 4B, K 99 con C 3 y K 100B con C 1 Oeste', '1804', '18', NULL, -76.00000, 3.00000, '8001012403', '8001012502', '8001012605', 'No', NULL, NULL, 'Si', 'No', 'Finalizado, se envio informe a peticionario y traslado a Departamento Administrativo de Gestion del Medio Ambiente', NULL, NULL, NULL, 11, '202041630100000324', NULL, NULL, NULL, '', NULL, NULL, NULL, NULL, NULL, NULL, NULL, NULL, NULL, NULL, NULL, NULL, NULL, NULL, NULL, NULL, NULL, NULL, NULL, NULL, NULL, NULL, NULL, NULL),
('27', 27, '2020', 1144171574, '8001010503', '202041730100186732', '2020-02-13', 202041630100000851, '2020-03-04', 13, NULL, 'Antonio Jose Mora Palencia', 'Antonio Jose Mora Palencia', NULL, NULL, '6200224-2', '2020-02-24', 'K 10 No 4-41', '303', '3', NULL, -76.00000, 3.00000, '8001012403', '8001012502', '8001012603', 'No', NULL, NULL, 'Si', 'No', 'Finalizado, se envio informe a peticionario y traslado a EMCALI- Empresas Municipales de Cali, Secretaria de Paz y Cultura Ciudadana, Secretaria de Infraestructura y GDO - Gases de Occidente', NULL, NULL, NULL, 10, '202041630100000841', NULL, NULL, 20, '202041630100000534', NULL, NULL, 4, '202041630100000544', NULL, NULL, 14, '202041630100000831', NULL, NULL, NULL, NULL, NULL, NULL, NULL, NULL, NULL, NULL, NULL, NULL, NULL, NULL, NULL, NULL),
('28', 28, '2020', 1144063314, '', NULL, '2020-02-24', 202041630100000661, '2020-02-27', 3, NULL, 'Carlos Gonzalez', 'Hector Fabio Ospina', NULL, NULL, '2200224-1', '2020-02-25', 'K 48 con C 14 oeste', '2004', '20', NULL, -76.00000, 3.00000, '8001012403', '8001012503', '8001012611', 'No', NULL, NULL, 'Si', 'No', 'Finalizado, se envio informe a peticionario y traslado a Secretaria de Educacion Municipal, Departamento Administrativo de Gestion del Medio Ambiente', NULL, NULL, NULL, 21, '202041630100000414', NULL, NULL, 18, '202041630100000394', NULL, NULL, NULL, NULL, NULL, NULL, NULL, NULL, NULL, NULL, NULL, NULL, NULL, NULL, NULL, NULL, NULL, NULL, NULL, NULL, NULL, NULL, NULL, NULL),
('29', 29, '2020', 1130622754, '8001010504', '202041810100003254', '2020-01-23', 202041630100000731, '2020-02-28', 13, NULL, 'Unidad Administrativa Especial de Gestion de Bienes y Servicios', 'Nestor Daniel Huertas', NULL, NULL, '11200225-1', '2020-02-25', 'C 12 Oeste No 49B-18', '2004', '20', NULL, -76.00000, 3.00000, '8001012403', '8001012502', '', 'No', NULL, NULL, 'Si', 'No', 'Finalizado, se envio informe a peticionario y traslado a Metrocali y SecretarIa del Deporte y la Recreacion', NULL, NULL, NULL, 22, '202041630100000741', NULL, NULL, 41, '202041630100000424', NULL, NULL, NULL, NULL, NULL, NULL, NULL, NULL, NULL, NULL, NULL, NULL, NULL, NULL, NULL, NULL, NULL, NULL, NULL, NULL, NULL, NULL, NULL, NULL),
('3', 3, '2020', 1143859435, '8001010503', '202041730100027692', '2020-01-10', 202041630200000011, '2020-01-13', 3, NULL, 'Alfonso Narvaez', 'Alfonso Narvaez', NULL, NULL, '1200110-1', '2020-01-13', 'K 45AW No 2-26', '2003', '20', NULL, -76.00000, 3.00000, '8001012403', '8001012502', '8001012605', 'No', NULL, NULL, 'Si', 'No', 'Finalizado, se envio informe a peticionario y traslado a Secretaria de Bienestar Social, Secretaria de Seguridad y Justicia, Secretaria de Vivienda Social y Habitat', NULL, NULL, NULL, 7, '202041630200000074', NULL, NULL, 6, '202041630200000084', NULL, NULL, 5, '202041630200000054', NULL, NULL, 4, '202041630200000064', NULL, NULL, NULL, NULL, NULL, NULL, NULL, NULL, NULL, NULL, NULL, NULL, NULL, NULL, NULL, NULL),
('30', 30, '2020', 1130622754, '8001010503', '202041730100085612', '2020-01-23', 202041630100000721, '2020-02-28', 26, NULL, 'Edward Mosquera Solarte', 'Antonio Gomez', NULL, NULL, '11200225-2', '2020-02-25', 'K 95a Oeste No 2D Bis -98', '1891', '20', NULL, -76.00000, 3.00000, '8001012403', '8001012502', '8001012605', 'No', NULL, NULL, 'No', 'No', 'Finalizado, se envio informe a peticionario.', NULL, NULL, NULL, NULL, NULL, NULL, NULL, NULL, '', NULL, NULL, NULL, NULL, NULL, NULL, NULL, NULL, NULL, NULL, NULL, NULL, NULL, NULL, NULL, NULL, NULL, NULL, NULL, NULL, NULL, NULL, NULL, NULL),
('31', 31, '2020', 1144063314, '8001010503', NULL, '2020-02-26', 202041630100000791, '2020-03-02', 4, NULL, 'Benemerito Cuerpo de Bomberos Voluntarios de Cali', 'Sandra Mera Urrutia', NULL, NULL, '2200226-1', '2020-02-26', 'Av Colombia No 1-159', '202', '2', NULL, -76.00000, 3.00000, '8001012403', '8001012502', '8001012604', 'No', NULL, NULL, 'Si', 'No', 'Finalizado, se envio informe a peticionario y traslado a Secretaria de Seguridad y Justicia.', NULL, NULL, NULL, 6, '202041630100000494', NULL, NULL, NULL, '', NULL, NULL, NULL, NULL, NULL, NULL, NULL, NULL, NULL, NULL, NULL, NULL, NULL, NULL, NULL, NULL, NULL, NULL, NULL, NULL, NULL, NULL, NULL, NULL),
('32', 32, '2020', 1053768233, '8001010503', NULL, '2020-01-23', 202041630100000751, '2020-02-28', 27, NULL, 'Casilda Martinez', 'Celimo Gomez', NULL, NULL, '4200227-1', '2020-02-27', '', NULL, NULL, '8001012028', -76.00000, 3.00000, '8001012403', '8001012502', '8001012605', 'No', NULL, NULL, 'Si', 'No', 'Finalizado, se envio informe a peticionario y traslado a Secretaria de Vivienda Social y Habitat, Departamento Administrativo de Gestion del Medio Ambiente, Secretaria de Infraestructura y Mantenimiento Vial y Secretaria de Seguridad y Justicia', NULL, NULL, NULL, 5, '202041630100000454', NULL, NULL, 18, '202041630100000474', NULL, NULL, NULL, NULL, NULL, NULL, 6, '202041630100000464', NULL, NULL, NULL, NULL, NULL, NULL, NULL, NULL, NULL, NULL, NULL, NULL, NULL, NULL, NULL, NULL),
('33', 33, '2020', 1130622754, '8001010503', '202041730100217462', '2020-02-20', 202041630100000891, '2020-03-05', 10, NULL, 'Segundo Neftali Ramos Josa', 'Segundo Neftali Ramos Josa', NULL, NULL, '11200227-1', '2020-02-27', 'C 3 Oeste No 39b-33', '2005', '20', NULL, -76.00000, 3.00000, '8001012403', '8001012502', '8001012604', 'No', NULL, NULL, 'Si', 'No', 'Finalizado, se envio informe a peticionario, EMCALI- Empresas Municipales de Cali, Departamento Administrativo de Gestion del Medio Ambiente y Subsecretaria de Acceso a Servicios de Justicia', NULL, NULL, NULL, 11, '202041630100000594', NULL, NULL, 10, '202041630100000881', NULL, NULL, 23, '202041630100000604', NULL, NULL, NULL, NULL, NULL, NULL, NULL, NULL, NULL, NULL, NULL, NULL, NULL, NULL, NULL, NULL, NULL, NULL, NULL, NULL),
('34', 34, '2020', 1059695640, '8001010503', '202041330100000414', '2020-01-24', 202041630100000744, '2020-03-11', 32, NULL, 'Oscar William Villani Romero', 'Carlos Camayo', NULL, NULL, '8200227-1', '2020-02-27', 'Campo Deportivo Alto La Cruz', '1898', '18', NULL, -76.00000, 3.00000, '8001012403', '8001012502', '8001012605', 'No', NULL, NULL, 'No', 'Si, a SIVC', 'Finalizado, se envio informe a peticionario.', NULL, NULL, NULL, NULL, NULL, NULL, NULL, NULL, '', NULL, NULL, NULL, NULL, NULL, NULL, NULL, NULL, NULL, NULL, NULL, NULL, NULL, NULL, NULL, NULL, NULL, NULL, NULL, NULL, NULL, NULL, NULL, NULL),
('35', 35, '2020', 36861950, '8001010503', NULL, '2020-02-28', 202041630100000504, '2020-03-02', 1, NULL, 'Jose Fernando Villegas Zamorano', NULL, NULL, NULL, '3200228-1', '2020-02-28', 'Av 6b con C 26', '210', '2', NULL, -76.00000, 3.00000, '8001012403', '8001012501', '8001012615', 'No', NULL, NULL, 'Si', 'Si, a EMCALI', 'Finalizado, se envio informe a peticionario y traslado a Departamento Administrativo de Gestion del Medio Ambiente', NULL, NULL, NULL, 11, '202041630100000504', NULL, NULL, NULL, '', NULL, NULL, NULL, NULL, NULL, NULL, NULL, NULL, NULL, NULL, NULL, NULL, NULL, NULL, NULL, NULL, NULL, NULL, NULL, NULL, NULL, NULL, NULL, NULL),
('36', 36, '2020', 36861950, '8001010503', '202041730100212722', '2020-02-19', 202041630100000524, '2020-03-03', 9, NULL, 'Alfredo Urbano Jimenez', NULL, NULL, NULL, '3200228-2', '2020-02-28', 'C 34 N Av 3 y 3C', '210', '2', NULL, -76.00000, 3.00000, '8001012403', '8001012502', '8001012605', 'No', NULL, NULL, 'Si', 'Si, a EMCALI', 'Finalizado, se envio informe a peticionario y traslado a Departamento Administrativo de Gestion del Medio Ambiente', NULL, NULL, NULL, 11, '202041630100000524', NULL, NULL, NULL, '', NULL, NULL, NULL, NULL, NULL, NULL, NULL, NULL, NULL, NULL, NULL, NULL, NULL, NULL, NULL, NULL, NULL, NULL, NULL, NULL, NULL, NULL, NULL, NULL),
('37', 37, '2020', 1059695640, '8001010503', '201941610500059884', '2019-12-31', 202041630100000754, '2020-03-11', 51, NULL, 'Patricia Pelaez Saenz', 'Eva Muñoz Muñoz', NULL, NULL, '8200228-1', '2020-02-28', 'K 2G No 68-27', NULL, '5', NULL, -76.00000, 3.00000, '8001012403', '8001012502', '8001012603', 'No', NULL, NULL, 'No', 'Si a Dirección de Atención al Cliente', 'Finalizado, se envio informe a peticionario.', NULL, NULL, NULL, NULL, NULL, NULL, NULL, NULL, '', NULL, NULL, NULL, NULL, NULL, NULL, NULL, NULL, NULL, NULL, NULL, NULL, NULL, NULL, NULL, NULL, NULL, NULL, NULL, NULL, NULL, NULL, NULL, NULL),
('38', 38, '2020', 1059695640, '8001010503', '202041730100233132', '2020-02-19', 202041630100001461, '2020-03-11', 12, NULL, 'Yuliana Patricia Toro', 'Yolanda Saenz', NULL, NULL, '8200228-2', '2020-02-28', 'C 43 No. 39E-42', '1604', '16', NULL, -76.00000, 3.00000, '8001012403', '8001012503', '8001012610', 'No', NULL, NULL, 'Si', 'No', 'Finalizado, se envio informe a peticionario y traslado a EMCALI- Empresas Municipales de Cali.', NULL, NULL, NULL, 10, '202041630100001471', NULL, NULL, NULL, '', NULL, NULL, NULL, NULL, NULL, NULL, NULL, NULL, NULL, NULL, NULL, NULL, NULL, NULL, NULL, NULL, NULL, NULL, NULL, NULL, NULL, NULL, NULL, NULL),
('39', 39, '2020', 16598081, '8001010504', NULL, '2020-01-14', 202041630100000014, '2020-01-17', 3, NULL, 'Hector Fabio Ospina Hurtado', 'Hector Fabio Ospina Hurtado', NULL, NULL, '12200114-1', '2020-01-14', 'K 48 con C 14 Oeste', '2004', '20', NULL, -76.00000, 3.00000, '8001012403', '8001012503', '8001012611', 'No', NULL, NULL, 'Si', 'No', 'Finalizado, se envio informe a peticionario y traslado a Secretaria de Educacion', NULL, NULL, NULL, 21, '202041630100000014', NULL, NULL, NULL, '', NULL, NULL, NULL, NULL, NULL, NULL, NULL, NULL, NULL, NULL, NULL, NULL, NULL, NULL, NULL, NULL, NULL, NULL, NULL, NULL, NULL, NULL, NULL, NULL),
('4', 4, '2020', 1143859435, '8001010503', '202041730100027782', '2020-01-10', 202041630200000101, '2020-01-29', 13, NULL, 'Belisario Hormiga', 'Belisario Hormiga', NULL, NULL, '1200110-2', '2020-01-13', 'K 45AW No 2-24', '2003', '20', NULL, -76.00000, 3.00000, '8001012403', '8001012502', '8001012605', 'No', NULL, NULL, 'Si', 'No', 'Finalizado, se envio informe a peticionario y traslado a Secretaria de Bienestar Social, Secretaria de Seguridad y Justicia y Secretaria de Vivienda Social y Habitat', NULL, NULL, NULL, 7, '202041630200000114', NULL, NULL, 6, '202041630200000134', NULL, NULL, 5, '202041630200000144', NULL, NULL, 4, '202041630200000124', NULL, NULL, NULL, NULL, NULL, NULL, NULL, NULL, NULL, NULL, NULL, NULL, NULL, NULL, NULL, NULL),
('40', 40, '2020', 16598081, '8001010504', NULL, '2020-01-14', 202041630100000024, '2020-01-17', 3, NULL, 'Hector Fabio Ospina Hurtado', 'Hector Fabio Ospina Hurtado', NULL, NULL, '12200114-2', '2020-01-14', 'Km 3.0 via Los Andes - El Saman', NULL, NULL, '8001012028', -76.00000, 3.00000, '8001012403', '8001012505', '8001012617', 'No', NULL, NULL, 'Si', 'No', 'Finalizado, se envio informe a peticionario y traslado a Secretaria de Seguridad y Justicia', NULL, NULL, NULL, 6, '202041630100000024', NULL, NULL, NULL, '', NULL, NULL, NULL, NULL, NULL, NULL, NULL, NULL, NULL, NULL, NULL, NULL, NULL, NULL, NULL, NULL, NULL, NULL, NULL, NULL, NULL, NULL, NULL, NULL),
('41', 41, '2020', 1053768233, '8001010503', '202041730100271492', '2020-03-03', 202041630100001741, '2020-03-16', 9, NULL, 'CVC – Corporacion Autonoma Regional del Valle del Cauca', 'Flor Enelia Suarez', NULL, NULL, '4200313-1', '2020-03-13', 'C 12 Oeste No 37-12', NULL, NULL, '8001012036', -76.00000, 3.00000, '8001012403', '8001012502', '8001012605', 'No', NULL, NULL, 'Si', 'No', 'Finalizado, se envio informe a peticionario y traslado a Unidad Administrativa Especial de Servicios Publicos Municipales', NULL, NULL, NULL, 17, '202041630100000814', NULL, NULL, NULL, '', NULL, NULL, NULL, NULL, NULL, NULL, NULL, NULL, NULL, NULL, NULL, NULL, NULL, NULL, NULL, NULL, NULL, NULL, NULL, NULL, NULL, NULL, NULL, NULL),
('42', 42, '2020', 1053768233, '8001010503', '202041730100271452', '2020-03-03', 202041630100001781, '2020-03-19', 12, NULL, 'CVC – Corporacion Autonoma Regional del Valle del Cauca', 'Hugo Ospina', NULL, NULL, '4200317-1', '2020-03-17', 'Predio La Mirella', NULL, NULL, '8001012027', -76.00000, 3.00000, '8001012403', '8001012502', '8001012605', 'No', NULL, NULL, 'Si', 'No', 'Finalizado, se envio informe a peticionario y traslado a Subsecretaria de Infraestructura y Mantenimiento Vial.', NULL, NULL, NULL, 35, '202041630100000904', NULL, NULL, NULL, '', NULL, NULL, NULL, NULL, NULL, NULL, NULL, NULL, NULL, NULL, NULL, NULL, NULL, NULL, NULL, NULL, NULL, NULL, NULL, NULL, NULL, NULL, NULL, NULL),
('43', 43, '2020', 1143859435, '8001010504', NULL, '2020-03-10', 202041630200000384, '2020-03-10', 4, NULL, 'Plan Jarillon de Cali', 'Arcesio Amu', NULL, NULL, '1200311-1', '2020-03-11', 'Techo 2525', NULL, NULL, '8001012023', -76.00000, 3.00000, '8001012401', '8001012502', '8001012607', 'No', NULL, NULL, 'No', 'No', 'Finalizado, se envio informe al Plan Jarillon de Cali', NULL, NULL, NULL, NULL, NULL, NULL, NULL, NULL, '', NULL, NULL, NULL, NULL, NULL, NULL, NULL, NULL, NULL, NULL, NULL, NULL, NULL, NULL, NULL, NULL, NULL, NULL, NULL, NULL, NULL, NULL, NULL, NULL),
('44', 44, '2020', 1143859435, '8001010504', NULL, '2020-03-10', 202041630200000384, '2020-03-16', 4, NULL, 'Plan Jarillon de Cali', 'Luz Ceneida Viveros', NULL, NULL, '1200311-2', '2020-03-11', 'Techo 2526', NULL, NULL, '8001012023', -76.00000, 3.00000, '8001012401', '8001012502', '8001012607', 'No', NULL, NULL, 'No', 'No', 'Finalizado, se envio informe al Plan Jarillon de Cali', NULL, NULL, NULL, NULL, NULL, NULL, NULL, NULL, '', NULL, NULL, NULL, NULL, NULL, NULL, NULL, NULL, NULL, NULL, NULL, NULL, NULL, NULL, NULL, NULL, NULL, NULL, NULL, NULL, NULL, NULL, NULL, NULL),
('45', 45, '2020', 1143859435, '8001010504', NULL, '2020-03-10', 202041630200000384, '2020-03-16', 4, NULL, 'Plan Jarillon de Cali', 'Erika Maria Ayala', NULL, NULL, '1200311-3', '2020-03-11', 'Techo 2527', NULL, NULL, '8001012023', -76.00000, 3.00000, '8001012401', '8001012502', '8001012607', 'No', NULL, NULL, 'No', 'No', 'Finalizado, se envio informe al Plan Jarillon de Cali', NULL, NULL, NULL, NULL, NULL, NULL, NULL, NULL, '', NULL, NULL, NULL, NULL, NULL, NULL, NULL, NULL, NULL, NULL, NULL, NULL, NULL, NULL, NULL, NULL, NULL, NULL, NULL, NULL, NULL, NULL, NULL, NULL),
('46', 46, '2020', 1143859435, '8001010504', NULL, '2020-03-10', 202041630200000384, '2020-03-16', 4, NULL, 'Plan Jarillon de Cali', 'Nacy Caceres', NULL, NULL, '1200311-4', '2020-03-11', 'Techo 2528', NULL, NULL, '8001012023', -76.00000, 3.00000, '8001012401', '8001012502', '8001012607', 'No', NULL, NULL, 'No', 'No', 'Finalizado, se envio informe al Plan Jarillon de Cali', NULL, NULL, NULL, NULL, NULL, NULL, NULL, NULL, '', NULL, NULL, NULL, NULL, NULL, NULL, NULL, NULL, NULL, NULL, NULL, NULL, NULL, NULL, NULL, NULL, NULL, NULL, NULL, NULL, NULL, NULL, NULL, NULL),
('47', 47, '2020', 1143859435, '8001010504', NULL, '2020-03-10', 202041630200000384, '2020-03-16', 4, NULL, 'Plan Jarillon de Cali', 'Isabel Viveros', NULL, NULL, '1200311-5', '2020-03-11', 'Techo 2533', NULL, NULL, '8001012023', -76.00000, 3.00000, '8001012401', '8001012502', '8001012607', 'No', NULL, NULL, 'No', 'No', 'Finalizado, se envio informe al Plan Jarillon de Cali', NULL, NULL, NULL, NULL, NULL, NULL, NULL, NULL, '', NULL, NULL, NULL, NULL, NULL, NULL, NULL, NULL, NULL, NULL, NULL, NULL, NULL, NULL, NULL, NULL, NULL, NULL, NULL, NULL, NULL, NULL, NULL, NULL),
('48', 48, '2020', 1143859435, '8001010504', NULL, '2020-03-10', 202041630200000384, '2020-03-16', 4, NULL, 'Plan Jarillon de Cali', 'Sonia Angulo', NULL, NULL, '1200311-6', '2020-03-11', 'Techo 2534', NULL, NULL, '8001012023', -76.00000, 3.00000, '8001012401', '8001012502', '8001012607', 'No', NULL, NULL, 'No', 'No', 'Finalizado, se envio informe al Plan Jarillon de Cali', NULL, NULL, NULL, NULL, NULL, NULL, NULL, NULL, '', NULL, NULL, NULL, NULL, NULL, NULL, NULL, NULL, NULL, NULL, NULL, NULL, NULL, NULL, NULL, NULL, NULL, NULL, NULL, NULL, NULL, NULL, NULL, NULL),
('49', 49, '2020', 1143859435, '8001010504', NULL, '2020-03-10', 202041630200000384, '2020-03-16', 4, NULL, 'Plan Jarillon de Cali', 'Alexander Duban', NULL, NULL, '1200311-7', '2020-03-11', 'Techo 2557', NULL, NULL, '8001012023', -76.00000, 3.00000, '8001012401', '8001012502', '8001012607', 'No', NULL, NULL, 'No', 'No', 'Finalizado, se envio informe al Plan Jarillon de Cali', NULL, NULL, NULL, NULL, NULL, NULL, NULL, NULL, '', NULL, NULL, NULL, NULL, NULL, NULL, NULL, NULL, NULL, NULL, NULL, NULL, NULL, NULL, NULL, NULL, NULL, NULL, NULL, NULL, NULL, NULL, NULL, NULL),
('5', 5, '2020', 1143859435, '8001010503', '202041630200000221', '2020-01-24', 202041630200000221, '2020-01-25', 1, NULL, 'Gloria Tamayo Rojas', 'Gloria Tamayo Rojas', NULL, NULL, '1200124-1', '2020-01-24', 'C41 No 8-74', '816', '8', NULL, -76.00000, 3.00000, '8001012403', '8001012503', '8001012612', 'Si', NULL, NULL, 'Si', 'No', 'Finalizado, se envio informe a peticionario.', NULL, NULL, NULL, 7, '202041630200000194', NULL, NULL, NULL, '', NULL, NULL, NULL, NULL, NULL, NULL, NULL, NULL, NULL, NULL, NULL, NULL, NULL, NULL, NULL, NULL, NULL, NULL, NULL, NULL, NULL, NULL, NULL, NULL),
('50', 50, '2020', 1143859435, '8001010504', NULL, '2020-03-10', 202041630200000384, '2020-03-16', 4, NULL, 'Plan Jarillon de Cali', 'Rosalba Majin', NULL, NULL, '1200311-8', '2020-03-11', 'Techo 2558', NULL, NULL, '8001012023', -76.00000, 3.00000, '8001012401', '8001012502', '8001012607', 'No', NULL, NULL, 'No', 'No', 'Finalizado, se envio informe al Plan Jarillon de Cali', NULL, NULL, NULL, NULL, NULL, NULL, NULL, NULL, '', NULL, NULL, NULL, NULL, NULL, NULL, NULL, NULL, NULL, NULL, NULL, NULL, NULL, NULL, NULL, NULL, NULL, NULL, NULL, NULL, NULL, NULL, NULL, NULL),
('51', 51, '2020', 1143859435, '8001010504', NULL, '2020-03-10', 202041630200000384, '2020-03-16', 4, NULL, 'Plan Jarillon de Cali', 'Hector Barrios', NULL, NULL, '1200311-9', '2020-03-11', 'Techo 2559', NULL, NULL, '8001012023', -76.00000, 3.00000, '8001012401', '8001012502', '8001012607', 'No', NULL, NULL, 'No', 'No', 'Finalizado, se envio informe al Plan Jarillon de Cali', NULL, NULL, NULL, NULL, NULL, NULL, NULL, NULL, '', NULL, NULL, NULL, NULL, NULL, NULL, NULL, NULL, NULL, NULL, NULL, NULL, NULL, NULL, NULL, NULL, NULL, NULL, NULL, NULL, NULL, NULL, NULL, NULL),
('52', 52, '2020', 1144063314, '8001010504', NULL, '2020-03-10', 202041630200000384, '2020-03-16', 4, NULL, 'Plan Jarillon de Cali', 'Paola Malaba', NULL, NULL, '2200311-1', '2020-03-11', 'Techo 2560', NULL, NULL, '8001012023', -76.00000, 3.00000, '8001012401', '8001012502', '8001012607', 'No', NULL, NULL, 'Si', 'No', 'Finalizado, se envio informe al Plan Jarillon de Cali, traslado Secretaria de Bienestar Social y traslado Secretaria de Vivienda Social y Habitat', NULL, NULL, NULL, 7, '202041630200000394', NULL, NULL, 5, '202041630200000404', NULL, NULL, NULL, NULL, NULL, NULL, NULL, NULL, NULL, NULL, NULL, NULL, NULL, NULL, NULL, NULL, NULL, NULL, NULL, NULL, NULL, NULL, NULL, NULL),
('53', 53, '2020', 1144063314, '8001010504', NULL, '2020-03-10', 202041630200000384, '2020-03-16', 4, NULL, 'Plan Jarillon de Cali', 'Aura Leonor Amu', NULL, NULL, '2200311-2', '2020-03-11', 'Techo 2561', NULL, NULL, '8001012023', -76.00000, 3.00000, '8001012401', '8001012502', '8001012607', 'No', NULL, NULL, 'No', 'No', 'Finalizado, se envio informe al Plan Jarillon de Cali', NULL, NULL, NULL, NULL, NULL, NULL, NULL, NULL, '', NULL, NULL, NULL, NULL, NULL, NULL, NULL, NULL, NULL, NULL, NULL, NULL, NULL, NULL, NULL, NULL, NULL, NULL, NULL, NULL, NULL, NULL, NULL, NULL),
('54', 54, '2020', 1144063314, '8001010504', NULL, '2020-03-10', 202041630200000384, '2020-03-16', 4, NULL, 'Plan Jarillon de Cali', 'Maria Denis Vivero', NULL, NULL, '2200311-3', '2020-03-11', 'Techo 2564', NULL, NULL, '8001012023', -76.00000, 3.00000, '8001012401', '8001012502', '8001012607', 'No', NULL, NULL, 'No', 'No', 'Finalizado, se envio informe al Plan Jarillon de Cali', NULL, NULL, NULL, NULL, NULL, NULL, NULL, NULL, '', NULL, NULL, NULL, NULL, NULL, NULL, NULL, NULL, NULL, NULL, NULL, NULL, NULL, NULL, NULL, NULL, NULL, NULL, NULL, NULL, NULL, NULL, NULL, NULL),
('55', 55, '2020', 1144063314, '8001010504', NULL, '2020-03-10', 202041630200000384, '2020-03-16', 4, NULL, 'Plan Jarillon de Cali', 'Jackeline Parra Viveros', NULL, NULL, '2200311-4', '2020-03-11', 'Techo 2566', NULL, NULL, '8001012023', -76.00000, 3.00000, '8001012401', '8001012502', '8001012607', 'No', NULL, NULL, 'No', 'No', 'Finalizado, se envio informe al Plan Jarillon de Cali', NULL, NULL, NULL, NULL, NULL, NULL, NULL, NULL, '', NULL, NULL, NULL, NULL, NULL, NULL, NULL, NULL, NULL, NULL, NULL, NULL, NULL, NULL, NULL, NULL, NULL, NULL, NULL, NULL, NULL, NULL, NULL, NULL),
('56', 56, '2020', 1144063314, '8001010504', NULL, '2020-03-10', 202041630200000384, '2020-03-16', 4, NULL, 'Plan Jarillon de Cali', 'Norvey Valencia', NULL, NULL, '2200311-5', '2020-03-11', 'Techo 2571', NULL, NULL, '8001012023', -76.00000, 3.00000, '8001012401', '8001012502', '8001012607', 'No', NULL, NULL, 'No', 'No', 'Finalizado, se envio informe al Plan Jarillon de Cali', NULL, NULL, NULL, NULL, NULL, NULL, NULL, NULL, '', NULL, NULL, NULL, NULL, NULL, NULL, NULL, NULL, NULL, NULL, NULL, NULL, NULL, NULL, NULL, NULL, NULL, NULL, NULL, NULL, NULL, NULL, NULL, NULL),
('57', 57, '2020', 1144063314, '8001010504', NULL, '2020-03-10', 202041630200000384, '2020-03-16', 4, NULL, 'Plan Jarillon de Cali', 'Absalon Vasquez', NULL, NULL, '2200311-6', '2020-03-11', 'Techo 2573', NULL, NULL, '8001012023', -76.00000, 3.00000, '8001012401', '8001012502', '8001012607', 'No', NULL, NULL, 'No', 'No', 'Finalizado, se envio informe al Plan Jarillon de Cali', NULL, NULL, NULL, NULL, NULL, NULL, NULL, NULL, '', NULL, NULL, NULL, NULL, NULL, NULL, NULL, NULL, NULL, NULL, NULL, NULL, NULL, NULL, NULL, NULL, NULL, NULL, NULL, NULL, NULL, NULL, NULL, NULL),
('58', 58, '2020', 1144063314, '8001010504', NULL, '2020-03-10', 202041630200000384, '2020-03-16', 4, NULL, 'Plan Jarillon de Cali', 'Ligia Panameño', NULL, NULL, '2200311-7', '2020-03-11', 'Techo 2576', NULL, NULL, '8001012023', -76.00000, 3.00000, '8001012401', '8001012502', '8001012607', 'No', NULL, NULL, 'No', 'No', 'Finalizado, se envio informe al Plan Jarillon de Cali', NULL, NULL, NULL, NULL, NULL, NULL, NULL, NULL, '', NULL, NULL, NULL, NULL, NULL, NULL, NULL, NULL, NULL, NULL, NULL, NULL, NULL, NULL, NULL, NULL, NULL, NULL, NULL, NULL, NULL, NULL, NULL, NULL),
('59', 59, '2020', 1144063314, '8001010504', NULL, '2020-03-10', 202041630200000384, '2020-03-16', 4, NULL, 'Plan Jarillon de Cali', 'Yolanda Mina Galindo', NULL, NULL, '2200311-8', '2020-03-11', 'Techo 2577', NULL, NULL, '8001012023', -76.00000, 3.00000, '8001012401', '8001012502', '8001012607', 'No', NULL, NULL, 'No', 'No', 'Finalizado, se envio informe al Plan Jarillon de Cali', NULL, NULL, NULL, NULL, NULL, NULL, NULL, NULL, '', NULL, NULL, NULL, NULL, NULL, NULL, NULL, NULL, NULL, NULL, NULL, NULL, NULL, NULL, NULL, NULL, NULL, NULL, NULL, NULL, NULL, NULL, NULL, NULL),
('6', 6, '2020', 1143859435, '8001010503', '202041730100066802', '2020-01-20', 202041630200000141, '2020-02-03', 11, NULL, 'Crisanto Diomedes Rodriguez', 'Crisanto Diomedes Rodriguez', NULL, NULL, '1200124-2', '2020-01-24', 'K 73 Bbis Oeste No 2B-38', '1803', NULL, NULL, -76.00000, 3.00000, '8001012403', '8001012502', '8001012604', 'No', NULL, NULL, 'Si', 'No', 'Finalizado, se envio informe a peticionario y traslado a EMCALI – Empresas Municipales de Cali.', NULL, NULL, NULL, 10, '202041630200000161', NULL, NULL, NULL, '', NULL, NULL, NULL, NULL, NULL, NULL, NULL, NULL, NULL, NULL, NULL, NULL, NULL, NULL, NULL, NULL, NULL, NULL, NULL, NULL, NULL, NULL, NULL, NULL),
('60', 60, '2020', 1144063314, '8001010504', NULL, '2020-03-10', 202041630200000384, '2020-03-16', 4, NULL, 'Plan Jarillon de Cali', 'Hector Angulo', NULL, NULL, '2200311-9', '2020-03-11', 'Techo 2578', NULL, NULL, '8001012023', -76.00000, 3.00000, '8001012401', '8001012502', '8001012607', 'No', NULL, NULL, 'No', 'No', 'Finalizado, se envio informe al Plan Jarillon de Cali', NULL, NULL, NULL, NULL, NULL, NULL, NULL, NULL, '', NULL, NULL, NULL, NULL, NULL, NULL, NULL, NULL, NULL, NULL, NULL, NULL, NULL, NULL, NULL, NULL, NULL, NULL, NULL, NULL, NULL, NULL, NULL, NULL),
('61', 61, '2020', 1143859435, '8001010503', NULL, '2020-03-13', 202041630200000414, '2020-03-16', 1, NULL, 'Ruben Estrada', 'Ruben Estrada', NULL, NULL, '1200313-1', '2020-03-13', 'C 6d Oeste No B44-49', '2003', '20', NULL, -76.00000, 3.00000, '8001012401', '8001012502', '8001012604', 'Si', NULL, NULL, 'Si', 'No', 'Finalizado, se envio informe a Secretaria de Infraestructura, traslado Secretaria de Seguridad y Justicia, traslado Secretaria de Vivienda Social y Habitat y traslado EMCALI', NULL, NULL, NULL, 6, '202041630200000434', NULL, NULL, 5, '202041630200000424', NULL, NULL, 10, '202041630200000431', NULL, NULL, NULL, NULL, NULL, NULL, NULL, NULL, NULL, NULL, NULL, NULL, NULL, NULL, NULL, NULL, NULL, NULL, NULL, NULL),
('62', 62, '2020', 1130622754, '8001010503', NULL, '2020-03-13', 202041630200000414, '2020-03-16', 1, NULL, 'Mercedes Uni\n\n', 'Mercedes Uni\n\n', NULL, NULL, '11200313-1', '2020-03-13', 'C 6c Oeste No 49A-21', '2003', '20', NULL, -76.00000, 3.00000, '8001012401', '8001012502', '8001012604', 'Si', NULL, NULL, 'Si', 'No', 'Finalizado, se envio informe a Secretaria de Infraestructura, traslado Secretaria de Seguridad y Justicia, traslado Secretaria de Vivienda Social y Habitat y traslado EMCALI', NULL, NULL, NULL, 6, '202041630200000434', NULL, NULL, 5, '202041630200000424', NULL, NULL, 10, '202041630200000431', NULL, NULL, NULL, NULL, NULL, NULL, NULL, NULL, NULL, NULL, NULL, NULL, NULL, NULL, NULL, NULL, NULL, NULL, NULL, NULL),
('63', 63, '2020', 1144063314, '8001010503', NULL, '2020-03-13', 202041630200000414, '2020-03-16', 1, NULL, 'Julieth Flores García', 'Julieth Flores García', NULL, NULL, '2200313-1', '2020-03-13', 'C 6d Oeste No 49-34', '2003', '20', NULL, -76.00000, 3.00000, '8001012401', '8001012502', '8001012604', 'Si', NULL, NULL, 'Si', 'No', 'Finalizado, se envio informe a Secretaria de Infraestructura, traslado Secretaria de Seguridad y Justicia, traslado Secretaria de Vivienda Social y Habitat y traslado EMCALI', NULL, NULL, NULL, 6, '202041630200000434', NULL, NULL, 5, '202041630200000424', NULL, NULL, 10, '202041630200000431', NULL, NULL, NULL, NULL, NULL, NULL, NULL, NULL, NULL, NULL, NULL, NULL, NULL, NULL, NULL, NULL, NULL, NULL, NULL, NULL),
('64', 64, '2020', 1144063314, '8001010503', '202041730100304522', '2020-03-09', 202041630100001771, '2020-03-19', 8, NULL, 'Yesica Montoya Laserna', 'Yesica Montoya Laserna', NULL, NULL, '2200310-1', '2020-03-10', 'Sector Colinas', '296', '02', NULL, -76.00000, 3.00000, '8001012403', '8001012503', '8001012607', 'Si', NULL, NULL, 'Si', 'No', 'Finalizado, se envio informe a peticionario, traslado Secretaria de Bienestar Social y traslado Secretaria de Vivienda Social y Habitat', NULL, NULL, NULL, 7, '202041630100000894', NULL, NULL, 5, '202041630100000884', NULL, NULL, NULL, NULL, NULL, NULL, NULL, NULL, NULL, NULL, NULL, NULL, NULL, NULL, NULL, NULL, NULL, NULL, NULL, NULL, NULL, NULL, NULL, NULL),
('65', 65, '2020', 1151936630, '8001010503', '202041630100001421', '2020-02-25', 202041630100001421, '2020-03-11', 8, NULL, 'CVC - Diego Luis Hurtado Anzares', 'Hilda Solarte', NULL, NULL, '9200305-1', '2020-03-05', 'Corregimiento La Castilla - Finca La Estrella', NULL, NULL, '8001012034', -76.00000, 3.00000, '8001012403', '8001012502', '8001012605', 'No', NULL, NULL, 'Si', 'No', 'Finalizado, se envio informe a peticionario, traslado Secretaria deSeguridad y Justicia, traslado Secretaria de Vivienda Social y Habitat y el Departamento Administrativo de Planeacion Municipal', NULL, NULL, NULL, 6, '202041630100000704', NULL, NULL, 5, '202041630100000694', NULL, NULL, 31, '202041630100000714', NULL, NULL, NULL, NULL, NULL, NULL, NULL, NULL, NULL, NULL, NULL, NULL, NULL, NULL, NULL, NULL, NULL, NULL, NULL, NULL),
('66', 66, '2020', 1151936630, '8001010503', '202041630200000381', '2020-02-22', 202041730100239072, '2020-03-06', 10, NULL, 'Ricardo Antonio Lizalda Ocampo', 'Ricardo Antonio Lizalda Ocampo', NULL, NULL, '9200306-1', '2020-03-06', 'Av 9 No 27-05', '210', '2', NULL, -76.00000, 3.00000, '8001012403', '8001012502', '8001012602', 'No', NULL, NULL, 'Si', 'No', 'Finalizado, se envio informe a peticionario, traslado a EMCALI', NULL, NULL, NULL, 10, '202041630200000391', NULL, NULL, NULL, '', NULL, NULL, NULL, NULL, NULL, NULL, NULL, NULL, NULL, NULL, NULL, NULL, NULL, NULL, NULL, NULL, NULL, NULL, NULL, NULL, NULL, NULL, NULL, NULL),
('67', 67, '2020', 1151936630, '8001010503', NULL, '2020-03-14', 202041630200000461, '2020-03-18', 3, NULL, 'JAL', 'Habitantes - Conjunto Residencial Altos de Santa H', NULL, NULL, '9200314-1', '2020-03-14', 'C 1Bis Oeste No 100A Bis', NULL, '18', NULL, -76.00000, 3.00000, '8001012401', '8001012502', '8001012602', 'No', NULL, NULL, 'Si', 'No', 'Finalizado, se envio informe a EMCALI y traslado a Vivienda', NULL, NULL, NULL, 5, '202041630200000504', NULL, NULL, NULL, '', NULL, NULL, NULL, NULL, NULL, NULL, NULL, NULL, NULL, NULL, NULL, NULL, NULL, NULL, NULL, NULL, NULL, NULL, NULL, NULL, NULL, NULL, NULL, NULL),
('68', 68, '2020', 1151936630, '8001010503', '202041730100241052', '2020-02-25', 202041630200000451, '2020-03-09', 11, NULL, 'Monica Patricia Medina Gutierrez', 'Monica Patricia Medina Gutierrez', NULL, NULL, '9200309-1', '2020-03-09', 'C 7 No 14A-106', '306', '3', NULL, -76.00000, 3.00000, '8001012403', '8001012502', '8001012607', 'No', NULL, NULL, 'Si', 'No', 'Finalizado, se envio informe a peticionario, traslado a la Secertaria de Educacion', NULL, NULL, NULL, 21, '202041630200000474', NULL, NULL, NULL, '', NULL, NULL, NULL, NULL, NULL, NULL, NULL, NULL, NULL, NULL, NULL, NULL, NULL, NULL, NULL, NULL, NULL, NULL, NULL, NULL, NULL, NULL, NULL, NULL),
('69', 69, '2020', 1151936630, '8001010503', NULL, '2020-03-11', 202041630010002064, '2020-03-11', 1, NULL, NULL, NULL, NULL, NULL, '9200311-1', '2020-03-11', 'Av 4 Oeste C 6', '201', '2', NULL, -76.00000, 3.00000, '8001012403', '8001012502', '8001012607', 'No', NULL, NULL, 'No', 'No', 'Finalizado, se envio informe a Secretaria de Infraestructura', NULL, NULL, NULL, NULL, NULL, NULL, NULL, NULL, '', NULL, NULL, NULL, NULL, NULL, NULL, NULL, NULL, NULL, NULL, NULL, NULL, NULL, NULL, NULL, NULL, NULL, NULL, NULL, NULL, NULL, NULL, NULL, NULL),
('7', 7, '2020', 1143859435, '8001010503', '202041730100058262', '2020-01-17', 202041630200000121, '2020-02-03', 14, NULL, 'Carlos Andres Herrera Giron', 'Carlos Andres Herrera Giron', NULL, NULL, '1200124-3', '2020-01-24', 'C 4 Oeste No 73-22', '1803', '18', NULL, -76.00000, 3.00000, '8001012403', '8001012502', '8001012605', 'No', NULL, NULL, 'Si', 'No', 'Finalizado, se envio informe a peticionario y traslado a Secretaria de Infraestructura y Unidad Administrativa Especial de Servicios Publicos Municipales', NULL, NULL, NULL, 4, '202041630200000154', NULL, NULL, 17, '202041630200000164', NULL, NULL, NULL, NULL, NULL, NULL, NULL, NULL, NULL, NULL, NULL, NULL, NULL, NULL, NULL, NULL, NULL, NULL, NULL, NULL, NULL, NULL, NULL, NULL),
('70', 70, '2020', 1151936630, '8001010503', NULL, '2020-03-16', 202041630010002364, '2020-03-17', 1, NULL, 'Eli Schnaider - PJC', 'Eli Schanider - PJC', NULL, NULL, '9200317-1', '2020-03-17', 'C 73 Diagonal 26F', '1313', '13', NULL, -76.00000, 3.00000, '8001012403', '8001012502', '8001012602', 'No', NULL, NULL, 'No', 'No', 'Finalizado, se envio informe a la gerencia del Plan Jarillón de Cali', NULL, NULL, NULL, NULL, NULL, NULL, NULL, NULL, '', NULL, NULL, NULL, NULL, NULL, NULL, NULL, NULL, NULL, NULL, NULL, NULL, NULL, NULL, NULL, NULL, NULL, NULL, NULL, NULL, NULL, NULL, NULL, NULL),
('71', 71, '2020', 1144171574, '8001010503', '202041730100295692', '2020-03-06', 202041630200000501, '2020-03-25', 12, NULL, 'Rosa Nelly Moreno', 'Rosa Nelly Moreno', NULL, NULL, '6200318-2', '2020-03-18', 'C 1 oeste No 42D-08', '2003', '20', NULL, -76.00000, 3.00000, '8001012403', '8001012502', '8001012607', 'Si', NULL, NULL, 'Si', 'No', 'Finalizado, se envio informe por correo a CVC – Corporacion Autonoma Regional del Valle del Cauca', NULL, NULL, NULL, 9, '202041630200000491', NULL, NULL, NULL, '', NULL, NULL, NULL, NULL, NULL, NULL, NULL, NULL, NULL, NULL, NULL, NULL, NULL, NULL, NULL, NULL, NULL, NULL, NULL, NULL, NULL, NULL, NULL, NULL),
('72', 72, '2020', 1144171574, '8001010503', '202041730100286892', '2020-03-05', 202041630200000471, '2020-03-20', 13, NULL, 'Anonimo', 'Ninguna', NULL, NULL, '6200318-1', '2020-03-18', 'C 10 oeste No 38-286', '1983', '19', NULL, -76.00000, 3.00000, '8001012403', '8001012502', '8001012602', 'No', NULL, NULL, 'Si', 'No', 'Finalizado, se envio informe a IVC y DAGMA', NULL, NULL, NULL, 13, '202041630200000524', NULL, NULL, 11, '202041630200000534', NULL, NULL, NULL, NULL, NULL, NULL, NULL, NULL, NULL, NULL, NULL, NULL, NULL, NULL, NULL, NULL, NULL, NULL, NULL, NULL, NULL, NULL, NULL, NULL),
('73', 73, '2020', 1143853077, '8001010503', '202041730100220262', '2020-02-20', 202041630100000811, '2020-03-03', 7, NULL, 'Edil Jhon Jaramillo', 'Edil Jhon Jaramillo', NULL, NULL, '10200303-1', '2020-03-03', 'Callejon Yanet', NULL, NULL, '8001012026', -76.00000, 3.00000, '8001012403', '8001012501', '8001012605', 'No', NULL, NULL, 'Si', 'No', 'Finalizado, se envio informe a peticionario, traslado a CVC – Corporacion Autonoma Regional del Valle del Cauca y Secretaria de Infraestructura', NULL, NULL, NULL, 9, '202041630100000861', NULL, NULL, 4, '202041630100000554', NULL, NULL, NULL, NULL, NULL, NULL, NULL, NULL, NULL, NULL, NULL, NULL, NULL, NULL, NULL, NULL, NULL, NULL, NULL, NULL, NULL, NULL, NULL, NULL),
('74', 74, '2020', 1130622754, '8001010503', NULL, '2020-03-14', 202041630200000554, '2020-03-24', 18, NULL, 'JAL', 'Ana Rita Flores', NULL, NULL, '11200314-1', '2020-03-14', 'C 1Bis Oeste No 100A Bis', NULL, '18', NULL, -76.00000, 3.00000, '8001012401', '8001012502', '8001012605', 'No', NULL, NULL, 'Si', 'No', 'En proceso, se envio informe y traslados para revisión y firma', NULL, NULL, NULL, 4, '202041630200000554', NULL, NULL, 5, '202041630100000564', NULL, NULL, NULL, NULL, NULL, NULL, NULL, NULL, NULL, NULL, NULL, NULL, NULL, NULL, NULL, NULL, NULL, NULL, NULL, NULL, NULL, NULL, NULL, NULL),
('75', 75, '2020', 36861950, '8001010503', NULL, '2020-03-13', 202041630100000644, '2020-03-31', 9, NULL, 'Edison Villano', 'Edison Villano', NULL, NULL, NULL, '2020-03-14', 'C 3 Oeste No 42b-21', '2003', '20', NULL, -76.00000, 3.00000, '8001012403', '8001012502', '8001012607', 'No', NULL, NULL, 'Si', 'No', 'Finalizado, se envio informe de emergencia a Secretaria de Vivienda Social y Habitat', NULL, NULL, NULL, 5, '202041630100000644', NULL, NULL, NULL, '', NULL, NULL, NULL, NULL, NULL, NULL, NULL, NULL, NULL, NULL, NULL, NULL, NULL, NULL, NULL, NULL, NULL, NULL, NULL, NULL, NULL, NULL, NULL, NULL);
INSERT INTO `historico_vtk` (`VcrId`, `VcrCodHis`, `Vcrano`, `VcrIdSerP`, `VcrIdSol`, `VcrRadSol`, `VcrFecSol`, `VcrRadRes`, `VcrFecRad`, `VcrDiaResp`, `VcrIdRie`, `VcrEntSol`, `VcrNomAti`, `VcrNoIde`, `VcrCel`, `VcrCodForm`, `VcrFecVis`, `VcrDir`, `VcrIdBarVe`, `VcrIdCom`, `VcrIdCorr`, `VcrLon`, `VcrLat`, `VcrIdMot`, `VcrIdFen`, `VcrIdCar`, `VcrAyuHum`, `VcrPerHer`, `VcrPerFall`, `VcrTraCas`, `VcrCop`, `VcrEstTra`, `VcrObsHis`, `VcrUbiInf`, `VcrResInf`, `VcrIdTra1`, `VcrRadTra1`, `VcrFecTra1`, `VcrResTra1`, `VcrIdTra2`, `VcrRadTra2`, `VcrFecTra2`, `VcrResTra2`, `VcrIdTra3`, `VcrRadTra3`, `VcrFecTra3`, `VcrResTra3`, `VcrIdTra4`, `VcrRadTra4`, `VcrFecTra4`, `VcrResTra4`, `VcrIdTra5`, `VcrRadTra5`, `VcrFecTra5`, `VcrResTra5`, `VcrIdTra6`, `VcrRadTra6`, `VcrIdTra7`, `VcrRadTra7`, `VcrIdTra8`, `VcrRadTra8`, `VcrdTra2`, `field4`, `VcrI`, `field6`) VALUES
('76', 76, '2020', 111111, '8001010503', '202041730100142482', '2020-02-05', 202041630100001931, '2020-04-03', 32, NULL, 'Jaime Montoya', 'Andres Montoya', NULL, NULL, '5200313-1', '2020-03-13', 'Av 8N No 23n-26', NULL, NULL, NULL, -76.00000, 3.00000, '8001012403', '8001012504', '8001012607', 'No', NULL, NULL, 'SI', 'No', 'Finalizado, se envio informe a peticionario y traslado a Subsecretaria de Acceso a Servicios de Justicia', NULL, NULL, NULL, 23, NULL, NULL, NULL, NULL, '', NULL, NULL, NULL, NULL, NULL, NULL, NULL, NULL, NULL, NULL, NULL, NULL, NULL, NULL, NULL, NULL, NULL, NULL, NULL, NULL, NULL, NULL, NULL, NULL),
('77', 77, '2020', 1144171574, '8001010503', NULL, '2020-04-23', 202041630200000694, '2020-04-23', 2, NULL, 'Herilda Franco', 'Herilda Franco', NULL, NULL, '6200419-1', '2020-04-19', 'C 83 No 28f-88', '1598', '15', NULL, -76.00000, 3.00000, '8001012401', '8001012504', '8001012612', 'Si', NULL, NULL, 'Si', 'No', 'Finalizado, se envio informe Secretaria de Vivienda Social y Habitat', NULL, NULL, NULL, 5, '2020416302000000694', NULL, NULL, NULL, '', NULL, NULL, NULL, NULL, NULL, NULL, NULL, NULL, NULL, NULL, NULL, NULL, NULL, NULL, NULL, NULL, NULL, NULL, NULL, NULL, NULL, NULL, NULL, NULL),
('78', 78, '2020', 36861950, '8001010503', '202041610100007264', '2020-03-30', 202041630100001124, '2020-04-30', 21, NULL, 'Esthephany Arias Jimenez', NULL, NULL, NULL, NULL, '2020-04-28', '', NULL, NULL, '8001012023', 0.00000, 3.00000, '8001012403', '8001012503', '8001012610', 'No', NULL, NULL, 'No', 'No', 'Finalizado, se envio informe a peticionario', NULL, NULL, NULL, NULL, NULL, NULL, NULL, NULL, '', NULL, NULL, NULL, NULL, NULL, NULL, NULL, NULL, NULL, NULL, NULL, NULL, NULL, NULL, NULL, NULL, NULL, NULL, NULL, NULL, NULL, NULL, NULL, NULL),
('79', 79, '2020', 1053768233, '8001010504', NULL, '2020-05-18', 202041630100001244, '2020-05-21', 3, NULL, 'Secretaria de Vivienda Social y Habitat', NULL, NULL, NULL, '4200519-1', '2020-05-19', 'K 38 2 Oeste', '2003', '20', NULL, -76.00000, 3.00000, '8001012401', '8001012502', '8001012605', 'No', NULL, NULL, 'Si', 'No', 'Finalizado, se envio informe a Unidad Administrativa Especial de Gestion de Bienes y Servicios, Unidad Administrativa Especial de Servicios Publicos Municipales y Secretaria de Seguridad y Justicia', NULL, NULL, NULL, 24, '202041630100001224', NULL, NULL, 17, '202041630100001234', NULL, NULL, 6, '202041630100001214', NULL, NULL, NULL, NULL, NULL, NULL, NULL, NULL, NULL, NULL, NULL, NULL, NULL, NULL, NULL, NULL, NULL, NULL, NULL, NULL),
('8', 8, '2020', 16598081, '8001010503', '202041730100031162', '2020-01-10', 202041630100000201, '2020-01-28', 12, NULL, 'Marina Perea Sanchez', 'Leonilde Hernadez', NULL, NULL, '12200128-1', '2020-01-28', 'K 83 Oeste No 1-64', '1898', '20', NULL, -76.00000, 3.00000, '8001012403', '8001012502', '8001012605', 'Si', NULL, NULL, 'Si', 'No', 'Finalizado, se envio informe a peticionario y traslado a Secretaria de Infraestructura y Secretaria de Vivienda Social y Habitat', NULL, NULL, NULL, 4, '202041630100000204', NULL, NULL, 5, '202041630100000174', NULL, NULL, NULL, NULL, NULL, NULL, NULL, NULL, NULL, NULL, NULL, NULL, NULL, NULL, NULL, NULL, NULL, NULL, NULL, NULL, NULL, NULL, NULL, NULL),
('80', 80, '2020', 1053768233, '8001010504', NULL, '2020-05-20', 202041630100001254, '2020-05-21', 1, NULL, 'Yudi Heredia', 'Yudi Heredia', NULL, NULL, '4200520-1', '2020-05-20', 'Sector Hoyo Frio', NULL, NULL, '8001012037', -76.00000, 3.00000, '8001012401', '8001012502', '8001012605', 'No', NULL, NULL, 'Si', 'No', 'Finalizado, se envio informe a CVC – Corporacion Autonoma Regional del Valle del Cauca', NULL, NULL, NULL, 9, '202041630100002191', NULL, NULL, NULL, '', NULL, NULL, NULL, NULL, NULL, NULL, NULL, NULL, NULL, NULL, NULL, NULL, NULL, NULL, NULL, NULL, NULL, NULL, NULL, NULL, NULL, NULL, NULL, NULL),
('81', 81, '2020', 1053768233, '8001010504', NULL, '2020-05-30', 202041630010004324, '2020-06-01', 1, NULL, 'Consorcio via Pance - Nestor Martinez', 'Carlos Carvajal', NULL, NULL, '4200531-1', '2020-05-31', 'Km 2 + 130 al 150 y Km 1 + 770 al 870', NULL, NULL, '8001012025', -76.00000, 3.00000, '8001012401', '8001012502', '8001012605', 'No', NULL, NULL, 'Si', 'No', 'Finalizado, se envio informe a Secretaria de Infraestructura', NULL, NULL, NULL, 4, '202041630010004324', NULL, NULL, NULL, '', NULL, NULL, NULL, NULL, NULL, NULL, NULL, NULL, NULL, NULL, NULL, NULL, NULL, NULL, NULL, NULL, NULL, NULL, NULL, NULL, NULL, NULL, NULL, NULL),
('82', 82, '2020', 1143853077, '8001010503', NULL, '2020-05-14', 202041630100001194, '2020-05-15', 1, NULL, 'Holmes Mosquera', 'Holmes Mosquera', NULL, NULL, '10200514-1', '2020-05-14', 'C 42 con K 8 Norte Puente Peatonal', '413', '4', NULL, -76.00000, 3.00000, '8001012403', '8001012502', '8001012607', 'No', NULL, NULL, 'Si', 'Si, a John Posso DAGMA', 'Finalizado, se envio informe a peticionario y Secretaria de Infraestructura', NULL, NULL, NULL, 4, '202041630100001194', NULL, NULL, NULL, '', NULL, NULL, NULL, NULL, NULL, NULL, NULL, NULL, NULL, NULL, NULL, NULL, NULL, NULL, NULL, NULL, NULL, NULL, NULL, NULL, NULL, NULL, NULL, NULL),
('83', 83, '2020', 1143853077, '8001010503', '202041730100484662', '2020-05-05', 202041730100484662, '2020-05-21', 11, NULL, 'Yudi Heredia', 'Yudi Heredia', NULL, NULL, '10200520-1', '2020-05-20', 'Mina Sector El Hoyo Frío', '', NULL, '8001012037', -76.00000, 3.00000, '8001012403', '8001012502', '8001012605', 'No', NULL, NULL, 'Si', 'No', 'Finalizado, se envio informe a peticionario, Secretaria de Vivienda Social y Habitat, Secretaria de Seguridad y Justicia, Departamento Administrativo de Planeacion Municipal, Corregidora Golondrinas, Benemerito Cuerpo de Bomberos Voluntarios de Cali y CVC – Corporacion Autonoma Regional del Valle del Cauca', NULL, NULL, NULL, 5, '202041630100001284', NULL, NULL, 6, '202041630100001274', NULL, NULL, 31, '202041630100001264', NULL, NULL, NULL, '202041630100001364', NULL, NULL, 3, '202041630100002281', NULL, NULL, 9, '202041630100002251', NULL, NULL, NULL, NULL, NULL, NULL, NULL, NULL),
('84', 84, '2020', 1143853077, '8001010503', '202041610100010484', '2020-05-18', 202041610100010484, '2020-06-01', 8, NULL, 'Corregidora La Leonera', 'Feliz Paez', NULL, NULL, '10200520-2', '2020-05-20', 'Via La Leonera vereda El Pajuil', NULL, NULL, '8001012030', -76.00000, 3.00000, '8001012403', '8001012502', '8001012605', 'No', NULL, NULL, 'Si', 'No', 'Finalizado, se emvio informe a peticionario, Secretaria de Infraestructura y CVC – Corporacion Autonoma Regional del Valle del Cauca', NULL, NULL, NULL, 4, '202041630100001424', NULL, NULL, 9, '202041630100002331', NULL, NULL, NULL, NULL, NULL, NULL, NULL, NULL, NULL, NULL, NULL, NULL, NULL, NULL, NULL, NULL, NULL, NULL, NULL, NULL, NULL, NULL, NULL, NULL),
('85', 85, '2020', 1151936630, '8001010503', '202041730100529692', '2020-05-16', 202041630200000811, '2020-06-08', 22, NULL, 'MARIA NEILA MORA CORDOBA', 'Maria Neila Mora Cordoba', NULL, NULL, '10200527-1', '2020-05-27', 'C 1 No 56-70', NULL, '19', NULL, -76.00000, 3.00000, '8001012403', '8001012502', '8001012605', 'No', NULL, NULL, 'Si', 'No', 'Finalizado, se envio informe a peticionario y a Secretaria de Infraestructura.', NULL, NULL, NULL, 4, '202041630200000994', NULL, NULL, NULL, '', NULL, NULL, NULL, NULL, NULL, NULL, NULL, NULL, NULL, NULL, NULL, NULL, NULL, NULL, NULL, NULL, NULL, NULL, NULL, NULL, NULL, NULL, NULL, NULL),
('86', 86, '2020', 1151936630, '8001010504', '202041610100006044', '2020-05-09', 202041630200000864, '2020-06-01', 21, NULL, 'Corregidora La Castilla', 'Saray Guevara', NULL, NULL, '10200529-1', '2020-05-29', 'Callejon Los Almendros', NULL, NULL, '8001012034', -76.00000, 3.00000, '8001012403', '8001012502', '8001012607', 'No', NULL, NULL, 'Si', 'No', 'Finalizado, se envio informe a peticionario, Secretaria de Infraestructura y CVC – Corporacion Autonoma Regional del Valle del Cauca', NULL, NULL, NULL, 4, '202041630200000874', NULL, NULL, 9, '202041630200000741', NULL, NULL, NULL, '202041630200000751', NULL, NULL, NULL, NULL, NULL, NULL, NULL, NULL, NULL, NULL, NULL, NULL, NULL, NULL, NULL, NULL, NULL, NULL, NULL, NULL),
('87', 87, '2020', 36861950, '8001010503', NULL, '2020-05-07', 202041630100002111, '2020-05-12', 4, NULL, 'gustavo', 'Carmen Saldarriaga', NULL, NULL, NULL, '2020-05-11', 'C 1 A No 5F 73 -11', NULL, '6', NULL, -76.00000, 3.00000, '8001012403', '8001012503', '8001012607', 'No', NULL, NULL, 'Si', 'No', 'Finalizado, se envìo informe a peticionario, Secretarìa de Infraestructura y EMCALI – Empresas Municipales de Cali', NULL, NULL, NULL, 10, '202041630100002121', NULL, NULL, 4, '202041630100001174', NULL, NULL, NULL, NULL, NULL, NULL, NULL, NULL, NULL, NULL, NULL, NULL, NULL, NULL, NULL, NULL, NULL, NULL, NULL, NULL, NULL, NULL, NULL, NULL),
('88', 88, '2020', 36861950, '8001010503', NULL, '2020-03-10', 202041630100002261, '2020-05-26', 48, NULL, 'Leonardo Lozano Lozano', NULL, NULL, NULL, NULL, '2020-05-12', 'C 96 No 48-53', NULL, '17', NULL, -76.00000, 3.00000, '8001012403', '8001012503', '8001012607', 'No', NULL, NULL, 'No', 'No', 'Finalizado, se envio informe a peticionario', NULL, NULL, NULL, NULL, NULL, NULL, NULL, NULL, '', NULL, NULL, NULL, NULL, NULL, NULL, NULL, NULL, NULL, NULL, NULL, NULL, NULL, NULL, NULL, NULL, NULL, NULL, NULL, NULL, NULL, NULL, NULL, NULL),
('89', 89, '2020', 1059695640, '8001010503', '202041610100010474', '2020-05-18', 202041630100001494, '2020-06-08', 14, NULL, 'Diana Maritza Rodriguez', 'Rosalba Ruiz', NULL, NULL, '8200528-1', '2020-05-28', 'Finca la Pitufa. 214 parte baja', NULL, NULL, '8001012035', -76.00000, 3.00000, '8001012403', '8001012504', '8001012612', 'Si', NULL, NULL, 'Si', 'No', 'Finalizado, Se envio informe a peticionario. Secretaria de Vivienda Social y Habitat y Secretaria de Bienestar Social', NULL, NULL, NULL, 5, '202041630100001494', NULL, NULL, 7, '202041630100001484', NULL, NULL, NULL, NULL, NULL, NULL, NULL, NULL, NULL, NULL, NULL, NULL, NULL, NULL, NULL, NULL, NULL, NULL, NULL, NULL, NULL, NULL, NULL, NULL),
('9', 9, '2020', 16598081, '8001010503', '202041730100004432', '2020-01-02', 202041630100000331, '2020-02-11', 27, NULL, 'Conjunto Residencial Arboleda del Sur', 'Alexander Benavidez', NULL, NULL, '12200128-2', '2020-01-28', 'C 2C No 73-146', NULL, '17', NULL, -76.00000, 3.00000, '8001012403', '8001012502', '8001012607', 'No', NULL, NULL, 'No', 'No', 'Finalizado, se envio informe a peticionario.', NULL, NULL, NULL, NULL, NULL, NULL, NULL, NULL, '', NULL, NULL, NULL, NULL, NULL, NULL, NULL, NULL, NULL, NULL, NULL, NULL, NULL, NULL, NULL, NULL, NULL, NULL, NULL, NULL, NULL, NULL, NULL, NULL),
('90', 90, '2020', 1059695640, '8001010503', NULL, '2020-05-29', 202041630100001504, '2020-06-08', 6, NULL, 'Alexandra Moneredo', 'Roizon Ortega', NULL, NULL, '8200529-1', '2020-05-29', 'Cabecera La Castilla', NULL, NULL, '8001012034', -76.00000, 3.00000, '8001012403', '8001012502', '8001012605', 'No', NULL, NULL, 'No', 'No', 'Finalizado, se envio informe a peticionario', NULL, NULL, NULL, NULL, NULL, NULL, NULL, NULL, '', NULL, NULL, NULL, NULL, NULL, NULL, NULL, NULL, NULL, NULL, NULL, NULL, NULL, NULL, NULL, NULL, NULL, NULL, NULL, NULL, NULL, NULL, NULL, NULL),
('91', 91, '2020', 1144063314, '8001010503', NULL, '2020-05-27', 202041630200000834, '2020-06-01', 3, NULL, 'Plan Jarillon de Cali', 'Ana Zoraida Gonzales', NULL, NULL, '2200527-1', '2020-05-27', 'C 72I No 26I-44', NULL, '13', NULL, -76.00000, 3.00000, '8001012401', '8001012502', '8001012607', 'Si', NULL, NULL, 'Si', 'No', 'Finalizado, se envio informe a peticionario, Secretaria de Vivienda Social y Habitat y Secretaria de Bienestar Social', NULL, NULL, NULL, 5, '202041630200000844', NULL, NULL, 7, '202041630200000854', NULL, NULL, NULL, NULL, NULL, NULL, NULL, NULL, NULL, NULL, NULL, NULL, NULL, NULL, NULL, NULL, NULL, NULL, NULL, NULL, NULL, NULL, NULL, NULL),
('92', 92, '2020', 1130622754, '8001010503', '202041730100544382', '2020-05-20', NULL, NULL, NULL, NULL, 'Clara Marlen Cante Fula', 'Clara Marlen Cante Fula', NULL, NULL, '11200527-1', '2020-05-27', 'K 38A 3 No 55A-03', '1504', '15', NULL, -76.00000, 3.00000, '8001012403', '8001012503', '8001012610', 'No', NULL, NULL, 'Si', 'No', 'En proceso', NULL, NULL, NULL, 6, NULL, NULL, NULL, 31, NULL, NULL, NULL, NULL, NULL, NULL, NULL, NULL, NULL, NULL, NULL, NULL, NULL, NULL, NULL, NULL, NULL, NULL, NULL, NULL, NULL, NULL, NULL, NULL, NULL),
('93', 93, '2020', 111111, '8001010503', '201941730101486172', '2019-10-01', 202041630100002421, '2020-06-11', NULL, NULL, NULL, 'Viviana Andrea Girarldo', NULL, NULL, '5200611-1', '2020-05-29', 'K 76 B1 Oeste No 4a-34', '1803', NULL, NULL, -76.00000, 3.00000, '8001012403', '8001012506', '8001012605', 'No', NULL, NULL, 'No', 'No', 'Finalizado, se envio informe a peticionario', NULL, NULL, NULL, NULL, NULL, NULL, NULL, NULL, '', NULL, NULL, NULL, NULL, NULL, NULL, NULL, NULL, NULL, NULL, NULL, NULL, NULL, NULL, NULL, NULL, NULL, NULL, NULL, NULL, NULL, NULL, NULL, NULL),
('94', 94, '2020', 1143859435, '8001010503', '202041730100311612', '2020-03-10', 202041630200000571, '2020-03-30', 20, NULL, 'Maria Elvita Jimenez', 'Maria Elvita Jimenez', NULL, NULL, '1200527-1', '2020-05-27', 'K 26O No 118-04', '1403', '13', NULL, -76.00000, 3.00000, '8001012403', '8001012502', '8001012602', 'No', NULL, NULL, 'Si', 'No', 'Finalizado, se envio informe a peticionario y Secretaria de Vivienda Social y Habitat', NULL, NULL, NULL, 5, '202041630200000794', NULL, NULL, NULL, '', NULL, NULL, NULL, NULL, NULL, NULL, NULL, NULL, NULL, NULL, NULL, NULL, NULL, NULL, NULL, NULL, NULL, NULL, NULL, NULL, NULL, NULL, NULL, NULL),
('95', 95, '2020', 1143859435, '8001010504', '202041730200000694', '2020-03-17', 202041630200000824, '2020-06-01', 53, NULL, 'Juan Manuel Chicango', 'Juan Manuel Chicango', NULL, NULL, '1200527-2', '2020-05-27', 'C 38 K41H-02', '1603', '16', NULL, -76.00000, 3.00000, '8001012403', '8001012502', '8001012607', 'No', NULL, NULL, 'No', 'No', 'Finalizado, se envio informe a peticionario', NULL, NULL, NULL, NULL, NULL, NULL, NULL, NULL, '', NULL, NULL, NULL, NULL, NULL, NULL, NULL, NULL, NULL, NULL, NULL, NULL, NULL, NULL, NULL, NULL, NULL, NULL, NULL, NULL, NULL, NULL, NULL, NULL),
('96', 96, '2020', 1143859435, '8001010504', NULL, '2020-06-02', 202041630200000914, '2020-06-03', 1, NULL, 'Amparo Portillo', 'Ericka Naranjo Martinez', NULL, NULL, '1200602-1', '2020-06-02', 'C 9 Oeste No 50A-58', '2004', '20', NULL, -76.00000, 3.00000, '8001012401', '8001012502', '8001012605', 'Si', NULL, NULL, 'Si', 'No', 'Finalizado, se envio informe a Subsecretaria de Acceso a Servicios de Justicia, Departamento Administrativo de Gestion del Medio Ambiente y Secretaria de Vivienda Social y Habitat.', NULL, NULL, NULL, 23, '202041630200000914', NULL, NULL, 18, '202041630200000894', NULL, NULL, 5, '202041630200000904', NULL, NULL, NULL, NULL, NULL, NULL, NULL, NULL, NULL, NULL, NULL, NULL, NULL, NULL, NULL, NULL, NULL, NULL, NULL, NULL),
('97', 97, '2020', 1144063314, '8001010504', NULL, '2020-06-02', 202041630200000914, '2020-06-03', 1, NULL, 'Amparo Portillo', 'Maria Teresa Roubles', NULL, NULL, '2200602-1', '2020-06-02', 'C 9 Oeste No 50A-52 Apto 01', '2004', '20', NULL, -76.00000, 3.00000, '8001012401', '8001012502', '8001012605', 'Si', NULL, NULL, 'Si', 'No', 'Finalizado, se envio informe a Subsecretaria de Acceso a Servicios de Justicia, Departamento Administrativo de Gestion del Medio Ambiente y Secretaria de Vivienda Social y Habitat.', NULL, NULL, NULL, 23, '202041630200000914', NULL, NULL, 18, '202041630200000894', NULL, NULL, 5, '202041630200000904', NULL, NULL, NULL, NULL, NULL, NULL, NULL, NULL, NULL, NULL, NULL, NULL, NULL, NULL, NULL, NULL, NULL, NULL, NULL, NULL),
('98', 98, '2020', 1144063314, '8001010504', NULL, '2020-06-02', 202041630200000914, '2020-06-03', 1, NULL, 'Amparo Portillo', 'Arnulfo Bastidas Cardona', NULL, NULL, '2200602-2', '2020-06-02', 'C 9 Oeste No 50A-52 Apto 02', '2004', '20', NULL, -76.00000, 3.00000, '8001012401', '8001012502', '8001012605', 'Si', NULL, NULL, 'Si', 'No', 'Finalizado, se envio informe a Subsecretaria de Acceso a Servicios de Justicia, Departamento Administrativo de Gestion del Medio Ambiente y Secretaria de Vivienda Social y Habitat.', NULL, NULL, NULL, 23, '202041630200000914', NULL, NULL, 18, '202041630200000894', NULL, NULL, 5, '202041630200000904', NULL, NULL, NULL, NULL, NULL, NULL, NULL, NULL, NULL, NULL, NULL, NULL, NULL, NULL, NULL, NULL, NULL, NULL, NULL, NULL),
('99', 99, '2020', 1053768233, '8001010504', NULL, '2020-06-02', 202041630200000914, '2020-06-03', 1, NULL, 'Amparo Portillo', 'Amparo Portillo', NULL, NULL, '4200602-1', '2020-06-02', 'C 10 Oeste No 50A-83', '2004', '20', NULL, -76.00000, 3.00000, '8001012401', '8001012502', '8001012605', 'Si', NULL, NULL, 'Si', 'No', 'Finalizado, se envio informe a Subsecretaria de Acceso a Servicios de Justicia, Departamento Administrativo de Gestion del Medio Ambiente y Secretaria de Vivienda Social y Habitat.', NULL, NULL, NULL, 23, '202041630200000914', NULL, NULL, 18, '202041630200000894', NULL, NULL, 5, '202041630200000904', NULL, NULL, NULL, NULL, NULL, NULL, NULL, NULL, NULL, NULL, NULL, NULL, NULL, NULL, NULL, NULL, NULL, NULL, NULL, NULL);

--
-- Volcado de datos para la tabla `lesiones`
--

INSERT INTO `lesiones` (`VcrIdLes`, `VcrLesEst`) VALUES
('1', 'Fisuras'),
('2', 'Grietas'),
('3', 'Fracturas'),
('4', 'Asentamientos diferenciales'),
('5', 'Sin lesiones');

--
-- Volcado de datos para la tabla `motivo_visita`
--

INSERT INTO `motivo_visita` (`VcrIdMot`, `VcrMotVis`) VALUES
('8001012401', 'Operativo'),
('8001012402', 'Seguimiento'),
('8001012403', 'Solicitud'),
('8001012404', 'Sin asignar'),
('8001012405', 'No aplica');

--
-- Volcado de datos para la tabla `municipios`
--

INSERT INTO `municipios` (`VcrIdExp`, `VcrExpEn`) VALUES
('11001', 'Bogotá. D.C.'),
('13001', 'Cartagena De Indias'),
('13006', 'Achí'),
('13030', 'Altos Del Rosario'),
('13042', 'Arenal'),
('13052', 'Arjona'),
('13062', 'Arroyohondo'),
('13074', 'Barranco De Loba'),
('13140', 'Calamar'),
('13160', 'Cantagallo'),
('13188', 'Cicuco'),
('13212', 'Córdoba'),
('13222', 'Clemencia'),
('13244', 'El Carmen De Bolívar'),
('13248', 'El Guamo'),
('13268', 'El Peñón'),
('13300', 'Hatillo De Loba'),
('13430', 'Magangué'),
('13433', 'Mahates'),
('13440', 'Margarita'),
('13442', 'María La Baja'),
('13458', 'Montecristo'),
('13468', 'Santa Cruz De Mompox'),
('13473', 'Morales'),
('13490', 'Norosí'),
('13549', 'Pinillos'),
('13580', 'Regidor'),
('13600', 'Río Viejo'),
('13620', 'San Cristóbal'),
('13647', 'San Estanislao'),
('13650', 'San Fernando'),
('13654', 'San Jacinto'),
('13655', 'San Jacinto Del Cauca'),
('13657', 'San Juan Nepomuceno'),
('13667', 'San Martín De Loba'),
('13670', 'San Pablo'),
('13673', 'Santa Catalina'),
('13683', 'Santa Rosa'),
('13688', 'Santa Rosa Del Sur'),
('13744', 'Simití'),
('13760', 'Soplaviento'),
('13780', 'Talaigua Nuevo'),
('13810', 'Tiquisio'),
('13836', 'Turbaco'),
('13838', 'Turbaná'),
('13873', 'Villanueva'),
('13894', 'Zambrano'),
('15001', 'Tunja'),
('15022', 'Almeida'),
('15047', 'Aquitania'),
('15051', 'Arcabuco'),
('15087', 'Belén'),
('15090', 'Berbeo'),
('15092', 'Betéitiva'),
('15097', 'Boavita'),
('15104', 'Boyacá'),
('15106', 'Briceño'),
('15109', 'Buenavista'),
('15114', 'Busbanzá'),
('15131', 'Caldas'),
('15135', 'Campohermoso'),
('15162', 'Cerinza'),
('15172', 'Chinavita'),
('15176', 'Chiquinquirá'),
('15180', 'Chiscas'),
('15183', 'Chita'),
('15185', 'Chitaraque'),
('15187', 'Chivatá'),
('15189', 'Ciénega'),
('15204', 'Cómbita'),
('15212', 'Coper'),
('15215', 'Corrales'),
('15218', 'Covarachía'),
('15223', 'Cubará'),
('15224', 'Cucaita'),
('15226', 'Cuítiva'),
('15232', 'Chíquiza'),
('15236', 'Chivor'),
('15238', 'Duitama'),
('15244', 'El Cocuy'),
('15248', 'El Espino'),
('15272', 'Firavitoba'),
('15276', 'Floresta'),
('15293', 'Gachantivá'),
('15296', 'Gámeza'),
('15299', 'Garagoa'),
('15317', 'Guacamayas'),
('15322', 'Guateque'),
('15325', 'Guayatá'),
('15332', 'Güicán De La Sierra'),
('15362', 'Iza'),
('15367', 'Jenesano'),
('15368', 'Jericó'),
('15377', 'Labranzagrande'),
('15380', 'La Capilla'),
('15401', 'La Victoria'),
('15403', 'La Uvita'),
('15407', 'Villa De Leyva'),
('15425', 'Macanal'),
('15442', 'Maripí'),
('15455', 'Miraflores'),
('15464', 'Mongua'),
('15466', 'Monguí'),
('15469', 'Moniquirá'),
('15476', 'Motavita'),
('15480', 'Muzo'),
('15491', 'Nobsa'),
('15494', 'Nuevo Colón'),
('15500', 'Oicatá'),
('15507', 'Otanche'),
('15511', 'Pachavita'),
('15514', 'Páez'),
('15516', 'Paipa'),
('15518', 'Pajarito'),
('15522', 'Panqueba'),
('15531', 'Pauna'),
('15533', 'Paya'),
('15537', 'Paz De Río'),
('15542', 'Pesca'),
('15550', 'Pisba'),
('15572', 'Puerto Boyacá'),
('15580', 'Quípama'),
('15599', 'Ramiriquí'),
('15600', 'Ráquira'),
('15621', 'Rondón'),
('15632', 'Saboyá'),
('15638', 'Sáchica'),
('15646', 'Samacá'),
('15660', 'San Eduardo'),
('15664', 'San José De Pare'),
('15667', 'San Luis De Gaceno'),
('15673', 'San Mateo'),
('15676', 'San Miguel De Sema'),
('15681', 'San Pablo De Borbur'),
('15686', 'Santana'),
('15690', 'Santa María'),
('15693', 'Santa Rosa De Viterbo'),
('15696', 'Santa Sofía'),
('15720', 'Sativanorte'),
('15723', 'Sativasur'),
('15740', 'Siachoque'),
('15753', 'Soatá'),
('15755', 'Socotá'),
('15757', 'Socha'),
('15759', 'Sogamoso'),
('15761', 'Somondoco'),
('15762', 'Sora'),
('15763', 'Sotaquirá'),
('15764', 'Soracá'),
('15774', 'Susacón'),
('15776', 'Sutamarchán'),
('15778', 'Sutatenza'),
('15790', 'Tasco'),
('15798', 'Tenza'),
('15804', 'Tibaná'),
('15806', 'Tibasosa'),
('15808', 'Tinjacá'),
('15810', 'Tipacoque'),
('15814', 'Toca'),
('15816', 'Togüí'),
('15820', 'Tópaga'),
('15822', 'Tota'),
('15832', 'Tununguá'),
('15835', 'Turmequé'),
('15837', 'Tuta'),
('15839', 'Tutazá'),
('15842', 'Úmbita'),
('15861', 'Ventaquemada'),
('15879', 'Viracachá'),
('15897', 'Zetaquira'),
('17001', 'Manizales'),
('17013', 'Aguadas'),
('17042', 'Anserma'),
('17050', 'Aranzazu'),
('17088', 'Belalcázar'),
('17174', 'Chinchiná'),
('17272', 'Filadelfia'),
('17380', 'La Dorada'),
('17388', 'La Merced'),
('17433', 'Manzanares'),
('17442', 'Marmato'),
('17444', 'Marquetalia'),
('17446', 'Marulanda'),
('17486', 'Neira'),
('17495', 'Norcasia'),
('17513', 'Pácora'),
('17524', 'Palestina'),
('17541', 'Pensilvania'),
('17614', 'Riosucio'),
('17616', 'Risaralda'),
('17653', 'Salamina'),
('17662', 'Samaná'),
('17665', 'San José'),
('17777', 'Supía'),
('17867', 'Victoria'),
('17873', 'Villamaría'),
('17877', 'Viterbo'),
('18001', 'Florencia'),
('18029', 'Albania'),
('18094', 'Belén De Los Andaquíes'),
('18150', 'Cartagena Del Chairá'),
('18205', 'Curillo'),
('18247', 'El Doncello'),
('18256', 'El Paujíl'),
('18410', 'La Montañita'),
('18460', 'Milán'),
('18479', 'Morelia'),
('18592', 'Puerto Rico'),
('18610', 'San José Del Fragua'),
('18753', 'San Vicente Del Caguán'),
('18756', 'Solano'),
('18785', 'Solita'),
('18860', 'Valparaíso'),
('19001', 'Popayán'),
('19022', 'Almaguer'),
('19050', 'Argelia'),
('19075', 'Balboa'),
('19100', 'Bolívar'),
('19110', 'Buenos Aires'),
('19130', 'Cajibío'),
('19137', 'Caldono'),
('19142', 'Caloto'),
('19212', 'Corinto'),
('19256', 'El Tambo'),
('19290', 'Florencia'),
('19300', 'Guachené'),
('19318', 'Guapi'),
('19355', 'Inzá'),
('19364', 'Jambaló'),
('19392', 'La Sierra'),
('19397', 'La Vega'),
('19418', 'López De Micay'),
('19450', 'Mercaderes'),
('19455', 'Miranda'),
('19473', 'Morales'),
('19513', 'Padilla'),
('19517', 'Páez'),
('19532', 'Patía'),
('19533', 'Piamonte'),
('19548', 'Piendamó - Tunía'),
('19573', 'Puerto Tejada'),
('19585', 'Puracé'),
('19622', 'Rosas'),
('19693', 'San Sebastián'),
('19698', 'Santander De Quilichao'),
('19701', 'Santa Rosa'),
('19743', 'Silvia'),
('19760', 'Sotará Paispamba'),
('19780', 'Suárez'),
('19785', 'Sucre'),
('19807', 'Timbío'),
('19809', 'Timbiquí'),
('19821', 'Toribío'),
('19824', 'Totoró'),
('19845', 'Villa Rica'),
('20001', 'Valledupar'),
('20011', 'Aguachica'),
('20013', 'Agustín Codazzi'),
('20032', 'Astrea'),
('20045', 'Becerril'),
('20060', 'Bosconia'),
('20175', 'Chimichagua'),
('20178', 'Chiriguaná'),
('20228', 'Curumaní'),
('20238', 'El Copey'),
('20250', 'El Paso'),
('20295', 'Gamarra'),
('20310', 'González'),
('20383', 'La Gloria'),
('20400', 'La Jagua De Ibirico'),
('20443', 'Manaure Balcón Del Cesar'),
('20517', 'Pailitas'),
('20550', 'Pelaya'),
('20570', 'Pueblo Bello'),
('20614', 'Río De Oro'),
('20621', 'La Paz'),
('20710', 'San Alberto'),
('20750', 'San Diego'),
('20770', 'San Martín'),
('20787', 'Tamalameque'),
('23001', 'Montería'),
('23068', 'Ayapel'),
('23079', 'Buenavista'),
('23090', 'Canalete'),
('23162', 'Cereté'),
('23168', 'Chimá'),
('23182', 'Chinú'),
('23189', 'Ciénaga De Oro'),
('23300', 'Cotorra'),
('23350', 'La Apartada'),
('23417', 'Lorica'),
('23419', 'Los Córdobas'),
('23464', 'Momil'),
('23466', 'Montelíbano'),
('23500', 'Moñitos'),
('23555', 'Planeta Rica'),
('23570', 'Pueblo Nuevo'),
('23574', 'Puerto Escondido'),
('23580', 'Puerto Libertador'),
('23586', 'Purísima De La Concepción'),
('23660', 'Sahagún'),
('23670', 'San Andrés De Sotavento'),
('23672', 'San Antero'),
('23675', 'San Bernardo Del Viento'),
('23678', 'San Carlos'),
('23682', 'San José De Uré'),
('23686', 'San Pelayo'),
('23807', 'Tierralta'),
('23815', 'Tuchín'),
('23855', 'Valencia'),
('25001', 'Agua De Dios'),
('25019', 'Albán'),
('25035', 'Anapoima'),
('25040', 'Anolaima'),
('25053', 'Arbeláez'),
('25086', 'Beltrán'),
('25095', 'Bituima'),
('25099', 'Bojacá'),
('25120', 'Cabrera'),
('25123', 'Cachipay'),
('25126', 'Cajicá'),
('25148', 'Caparrapí'),
('25151', 'Cáqueza'),
('25154', 'Carmen De Carupa'),
('25168', 'Chaguaní'),
('25175', 'Chía'),
('25178', 'Chipaque'),
('25181', 'Choachí'),
('25183', 'Chocontá'),
('25200', 'Cogua'),
('25214', 'Cota'),
('25224', 'Cucunubá'),
('25245', 'El Colegio'),
('25258', 'El Peñón'),
('25260', 'El Rosal'),
('25269', 'Facatativá'),
('25279', 'Fómeque'),
('25281', 'Fosca'),
('25286', 'Funza'),
('25288', 'Fúquene'),
('25290', 'Fusagasugá'),
('25293', 'Gachalá'),
('25295', 'Gachancipá'),
('25297', 'Gachetá'),
('25299', 'Gama'),
('25307', 'Girardot'),
('25312', 'Granada'),
('25317', 'Guachetá'),
('25320', 'Guaduas'),
('25322', 'Guasca'),
('25324', 'Guataquí'),
('25326', 'Guatavita'),
('25328', 'Guayabal De Síquima'),
('25335', 'Guayabetal'),
('25339', 'Gutiérrez'),
('25368', 'Jerusalén'),
('25372', 'Junín'),
('25377', 'La Calera'),
('25386', 'La Mesa'),
('25394', 'La Palma'),
('25398', 'La Peña'),
('25402', 'La Vega'),
('25407', 'Lenguazaque'),
('25426', 'Machetá'),
('25430', 'Madrid'),
('25436', 'Manta'),
('25438', 'Medina'),
('25473', 'Mosquera'),
('25483', 'Nariño'),
('25486', 'Nemocón'),
('25488', 'Nilo'),
('25489', 'Nimaima'),
('25491', 'Nocaima'),
('25506', 'Venecia'),
('25513', 'Pacho'),
('25518', 'Paime'),
('25524', 'Pandi'),
('25530', 'Paratebueno'),
('25535', 'Pasca'),
('25572', 'Puerto Salgar'),
('25580', 'Pulí'),
('25592', 'Quebradanegra'),
('25594', 'Quetame'),
('25596', 'Quipile'),
('25599', 'Apulo'),
('25612', 'Ricaurte'),
('25645', 'San Antonio Del Tequendama'),
('25649', 'San Bernardo'),
('25653', 'San Cayetano'),
('25658', 'San Francisco'),
('25662', 'San Juan De Rioseco'),
('25718', 'Sasaima'),
('25736', 'Sesquilé'),
('25740', 'Sibaté'),
('25743', 'Silvania'),
('25745', 'Simijaca'),
('25754', 'Soacha'),
('25758', 'Sopó'),
('25769', 'Subachoque'),
('25772', 'Suesca'),
('25777', 'Supatá'),
('25779', 'Susa'),
('25781', 'Sutatausa'),
('25785', 'Tabio'),
('25793', 'Tausa'),
('25797', 'Tena'),
('25799', 'Tenjo'),
('25805', 'Tibacuy'),
('25807', 'Tibirita'),
('25815', 'Tocaima'),
('25817', 'Tocancipá'),
('25823', 'Topaipí'),
('25839', 'Ubalá'),
('25841', 'Ubaque'),
('25843', 'Villa De San Diego De Ubaté'),
('25845', 'Une'),
('25851', 'Útica'),
('25862', 'Vergara'),
('25867', 'Vianí'),
('25871', 'Villagómez'),
('25873', 'Villapinzón'),
('25875', 'Villeta'),
('25878', 'Viotá'),
('25885', 'Yacopí'),
('25898', 'Zipacón'),
('25899', 'Zipaquirá'),
('27001', 'Quibdó'),
('27006', 'Acandí'),
('27025', 'Alto Baudó'),
('27050', 'Atrato'),
('27073', 'Bagadó'),
('27075', 'Bahía Solano'),
('27077', 'Bajo Baudó'),
('27099', 'Bojayá'),
('27135', 'El Cantón Del San Pablo'),
('27150', 'Carmen Del Darién'),
('27160', 'Cértegui'),
('27205', 'Condoto'),
('27245', 'El Carmen De Atrato'),
('27250', 'El Litoral Del San Juan'),
('27361', 'Istmina'),
('27372', 'Juradó'),
('27413', 'Lloró'),
('27425', 'Medio Atrato'),
('27430', 'Medio Baudó'),
('27450', 'Medio San Juan'),
('27491', 'Nóvita'),
('27495', 'Nuquí'),
('27580', 'Río Iró'),
('27600', 'Río Quito'),
('27615', 'Riosucio'),
('27660', 'San José Del Palmar'),
('27745', 'Sipí'),
('27787', 'Tadó'),
('27800', 'Unguía'),
('27810', 'Unión Panamericana'),
('41001', 'Neiva'),
('41006', 'Acevedo'),
('41013', 'Agrado'),
('41016', 'Aipe'),
('41020', 'Algeciras'),
('41026', 'Altamira'),
('41078', 'Baraya'),
('41132', 'Campoalegre'),
('41206', 'Colombia'),
('41244', 'Elías'),
('41298', 'Garzón'),
('41306', 'Gigante'),
('41319', 'Guadalupe'),
('41349', 'Hobo'),
('41357', 'Íquira'),
('41359', 'Isnos'),
('41378', 'La Argentina'),
('41396', 'La Plata'),
('41483', 'Nátaga'),
('41503', 'Oporapa'),
('41518', 'Paicol'),
('41524', 'Palermo'),
('41530', 'Palestina'),
('41548', 'Pital'),
('41551', 'Pitalito'),
('41615', 'Rivera'),
('41660', 'Saladoblanco'),
('41668', 'San Agustín'),
('41676', 'Santa María'),
('41770', 'Suaza'),
('41791', 'Tarqui'),
('41797', 'Tesalia'),
('41799', 'Tello'),
('41801', 'Teruel'),
('41807', 'Timaná'),
('41872', 'Villavieja'),
('41885', 'Yaguará'),
('44001', 'Riohacha'),
('44035', 'Albania'),
('44078', 'Barrancas'),
('44090', 'Dibulla'),
('44098', 'Distracción'),
('44110', 'El Molino'),
('44279', 'Fonseca'),
('44378', 'Hatonuevo'),
('44420', 'La Jagua Del Pilar'),
('44430', 'Maicao'),
('44560', 'Manaure'),
('44650', 'San Juan Del Cesar'),
('44847', 'Uribia'),
('44855', 'Urumita'),
('44874', 'Villanueva'),
('47001', 'Santa Marta'),
('47030', 'Algarrobo'),
('47053', 'Aracataca'),
('47058', 'Ariguaní'),
('47161', 'Cerro De San Antonio'),
('47170', 'Chivolo'),
('47189', 'Ciénaga'),
('47205', 'Concordia'),
('47245', 'El Banco'),
('47258', 'El Piñón'),
('47268', 'El Retén'),
('47288', 'Fundación'),
('47318', 'Guamal'),
('47460', 'Nueva Granada'),
('47541', 'Pedraza'),
('47545', 'Pijiño Del Carmen'),
('47551', 'Pivijay'),
('47555', 'Plato'),
('47570', 'Puebloviejo'),
('47605', 'Remolino'),
('47660', 'Sabanas De San Ángel'),
('47675', 'Salamina'),
('47692', 'San Sebastián De Buenavista'),
('47703', 'San Zenón'),
('47707', 'Santa Ana'),
('47720', 'Santa Bárbara De Pinto'),
('47745', 'Sitionuevo'),
('47798', 'Tenerife'),
('47960', 'Zapayán'),
('47980', 'Zona Bananera'),
('50001', 'Villavicencio'),
('50006', 'Acacías'),
('5001', 'Medellín'),
('5002', 'Abejorral'),
('5004', 'Abriaquí'),
('50110', 'Barranca De Upía'),
('50124', 'Cabuyaro'),
('50150', 'Castilla La Nueva'),
('5021', 'Alejandría'),
('50223', 'Cubarral'),
('50226', 'Cumaral'),
('50245', 'El Calvario'),
('50251', 'El Castillo'),
('50270', 'El Dorado'),
('50287', 'Fuente De Oro'),
('5030', 'Amagá'),
('5031', 'Amalfi'),
('50313', 'Granada'),
('50318', 'Guamal'),
('50325', 'Mapiripán'),
('50330', 'Mesetas'),
('5034', 'Andes'),
('50350', 'La Macarena'),
('5036', 'Angelópolis'),
('50370', 'Uribe'),
('5038', 'Angostura'),
('5040', 'Anorí'),
('50400', 'Lejanías'),
('5042', 'Santa Fé De Antioquia'),
('5044', 'Anzá'),
('5045', 'Apartadó'),
('50450', 'Puerto Concordia'),
('5051', 'Arboletes'),
('5055', 'Argelia'),
('50568', 'Puerto Gaitán'),
('50573', 'Puerto López'),
('50577', 'Puerto Lleras'),
('5059', 'Armenia'),
('50590', 'Puerto Rico'),
('50606', 'Restrepo'),
('50680', 'San Carlos De Guaroa'),
('50683', 'San Juan De Arama'),
('50686', 'San Juanito'),
('50689', 'San Martín'),
('50711', 'Vistahermosa'),
('5079', 'Barbosa'),
('5086', 'Belmira'),
('5088', 'Bello'),
('5091', 'Betania'),
('5093', 'Betulia'),
('5101', 'Ciudad Bolívar'),
('5107', 'Briceño'),
('5113', 'Buriticá'),
('5120', 'Cáceres'),
('5125', 'Caicedo'),
('5129', 'Caldas'),
('5134', 'Campamento'),
('5138', 'Cañasgordas'),
('5142', 'Caracolí'),
('5145', 'Caramanta'),
('5147', 'Carepa'),
('5148', 'El Carmen De Viboral'),
('5150', 'Carolina'),
('5154', 'Caucasia'),
('5172', 'Chigorodó'),
('5190', 'Cisneros'),
('5197', 'Cocorná'),
('52001', 'Pasto'),
('52019', 'Albán'),
('52022', 'Aldana'),
('52036', 'Ancuya'),
('52051', 'Arboleda'),
('5206', 'Concepción'),
('52079', 'Barbacoas'),
('52083', 'Belén'),
('5209', 'Concordia'),
('52110', 'Buesaco'),
('5212', 'Copacabana'),
('52203', 'Colón'),
('52207', 'Consacá'),
('52210', 'Contadero'),
('52215', 'Córdoba'),
('52224', 'Cuaspud Carlosama'),
('52227', 'Cumbal'),
('52233', 'Cumbitara'),
('52240', 'Chachagüí'),
('52250', 'El Charco'),
('52254', 'El Peñol'),
('52256', 'El Rosario'),
('52258', 'El Tablón De Gómez'),
('52260', 'El Tambo'),
('52287', 'Funes'),
('52317', 'Guachucal'),
('52320', 'Guaitarilla'),
('52323', 'Gualmatán'),
('5234', 'Dabeiba'),
('52352', 'Iles'),
('52354', 'Imués'),
('52356', 'Ipiales'),
('5237', 'Donmatías'),
('52378', 'La Cruz'),
('52381', 'La Florida'),
('52385', 'La Llanada'),
('52390', 'La Tola'),
('52399', 'La Unión'),
('5240', 'Ebéjico'),
('52405', 'Leiva'),
('52411', 'Linares'),
('52418', 'Los Andes'),
('52427', 'Magüí'),
('52435', 'Mallama'),
('52473', 'Mosquera'),
('52480', 'Nariño'),
('52490', 'Olaya Herrera'),
('5250', 'El Bagre'),
('52506', 'Ospina'),
('52520', 'Francisco Pizarro'),
('52540', 'Policarpa'),
('52560', 'Potosí'),
('52565', 'Providencia'),
('52573', 'Puerres'),
('52585', 'Pupiales'),
('52612', 'Ricaurte'),
('52621', 'Roberto Payán'),
('5264', 'Entrerríos'),
('5266', 'Envigado'),
('52678', 'Samaniego'),
('52683', 'Sandoná'),
('52685', 'San Bernardo'),
('52687', 'San Lorenzo'),
('52693', 'San Pablo'),
('52694', 'San Pedro De Cartago'),
('52696', 'Santa Bárbara'),
('52699', 'Santacruz'),
('52720', 'Sapuyes'),
('52786', 'Taminango'),
('52788', 'Tangua'),
('5282', 'Fredonia'),
('52835', 'San Andrés De Tumaco'),
('52838', 'Túquerres'),
('5284', 'Frontino'),
('52885', 'Yacuanquer'),
('5306', 'Giraldo'),
('5308', 'Girardota'),
('5310', 'Gómez Plata'),
('5313', 'Granada'),
('5315', 'Guadalupe'),
('5318', 'Guarne'),
('5321', 'Guatapé'),
('5347', 'Heliconia'),
('5353', 'Hispania'),
('5360', 'Itagüí'),
('5361', 'Ituango'),
('5364', 'Jardín'),
('5368', 'Jericó'),
('5376', 'La Ceja'),
('5380', 'La Estrella'),
('5390', 'La Pintada'),
('5400', 'La Unión'),
('54001', 'San José De Cúcuta'),
('54003', 'Ábrego'),
('54051', 'Arboledas'),
('54099', 'Bochalema'),
('54109', 'Bucarasica'),
('5411', 'Liborina'),
('54125', 'Cácota'),
('54128', 'Cáchira'),
('54172', 'Chinácota'),
('54174', 'Chitagá'),
('54206', 'Convención'),
('54223', 'Cucutilla'),
('54239', 'Durania'),
('54245', 'El Carmen'),
('5425', 'Maceo'),
('54250', 'El Tarra'),
('54261', 'El Zulia'),
('54313', 'Gramalote'),
('54344', 'Hacarí'),
('54347', 'Herrán'),
('54377', 'Labateca'),
('54385', 'La Esperanza'),
('54398', 'La Playa'),
('5440', 'Marinilla'),
('54405', 'Los Patios'),
('54418', 'Lourdes'),
('54480', 'Mutiscua'),
('54498', 'Ocaña'),
('54518', 'Pamplona'),
('54520', 'Pamplonita'),
('54553', 'Puerto Santander'),
('54599', 'Ragonvalia'),
('54660', 'Salazar'),
('5467', 'Montebello'),
('54670', 'San Calixto'),
('54673', 'San Cayetano'),
('54680', 'Santiago'),
('54720', 'Sardinata'),
('54743', 'Silos'),
('5475', 'Murindó'),
('5480', 'Mutatá'),
('54800', 'Teorama'),
('54810', 'Tibú'),
('54820', 'Toledo'),
('5483', 'Nariño'),
('54871', 'Villa Caro'),
('54874', 'Villa Del Rosario'),
('5490', 'Necoclí'),
('5495', 'Nechí'),
('5501', 'Olaya'),
('5541', 'Peñol'),
('5543', 'Peque'),
('5576', 'Pueblorrico'),
('5579', 'Puerto Berrío'),
('5585', 'Puerto Nare'),
('5591', 'Puerto Triunfo'),
('5604', 'Remedios'),
('5607', 'Retiro'),
('5615', 'Rionegro'),
('5628', 'Sabanalarga'),
('5631', 'Sabaneta'),
('5642', 'Salgar'),
('5647', 'San Andrés De Cuerquía'),
('5649', 'San Carlos'),
('5652', 'San Francisco'),
('5656', 'San Jerónimo'),
('5658', 'San José De La Montaña'),
('5659', 'San Juan De Urabá'),
('5660', 'San Luis'),
('5664', 'San Pedro De Los Milagros'),
('5665', 'San Pedro De Urabá'),
('5667', 'San Rafael'),
('5670', 'San Roque'),
('5674', 'San Vicente Ferrer'),
('5679', 'Santa Bárbara'),
('5686', 'Santa Rosa De Osos'),
('5690', 'Santo Domingo'),
('5697', 'El Santuario'),
('5736', 'Segovia'),
('5756', 'Sonsón'),
('5761', 'Sopetrán'),
('5789', 'Támesis'),
('5790', 'Tarazá'),
('5792', 'Tarso'),
('5809', 'Titiribí'),
('5819', 'Toledo'),
('5837', 'Turbo'),
('5842', 'Uramita'),
('5847', 'Urrao'),
('5854', 'Valdivia'),
('5856', 'Valparaíso'),
('5858', 'Vegachí'),
('5861', 'Venecia'),
('5873', 'Vigía Del Fuerte'),
('5885', 'Yalí'),
('5887', 'Yarumal'),
('5890', 'Yolombó'),
('5893', 'Yondó'),
('5895', 'Zaragoza'),
('63001', 'Armenia'),
('63111', 'Buenavista'),
('63130', 'Calarcá'),
('63190', 'Circasia'),
('63212', 'Córdoba'),
('63272', 'Filandia'),
('63302', 'Génova'),
('63401', 'La Tebaida'),
('63470', 'Montenegro'),
('63548', 'Pijao'),
('63594', 'Quimbaya'),
('63690', 'Salento'),
('66001', 'Pereira'),
('66045', 'Apía'),
('66075', 'Balboa'),
('66088', 'Belén De Umbría'),
('66170', 'Dosquebradas'),
('66318', 'Guática'),
('66383', 'La Celia'),
('66400', 'La Virginia'),
('66440', 'Marsella'),
('66456', 'Mistrató'),
('66572', 'Pueblo Rico'),
('66594', 'Quinchía'),
('66682', 'Santa Rosa De Cabal'),
('66687', 'Santuario'),
('68001', 'Bucaramanga'),
('68013', 'Aguada'),
('68020', 'Albania'),
('68051', 'Aratoca'),
('68077', 'Barbosa'),
('68079', 'Barichara'),
('68081', 'Barrancabermeja'),
('68092', 'Betulia'),
('68101', 'Bolívar'),
('68121', 'Cabrera'),
('68132', 'California'),
('68147', 'Capitanejo'),
('68152', 'Carcasí'),
('68160', 'Cepitá'),
('68162', 'Cerrito'),
('68167', 'Charalá'),
('68169', 'Charta'),
('68176', 'Chima'),
('68179', 'Chipatá'),
('68190', 'Cimitarra'),
('68207', 'Concepción'),
('68209', 'Confines'),
('68211', 'Contratación'),
('68217', 'Coromoro'),
('68229', 'Curití'),
('68235', 'El Carmen De Chucuri'),
('68245', 'El Guacamayo'),
('68250', 'El Peñón'),
('68255', 'El Playón'),
('68264', 'Encino'),
('68266', 'Enciso'),
('68271', 'Florián'),
('68276', 'Floridablanca'),
('68296', 'Galán'),
('68298', 'Gámbita'),
('68307', 'Girón'),
('68318', 'Guaca'),
('68320', 'Guadalupe'),
('68322', 'Guapotá'),
('68324', 'Guavatá'),
('68327', 'Güepsa'),
('68344', 'Hato'),
('68368', 'Jesús María'),
('68370', 'Jordán'),
('68377', 'La Belleza'),
('68385', 'Landázuri'),
('68397', 'La Paz'),
('68406', 'Lebrija'),
('68418', 'Los Santos'),
('68425', 'Macaravita'),
('68432', 'Málaga'),
('68444', 'Matanza'),
('68464', 'Mogotes'),
('68468', 'Molagavita'),
('68498', 'Ocamonte'),
('68500', 'Oiba'),
('68502', 'Onzaga'),
('68522', 'Palmar'),
('68524', 'Palmas Del Socorro'),
('68533', 'Páramo'),
('68547', 'Piedecuesta'),
('68549', 'Pinchote'),
('68572', 'Puente Nacional'),
('68573', 'Puerto Parra'),
('68575', 'Puerto Wilches'),
('68615', 'Rionegro'),
('68655', 'Sabana De Torres'),
('68669', 'San Andrés'),
('68673', 'San Benito'),
('68679', 'San Gil'),
('68682', 'San Joaquín'),
('68684', 'San José De Miranda'),
('68686', 'San Miguel'),
('68689', 'San Vicente De Chucurí'),
('68705', 'Santa Bárbara'),
('68720', 'Santa Helena Del Opón'),
('68745', 'Simacota'),
('68755', 'Socorro'),
('68770', 'Suaita'),
('68773', 'Sucre'),
('68780', 'Suratá'),
('68820', 'Tona'),
('68855', 'Valle De San José'),
('68861', 'Vélez'),
('68867', 'Vetas'),
('68872', 'Villanueva'),
('68895', 'Zapatoca'),
('70001', 'Sincelejo'),
('70110', 'Buenavista'),
('70124', 'Caimito'),
('70204', 'Colosó'),
('70215', 'Corozal'),
('70221', 'Coveñas'),
('70230', 'Chalán'),
('70233', 'El Roble'),
('70235', 'Galeras'),
('70265', 'Guaranda'),
('70400', 'La Unión'),
('70418', 'Los Palmitos'),
('70429', 'Majagual'),
('70473', 'Morroa'),
('70508', 'Ovejas'),
('70523', 'Palmito'),
('70670', 'Sampués'),
('70678', 'San Benito Abad'),
('70702', 'San Juan De Betulia'),
('70708', 'San Marcos'),
('70713', 'San Onofre'),
('70717', 'San Pedro'),
('70742', 'San Luis De Sincé'),
('70771', 'Sucre'),
('70820', 'Santiago De Tolú'),
('70823', 'San José De Toluviejo'),
('73001', 'Ibagué'),
('73024', 'Alpujarra'),
('73026', 'Alvarado'),
('73030', 'Ambalema'),
('73043', 'Anzoátegui'),
('73055', 'Armero'),
('73067', 'Ataco'),
('73124', 'Cajamarca'),
('73148', 'Carmen De Apicalá'),
('73152', 'Casabianca'),
('73168', 'Chaparral'),
('73200', 'Coello'),
('73217', 'Coyaima'),
('73226', 'Cunday'),
('73236', 'Dolores'),
('73268', 'Espinal'),
('73270', 'Falan'),
('73275', 'Flandes'),
('73283', 'Fresno'),
('73319', 'Guamo'),
('73347', 'Herveo'),
('73349', 'Honda'),
('73352', 'Icononzo'),
('73408', 'Lérida'),
('73411', 'Líbano'),
('73443', 'San Sebastián De Mariquita'),
('73449', 'Melgar'),
('73461', 'Murillo'),
('73483', 'Natagaima'),
('73504', 'Ortega'),
('73520', 'Palocabildo'),
('73547', 'Piedras'),
('73555', 'Planadas'),
('73563', 'Prado'),
('73585', 'Purificación'),
('73616', 'Rioblanco'),
('73622', 'Roncesvalles'),
('73624', 'Rovira'),
('73671', 'Saldaña'),
('73675', 'San Antonio'),
('73678', 'San Luis'),
('73686', 'Santa Isabel'),
('73770', 'Suárez'),
('73854', 'Valle De San Juan'),
('73861', 'Venadillo'),
('73870', 'Villahermosa'),
('73873', 'Villarrica'),
('76001', 'Cali'),
('76020', 'Alcalá'),
('76036', 'Andalucía'),
('76041', 'Ansermanuevo'),
('76054', 'Argelia'),
('76100', 'Bolívar'),
('76109', 'Buenaventura'),
('76111', 'Guadalajara De Buga'),
('76113', 'Bugalagrande'),
('76122', 'Caicedonia'),
('76126', 'Calima'),
('76130', 'Candelaria'),
('76147', 'Cartago'),
('76233', 'Dagua'),
('76243', 'El Águila'),
('76246', 'El Cairo'),
('76248', 'El Cerrito'),
('76250', 'El Dovio'),
('76275', 'Florida'),
('76306', 'Ginebra'),
('76318', 'Guacarí'),
('76364', 'Jamundí'),
('76377', 'La Cumbre'),
('76400', 'La Unión'),
('76403', 'La Victoria'),
('76497', 'Obando'),
('76520', 'Palmira'),
('76563', 'Pradera'),
('76606', 'Restrepo'),
('76616', 'Riofrío'),
('76622', 'Roldanillo'),
('76670', 'San Pedro'),
('76736', 'Sevilla'),
('76823', 'Toro'),
('76828', 'Trujillo'),
('76834', 'Tuluá'),
('76845', 'Ulloa'),
('76863', 'Versalles'),
('76869', 'Vijes'),
('76890', 'Yotoco'),
('76892', 'Yumbo'),
('76895', 'Zarzal'),
('8001', 'Barranquilla'),
('8078', 'Baranoa'),
('81001', 'Arauca'),
('81065', 'Arauquita'),
('81220', 'Cravo Norte'),
('81300', 'Fortul'),
('8137', 'Campo De La Cruz'),
('8141', 'Candelaria'),
('81591', 'Puerto Rondón'),
('81736', 'Saravena'),
('81794', 'Tame'),
('8296', 'Galapa'),
('8372', 'Juan De Acosta'),
('8421', 'Luruaco'),
('8433', 'Malambo'),
('8436', 'Manatí'),
('85001', 'Yopal'),
('85010', 'Aguazul'),
('85015', 'Chámeza'),
('85125', 'Hato Corozal'),
('85136', 'La Salina'),
('85139', 'Maní'),
('85162', 'Monterrey'),
('8520', 'Palmar De Varela'),
('85225', 'Nunchía'),
('85230', 'Orocué'),
('85250', 'Paz De Ariporo'),
('85263', 'Pore'),
('85279', 'Recetor'),
('85300', 'Sabanalarga'),
('85315', 'Sácama'),
('85325', 'San Luis De Palenque'),
('85400', 'Támara'),
('85410', 'Tauramena'),
('85430', 'Trinidad'),
('85440', 'Villanueva'),
('8549', 'Piojó'),
('8558', 'Polonuevo'),
('8560', 'Ponedera'),
('8573', 'Puerto Colombia'),
('86001', 'Mocoa'),
('8606', 'Repelón'),
('86219', 'Colón'),
('86320', 'Orito'),
('8634', 'Sabanagrande'),
('8638', 'Sabanalarga'),
('86568', 'Puerto Asís'),
('86569', 'Puerto Caicedo'),
('86571', 'Puerto Guzmán'),
('86573', 'Puerto Leguízamo'),
('86749', 'Sibundoy'),
('8675', 'Santa Lucía'),
('86755', 'San Francisco'),
('86757', 'San Miguel'),
('86760', 'Santiago'),
('8685', 'Santo Tomás'),
('86865', 'Valle Del Guamuez'),
('86885', 'Villagarzón'),
('8758', 'Soledad'),
('8770', 'Suan'),
('88001', 'San Andrés'),
('8832', 'Tubará'),
('8849', 'Usiacurí'),
('88564', 'Providencia'),
('91001', 'Leticia'),
('91263', 'El Encanto'),
('91405', 'La Chorrera'),
('91407', 'La Pedrera'),
('91430', 'La Victoria'),
('91460', 'Mirití - Paraná'),
('91530', 'Puerto Alegría'),
('91536', 'Puerto Arica'),
('91540', 'Puerto Nariño'),
('91669', 'Puerto Santander'),
('91798', 'Tarapacá'),
('94001', 'Inírida'),
('94343', 'Barrancominas'),
('94883', 'San Felipe'),
('94884', 'Puerto Colombia'),
('94885', 'La Guadalupe'),
('94886', 'Cacahual'),
('94887', 'Pana Pana'),
('94888', 'Morichal'),
('95001', 'San José Del Guaviare'),
('95015', 'Calamar'),
('95025', 'El Retorno'),
('95200', 'Miraflores'),
('97001', 'Mitú'),
('97161', 'Carurú'),
('97511', 'Pacoa'),
('97666', 'Taraira'),
('97777', 'Papunahua'),
('97889', 'Yavaraté'),
('99001', 'Puerto Carreño'),
('99524', 'La Primavera'),
('99624', 'Santa Rosalía'),
('99773', 'Cumaribo');

--
-- Volcado de datos para la tabla `natural`
--

INSERT INTO `natural` (`VcrId`, `VcrCodForm`, `VcrIdSol`, `VcrFecVis`, `VcrNomAti`, `VcrIdTip`, `VcrNoIde`, `VcrCel`, `VcrCorEle`, `VcrIdMot`, `VcrRadSol`, `VcrFecSol`, `VcrObsDat`, `VcrIdUbi`, `VcrDir`, `VcrIdBarVe`, `VcrIdCorr`, `VcrIdCom`, `VcrLat`, `VcrLon`, `VcrObsUbi`, `VcrIdFen`, `VcrDet`, `VcrIdCar`, `VcrOtr`, `VcrDesEve`, `VcrIdEdi`, `VcrNoPis`, `VcrObrCiv`, `VcrEstEdi`, `VcrIdAfe`, `VcrObsEst`, `VcrDanGrav`, `VcrAnoCon`, `VcrIdMat`, `VcrIdLes`, `VcrAyuHum`, `VcrConAyu`, `VcrObs`, `VcrCapRed`, `VcrIdCap`, `VcrOtrCap`, `VcrInf0a5F`, `VcrInf0a5M`, `VcrInf5a12F`, `VcrInf5a12M`, `VcrAd12a18F`, `VcrAd12a18M`, `VcrAd18a28F`, `VcrAd18a28M`, `VcrAd28a60F`, `VcrAd28a60M`, `VcrAdMay60F`, `VcrAdMay60M`, `VcrAfr`, `VcrPal`, `VcrInd`, `VcrCau`, `VcrGit`, `VcrMes`, `VcrOtrPer`, `VcrPerNsNr`, `VcrTraCas`, `VcrIdTra1`, `VcrdTra2`, `VcrIdTra3`, `VcrIdTra4`, `VcrRecLin`, `VcrRecLey`, `VcrRecPre`, `VcrRecAut`, `VcrDatPer`, `VcrUsoIma`, `VcrUsoDat`, `VcrAutCor`, `VcrIdSerP`, `VcrIma`, `VcrVideo`, `VcrDoc`, `VcrNumIde`, `VcrDirNom`, `VcrIdUsu`, `VcrFecReg`) VALUES
(16, '41630101424-01-16', '8001010505', '2023-03-01', 'fadfadfdfasdfa', 1, '122121222', 2147483647, 'z@d.cl', '8001012401', NULL, NULL, NULL, 8001011703, 'dfdafd', '901', NULL, '8001012013', 2.00000, 3.00000, NULL, '8001012505', NULL, '8001012603', NULL, NULL, NULL, NULL, NULL, NULL, NULL, NULL, NULL, NULL, NULL, NULL, 'NO', NULL, NULL, NULL, NULL, NULL, NULL, NULL, NULL, NULL, NULL, NULL, NULL, NULL, NULL, NULL, NULL, NULL, NULL, NULL, NULL, NULL, NULL, NULL, NULL, NULL, 'NO', NULL, NULL, NULL, NULL, 'SI APLICA', 'SI APLICA', 'SI APLICA', 'SI APLICA', 'SI', 'SI', 'SI', 'SI', 0, NULL, NULL, NULL, NULL, NULL, NULL, NULL),
(17, '41630101424-01-17', '8001010502', '2023-03-01', 'dfdasdfads', 2, '3413112', 2147483647, 'a@dco.df', '8001012404', NULL, NULL, NULL, 8001011702, 'dfads', '1204', NULL, '8001012012', 2.00000, 2.00000, NULL, '8001012504', NULL, '8001012603', NULL, NULL, NULL, NULL, NULL, NULL, NULL, NULL, NULL, NULL, NULL, NULL, 'NO', NULL, NULL, NULL, NULL, NULL, NULL, NULL, NULL, NULL, NULL, NULL, NULL, NULL, NULL, NULL, NULL, NULL, NULL, NULL, NULL, NULL, NULL, NULL, NULL, NULL, 'NO', NULL, NULL, NULL, NULL, 'SI APLICA', 'SI APLICA', 'SI APLICA', 'SI APLICA', 'SI', 'SI', 'SI', 'SI', 0, NULL, NULL, NULL, NULL, NULL, NULL, NULL),
(18, '41630101424-01-18', '8001010502', '2023-03-01', 'fdafadfa', 1, '232313123', 2147483647, 'a@s.co', '8001012402', NULL, NULL, NULL, 8001011703, 'dsadss', '1912', NULL, '8001012013', 2.00000, 23.00000, NULL, '8001012504', NULL, '8001012608', NULL, NULL, NULL, NULL, NULL, NULL, NULL, NULL, NULL, NULL, NULL, NULL, 'NO', NULL, NULL, NULL, NULL, NULL, NULL, NULL, NULL, NULL, NULL, NULL, NULL, NULL, NULL, NULL, NULL, NULL, NULL, NULL, NULL, NULL, NULL, NULL, NULL, NULL, 'NO', NULL, NULL, NULL, NULL, 'SI APLICA', 'SI APLICA', 'SI APLICA', 'SI APLICA', 'SI', 'SI', 'SI', 'SI', 0, NULL, NULL, NULL, NULL, NULL, NULL, NULL),
(19, '41630101424-01-19', '8001010502', '2023-03-01', 'dsfdafdere', 1, '21212222', 2147483647, 'a@d.co', '8001012402', NULL, NULL, NULL, 8001011703, 'esafsd', '901', NULL, '8001012012', 23.00000, 2.00000, NULL, '8001012504', NULL, '8001012616', NULL, NULL, NULL, NULL, NULL, NULL, NULL, NULL, NULL, NULL, NULL, NULL, 'NO', NULL, NULL, NULL, NULL, NULL, NULL, NULL, NULL, NULL, NULL, NULL, NULL, NULL, NULL, NULL, NULL, NULL, NULL, NULL, NULL, NULL, NULL, NULL, NULL, NULL, 'NO', NULL, NULL, NULL, NULL, 'SI APLICA', 'SI APLICA', 'SI APLICA', 'SI APLICA', 'SI', 'SI', 'SI', 'SI', 0, NULL, NULL, NULL, NULL, NULL, NULL, NULL),
(20, '41630101424-01-20', '8001010503', '2023-02-24', 'Sonia Lucia Soto', 1, '29434999', 2147483647, 'sonial@gmail.com', '8001012403', NULL, NULL, NULL, 8001011701, 'Calle 23 #3A-34', '1921', NULL, '8001012019', 3.53645, -78.23442, NULL, '8001012501', NULL, '8001012610', NULL, NULL, NULL, NULL, NULL, NULL, NULL, NULL, NULL, NULL, NULL, NULL, 'NO', NULL, NULL, NULL, NULL, NULL, NULL, NULL, NULL, NULL, NULL, NULL, NULL, NULL, NULL, NULL, NULL, NULL, NULL, NULL, NULL, NULL, NULL, NULL, NULL, NULL, 'NO', NULL, NULL, NULL, NULL, 'SI APLICA', 'SI APLICA', 'SI APLICA', 'SI APLICA', 'SI', 'SI', 'SI', 'SI', 0, NULL, NULL, NULL, NULL, NULL, NULL, NULL),
(21, '41630101424-01-21', '8001010502', '2023-03-01', 'dzxcvzxzvc', 2, '22222222', 1232342222, 'a@f.do', '8001012402', NULL, NULL, NULL, 8001011703, 'dfadfd', '1111', NULL, '8001012011', 2.00000, 2.00000, NULL, '8001012504', NULL, '8001012608', NULL, NULL, NULL, NULL, NULL, NULL, NULL, NULL, NULL, NULL, NULL, NULL, 'NO', NULL, NULL, NULL, NULL, NULL, NULL, NULL, NULL, NULL, NULL, NULL, NULL, NULL, NULL, NULL, NULL, NULL, NULL, NULL, NULL, NULL, NULL, NULL, NULL, NULL, 'NO', NULL, NULL, NULL, NULL, 'SI APLICA', 'SI APLICA', 'SI APLICA', 'SI APLICA', 'SI', 'SI', 'SI', 'SI', 0, NULL, NULL, NULL, NULL, NULL, NULL, NULL),
(22, '41630101424-01-22', '8001010503', '2023-03-06', 'Sandra Montaña', 1, '21233445', 2147483647, 'a@d.ci', '8001012401', NULL, NULL, NULL, 8001011701, 'sadas', NULL, NULL, NULL, 1.00000, 3.00000, NULL, '8001012504', NULL, '8001012603', NULL, NULL, NULL, NULL, NULL, NULL, NULL, NULL, NULL, NULL, NULL, NULL, 'NO', NULL, NULL, NULL, NULL, NULL, NULL, NULL, NULL, NULL, NULL, NULL, NULL, NULL, NULL, NULL, NULL, NULL, NULL, NULL, NULL, NULL, NULL, NULL, NULL, NULL, 'NO', NULL, NULL, NULL, NULL, 'SI APLICA', 'SI APLICA', 'SI APLICA', 'SI APLICA', 'SI', 'SI', 'SI', 'SI', 0, NULL, NULL, NULL, NULL, NULL, NULL, NULL);

--
-- Volcado de datos para la tabla `servidor_publico`
--

INSERT INTO `servidor_publico` (`VcrIdSerP`, `VcrSerPub`, `VcrTipSerP`, `VcrIdProc`, `VcrCelSerP`, `VcrCorrSerP`) VALUES
(111111, 'Diana Maria Varela Pastrana', NULL, NULL, NULL, NULL),
(8359157, 'Juan Camilo Aldana Suarez', NULL, NULL, NULL, NULL),
(11313846, 'Edwin Palacios Romero', NULL, NULL, NULL, NULL),
(12912177, 'Rene Dario Quiñones', NULL, NULL, NULL, NULL),
(14467686, 'Nelson Hernandez', NULL, NULL, NULL, NULL),
(14637203, 'Carlos Mauricio Angulo Chavez', NULL, NULL, NULL, NULL),
(14675826, 'Diego fernando velasco gonzalez', NULL, NULL, NULL, NULL),
(14677053, 'Daniel Landazuri Cortes', NULL, NULL, NULL, NULL),
(14835369, 'Jorge Armando Ruiz', NULL, NULL, NULL, NULL),
(14836277, 'Jesus Santiago Patiño Giron', NULL, NULL, NULL, NULL),
(16481817, 'Oliverio Rubiano Bonilla', NULL, NULL, NULL, NULL),
(16598081, 'Oscar Antonio Orejuela Osorio', 'FUNCIONARIO', 0, '3155026186', 'oscar.orejuela@cali.gov.co'),
(16616114, 'Jorge Enrique Ruiz Rico', NULL, NULL, NULL, NULL),
(16618708, 'Carlos Fernando Zuñiga Suarez', NULL, NULL, NULL, NULL),
(16651408, 'Gustavo Adolfo Balanta Gonzalez', NULL, NULL, NULL, NULL),
(16675368, 'Nelson Henao Castro', NULL, NULL, NULL, NULL),
(16715853, 'Sigifredo Aranzazu Bolaños Bolaños', NULL, NULL, NULL, NULL),
(16754418, 'Jaime Fajardo Gomez', NULL, NULL, NULL, NULL),
(16775952, 'Reinaldo Mosquera Munar', NULL, NULL, NULL, NULL),
(16804372, 'Cristian Camilo Ortiz Rojas', NULL, NULL, NULL, NULL),
(16826666, 'Armando Vasquez Garces', NULL, NULL, NULL, NULL),
(16887120, 'Jose Alonso Carabali', NULL, NULL, NULL, NULL),
(16893611, 'Balanta Gonzalez Gustavo Adolfo', NULL, NULL, NULL, NULL),
(16916418, 'Leonardo Albeiro Montaño Rada', NULL, NULL, NULL, NULL),
(16929304, 'Libardo Sanchez Belalcazar', NULL, NULL, NULL, NULL),
(16931164, 'Fausto Alejandro Colmenares Restrepo', NULL, NULL, NULL, NULL),
(16935418, 'Luis felipe Garces Sanchez', NULL, NULL, NULL, NULL),
(16935747, 'Carlos Felipe Rua Delgado', NULL, NULL, NULL, NULL),
(24586150, 'Diana Mayerli Barbosa Valencia', NULL, NULL, NULL, NULL),
(24586543, 'Angela Patricia Gutierrez Montoya', NULL, NULL, NULL, NULL),
(25328240, 'Lidya Lucero Leon Sarria', NULL, NULL, NULL, NULL),
(25424350, 'Maria Arlenis Montenegro', NULL, NULL, NULL, NULL),
(29112246, 'Anna Carolina Ramirez Jaramillo', NULL, NULL, NULL, NULL),
(29436454, 'Monica Andrea Pimentel Agudelo', NULL, NULL, NULL, NULL),
(29448794, 'Aceneth Gomez Monsalve', NULL, NULL, NULL, NULL),
(29500127, 'Fabiola Varela Muñoz', NULL, NULL, NULL, NULL),
(29952233, 'jenny patricia morales martinez', NULL, NULL, NULL, NULL),
(31486518, 'Diana Margarita Sierra Ceron', NULL, NULL, NULL, NULL),
(31565183, 'Ana Maria Rubiano Lopez', NULL, NULL, NULL, NULL),
(31571951, 'Sandra Patricia Gutierrez Estacio', NULL, NULL, NULL, NULL),
(31584032, 'Inés Quiñones Hoyos', 'CONTRATISTA', 0, NULL, 'inequiho1981@gmail.com'),
(31584350, 'Darli Yohanna Ramos Rodriguez', NULL, NULL, NULL, NULL),
(31640048, 'Olga Stella Abadia Cabal', NULL, NULL, NULL, NULL),
(31857860, 'Martha Cecilia Rengifo Castro', NULL, NULL, NULL, NULL),
(31877739, 'Ybani Popo Trujillo', NULL, NULL, NULL, NULL),
(31887813, 'Zhelde Alexandrovich Vaisman', NULL, NULL, NULL, NULL),
(31889816, 'Luz Mery Guzman Alegrias', NULL, NULL, NULL, NULL),
(31894476, 'Norha Cecilia Vacca Suarez', NULL, NULL, NULL, NULL),
(31945663, 'Maria Encarnación Palacios Mosquera', NULL, NULL, NULL, NULL),
(31964505, 'Miyerland Patiño', NULL, NULL, NULL, NULL),
(34319355, 'Jimena Gomez Salazar', NULL, NULL, NULL, NULL),
(36861950, 'Diana Carolina Bastidas Bastidas', 'CONTRATISTA', 0, '316 6217658', 'diana.bastidas@cali.gov.co'),
(38470236, 'Leidy Johanna Riascos Lucumi', NULL, NULL, NULL, NULL),
(38551728, 'Luz Edith Fajardo Martinez', NULL, NULL, NULL, NULL),
(38552076, 'Jacqueline Lopez Echavarria', NULL, NULL, NULL, NULL),
(38560791, 'Angie Juliana Anacona Diaz', NULL, NULL, NULL, NULL),
(38666240, 'Lina Fernanda Garcia Caracas', NULL, NULL, NULL, NULL),
(38865058, 'Maria Elena Benjumea', NULL, NULL, NULL, NULL),
(38888644, 'Sandra Catalina Valdes Jordan', NULL, NULL, NULL, NULL),
(42111713, 'Ana Milena Rojo Ospina', NULL, NULL, NULL, NULL),
(53062161, 'Viviana Andrea Arango Diaz', NULL, NULL, NULL, NULL),
(66830916, 'Luz Angela Coscue Escobar', NULL, NULL, NULL, NULL),
(66850740, 'Luz Dary Delgado Cortes', NULL, NULL, NULL, NULL),
(66870579, 'Gloria Elena Garcia Garcia', NULL, NULL, NULL, NULL),
(66901088, 'Sandra Liliana Bejarano', NULL, NULL, NULL, NULL),
(66957270, 'Martha Liliana Puentes Caceres', NULL, NULL, NULL, NULL),
(66979857, 'Eleonora Cabal Sanchez', NULL, NULL, NULL, NULL),
(66988163, 'Viviana Lucero Grajales Velasquez', NULL, NULL, NULL, NULL),
(66988420, 'Luz Carime Lenis Balcazar', NULL, NULL, NULL, NULL),
(66994134, 'Diana Yaneth Barrios Cisneros', NULL, NULL, NULL, NULL),
(67010503, 'Blanca Ximena Payan', NULL, NULL, NULL, NULL),
(67016724, 'Sandra Lorena Zea Minda', NULL, NULL, NULL, NULL),
(67021799, 'Luz Angela Narvaez Poveda', NULL, NULL, NULL, NULL),
(67026984, 'Paola Andrea Franco Jaramillo', NULL, NULL, NULL, NULL),
(67040584, 'Sandra patricia Alhay Garcia', NULL, NULL, NULL, NULL),
(80104208, 'Steven Rozen Mizrachi', NULL, NULL, NULL, NULL),
(94063366, 'Carlos Humberto Clavijo Muelas', NULL, NULL, NULL, NULL),
(94070739, 'Fernando Lobaton Salazar', NULL, NULL, NULL, NULL),
(94074652, 'Nessar Dulio Rengifo Villalba', NULL, NULL, NULL, NULL),
(94281325, 'Jorge Eduardo Vasquez', NULL, NULL, NULL, NULL),
(94370061, 'Wilmar Ortega Garcia', NULL, NULL, NULL, NULL),
(94377676, 'Jose Mauricio Florez Jimenez', NULL, NULL, NULL, NULL),
(94382562, 'Alexander Delgado Perdomo', NULL, NULL, NULL, NULL),
(94396582, 'Jaime Gonzalez', NULL, NULL, NULL, NULL),
(94398370, 'Alfredo Arango Paredes', NULL, NULL, NULL, NULL),
(94402230, 'Hayber Tovar Garcia', NULL, NULL, NULL, NULL),
(94429828, 'Leonardo Fabio Dosman Paz', NULL, NULL, NULL, NULL),
(94459053, 'Jorge Enrique Cruz Solarte', NULL, NULL, NULL, NULL),
(94495243, 'Alejandro Echeverry Gomez', NULL, NULL, NULL, NULL),
(94530308, 'Ramiro Ramirez Ochoa', NULL, NULL, NULL, NULL),
(94530501, 'Danny Humberto Cortes Alban', NULL, NULL, NULL, NULL),
(94534686, 'Carlos Andres Ceballos Santos', NULL, NULL, NULL, NULL),
(94536394, 'Edwin Jair Galvis Gomez', NULL, NULL, NULL, NULL),
(94551617, 'Nestor Raul Naranjo Banguero', NULL, NULL, NULL, NULL),
(144152766, 'Daniela Chavarro Muños', NULL, NULL, NULL, NULL),
(144205597, 'Juan David Hernández Bueno', 'CONTRATISTA', 0, NULL, 'juandhb00@gmail.com'),
(1005832670, 'Nazly Xiomara Vila Astaiza', NULL, NULL, NULL, NULL),
(1006010572, 'Kevin Sneider Gonzalez Acevedo', NULL, NULL, NULL, NULL),
(1006034395, 'Ingrid Tatiana Copete del Mar', NULL, NULL, NULL, NULL),
(1006166120, 'Daniela Sandoval Sandoval', NULL, NULL, NULL, NULL),
(1022416622, 'Lorena Guzman Ayala', NULL, NULL, NULL, NULL),
(1053768233, 'Diana Carolina Cano Carvajal', 'CONTRATISTA', 0, '313 7072009', 'diana.cano@cali.gov.co'),
(1059695640, 'Gebel Edilberto Taba Morales', 'CONTRATISTA', 0, '316 2897764', 'gebel.taba@cali.gov.co'),
(1059980544, 'Luis Miguel Nazarit Navarrete', NULL, NULL, NULL, NULL),
(1060356696, 'Alexander Cañaveral Mensa', NULL, NULL, NULL, NULL),
(1087118931, 'Hanser Avesner Henao Casanova', NULL, NULL, NULL, NULL),
(1098308038, 'Maria Fernanda Arbeladez Osorio', NULL, NULL, NULL, NULL),
(1107061580, 'Natali Paspur Trujillo', NULL, NULL, NULL, NULL),
(1107063911, 'Myriam Audrey Arango Pabon', NULL, NULL, NULL, NULL),
(1107070754, 'Nathalie Garcia Millan', 'CONTRATISTA', 0, '319 7036640', 'nathalie.garcia@cali.gov.co'),
(1107071425, 'Belisa Rosa Castro Valencia', NULL, NULL, NULL, NULL),
(1107073884, 'Maria Angelica Zuleta Sierra', NULL, NULL, NULL, NULL),
(1107078375, 'Laura Celene Balanta Barreto', NULL, NULL, NULL, NULL),
(1107088309, 'Alejandro Guacialpud Betancourth', NULL, NULL, NULL, NULL),
(1107093762, 'Lizeth Daniela Forero Medina', NULL, NULL, NULL, NULL),
(1107508416, 'Juan David Mambuscay Burbano', NULL, NULL, NULL, NULL),
(1107511866, 'Kimberly Andrea Ramirez Garzon', NULL, NULL, NULL, NULL),
(1107519067, 'Deiby Alejandro Noguera Ceron', NULL, NULL, NULL, NULL),
(1109562294, 'Jonh Henry Contreras Garcia', NULL, NULL, NULL, NULL),
(1111751973, 'Jose Octavio Diaz Canga', NULL, NULL, NULL, NULL),
(1111790108, 'Lina Maria Hernandez Restrepo', NULL, NULL, NULL, NULL),
(1112488752, 'Diego Alexander Lasso Ladino', NULL, NULL, NULL, NULL),
(1113513612, 'Leydi Dayana Tabares', NULL, NULL, NULL, NULL),
(1113622252, 'Christian Andres Rangel Collazos', NULL, NULL, NULL, NULL),
(1113695870, 'Duvan Felipe Narvaez Flor', NULL, NULL, NULL, NULL),
(1113785431, 'Maria Angelica Escobar Vargas', NULL, NULL, NULL, NULL),
(1114338330, 'German Martinez Grisales', NULL, NULL, NULL, NULL),
(1114837718, 'Juan Sebastian Bermudez Rubio', 'CONTRATISTA', 0, '310 6785167', 'jsebasb30@gmail.com'),
(1116444092, 'Yessica Alejandra Giraldo Gonzalez', NULL, NULL, NULL, NULL),
(1118237179, 'Geraldine Rodriguez Valencia', NULL, NULL, NULL, NULL),
(1118285666, 'Fabio Andres Cano Herrera', NULL, NULL, NULL, NULL),
(1118296256, 'Cesar Augusto Valencia Mosquera', NULL, NULL, NULL, NULL),
(1128024727, 'Yunior Stiven Godoy Betancourt', NULL, NULL, NULL, NULL),
(1130589095, 'Fernanda Lucia Araujo Narvaez', NULL, NULL, NULL, NULL),
(1130591395, 'Jose Fernando Gomez Arbelaez', NULL, NULL, NULL, NULL),
(1130610111, 'Lina Marcela Rojas Guerra', NULL, NULL, NULL, NULL),
(1130613911, 'Hugo Dario Gomez Jaramillo', NULL, NULL, NULL, NULL),
(1130622754, 'Srahyrlandy Rocio Diaz Sanches', NULL, NULL, NULL, NULL),
(1130624097, 'Jennifer Vanesa Noreña Serna', NULL, NULL, NULL, NULL),
(1130633082, 'Jhon Edinson Sanchez Valencia', NULL, NULL, NULL, NULL),
(1130658097, 'Edinson Mina Cuero', NULL, NULL, NULL, NULL),
(1130658098, 'Yenni Yulieth Hernandez Gonzalez', NULL, NULL, NULL, NULL),
(1130658760, 'Rafael Antonio Arce Saenz', NULL, NULL, NULL, NULL),
(1130659551, 'Sandra Liliana Bermudez Mosquera', NULL, NULL, NULL, NULL),
(1130660666, 'Jhonathan Lozano Cano', NULL, NULL, NULL, NULL),
(1130666519, 'Maria Del Mar Ramirez Rebellon', NULL, NULL, NULL, NULL),
(1130682201, 'Diana Carolina Patiño Loza', NULL, NULL, NULL, NULL),
(1130683452, 'Lindalia Patricia Baron Pico', NULL, NULL, NULL, NULL),
(1143825540, 'luiz felipe Echeverry Abadia', NULL, NULL, NULL, NULL),
(1143829872, 'Sebastian Rojas Giraldo', NULL, NULL, NULL, NULL),
(1143847102, 'Katherin Johana Londoño Piedrahita', NULL, NULL, NULL, NULL),
(1143851369, 'Maria Mercedes Cardoza Sanchez', NULL, NULL, NULL, NULL),
(1143852209, 'Mario Jordan Mejia Vargas', NULL, NULL, NULL, NULL),
(1143853077, 'Luiz Andeimer Ramirez', 'CONTRATISTA', 0, '318 7280373', 'luis.ramirez.cal@cali.gov.co'),
(1143854752, 'Julian Andrea Mosquera Galindez', NULL, NULL, NULL, NULL),
(1143855110, 'Brian Zamora Garces', NULL, NULL, NULL, NULL),
(1143857085, 'Katherin Rivera Granada', NULL, NULL, NULL, NULL),
(1143859435, 'Alex David Perez', NULL, NULL, NULL, NULL),
(1143869692, 'Laura Manuela Bedoya Cardona', NULL, NULL, NULL, NULL),
(1143940926, 'Jhonier Mosquera Mosquera', NULL, NULL, NULL, NULL),
(1143949506, 'Jefferson Stiven Rivas Solano', NULL, NULL, NULL, NULL),
(1143953006, 'Jhon Freddy Florez Bedoya', NULL, NULL, NULL, NULL),
(1144024013, 'Angelica Maria Rubio Hurtado', NULL, NULL, NULL, NULL),
(1144034930, 'Luis Eduardo Melecio Fajardo', NULL, NULL, NULL, NULL),
(1144039474, 'Christian Camilo Muñoz Campiño', NULL, NULL, NULL, NULL),
(1144041879, 'Francisco de Jesus Gallego Ospina', NULL, NULL, NULL, NULL),
(1144043372, 'Jairo Alejandro Angel Escobar', 'FUNCIONARIO', 0, '322 5856182', 'jairo.angel@cali.gov.co'),
(1144045877, 'Yessica Diaz', 'CONTRATISTA', 0, '300 8586165', 'ydiazr@unal.edu.co'),
(1144045950, 'Jennifer Lorena Dumancely Salazar', NULL, NULL, NULL, NULL),
(1144049917, 'Johan Vasquez Collazos', 'CONTRATISTA', 0, '317 2329195', 'johan.vasquez.collazos@correounivalle.ed'),
(1144062535, 'Jhonatan Muñoz', NULL, NULL, NULL, NULL),
(1144063314, 'Andres Felipe Velasco Romero', 'CONTRATISTA', 0, '313 3913742', 'andres.velasco.rom@cali.gov.co'),
(1144063625, 'Yessica Stephanie Fortaleche Herrera', NULL, NULL, NULL, NULL),
(1144066878, 'Andrea Medina Pelaez', NULL, NULL, NULL, NULL),
(1144067053, 'Jorge Eliecer Lozano Agudelo', NULL, NULL, NULL, NULL),
(1144067703, 'Andres Felipe Olaya Perdomo', NULL, NULL, NULL, NULL),
(1144067862, 'Stefhania Libreros Serna', NULL, NULL, NULL, NULL),
(1144071184, 'Mariana Ruiz Herrera', NULL, NULL, NULL, NULL),
(1144081630, 'Ingrid Sugey Valencia Canar', NULL, NULL, NULL, NULL),
(1144084151, 'Bayron Abel Henao Benitez', NULL, NULL, NULL, NULL),
(1144086580, 'Daniela Ocampo Cabrera', NULL, NULL, NULL, NULL),
(1144090766, 'Valentina Montero Rodriguez', NULL, NULL, NULL, NULL),
(1144091873, 'David Esteban Sandoval', NULL, NULL, NULL, NULL),
(1144092263, 'Juan David Gomez Penagos', NULL, NULL, NULL, NULL),
(1144100305, 'Yojhan Steeven Vasquez Naranjo', NULL, NULL, NULL, NULL),
(1144136440, 'Angelica Gutierrez Gonzalez', NULL, NULL, NULL, NULL),
(1144151735, 'Francy leany Caicedo Mosquera', NULL, NULL, NULL, NULL),
(1144152964, 'Lina Paola Cardenas Vargas', NULL, NULL, NULL, NULL),
(1144153716, 'Juan Carlos Guerra Lara', NULL, NULL, NULL, NULL),
(1144155684, 'Katheryne Sarria marmolejo', NULL, NULL, NULL, NULL),
(1144161435, 'Jeyson Mauricio Cuevas Duran', NULL, NULL, NULL, NULL),
(1144171574, 'Diego Fernando Gonzalez Guevara', 'CONTRATISTA', 0, '312 2052353', 'diego.Gonzalez@cali.gov.co'),
(1144178905, 'Bayron Fernando Puerta Quiñones', NULL, NULL, NULL, NULL),
(1144179482, 'Alexander Quiñonez Banguera', NULL, NULL, NULL, NULL),
(1144187093, 'Daniela Buitron Muñoz', NULL, NULL, NULL, NULL),
(1144187561, 'Angie Mar Morales Cerezo', NULL, NULL, NULL, NULL),
(1144187627, 'Sury Dayan Palma Ceballos', NULL, NULL, NULL, NULL),
(1144201314, 'Gonzalo Rodriguez Casanova', NULL, NULL, NULL, NULL),
(1144209952, 'Juan Sebastian Ariza Mondragon', NULL, NULL, NULL, NULL),
(1144211056, 'Ingrid Julieth Pizo fernandez', NULL, NULL, NULL, NULL),
(1151936630, 'Julian Gomez Arbelaez', 'CONTRATISTA', 0, '315 4246424', 'julian.gomez@cali.gov.co'),
(1151939029, 'Luis Fernando Jimenez Hincapie', NULL, NULL, NULL, NULL),
(1151941547, 'José Andrés Marinez castillo', 'CONTRATISTA', 0, NULL, 'secretariariesgocali.educacion@gmail.com'),
(1151943565, 'Steffani Longas Plaza', NULL, NULL, NULL, NULL),
(1151945750, 'Katheryn Johanna Calero Cubillos', NULL, NULL, NULL, NULL),
(1151957865, 'Miguel Angel Largacha Bedoya', NULL, NULL, NULL, NULL),
(1151971208, 'Valeria Vera Benitez', NULL, NULL, NULL, NULL);

--
-- Volcado de datos para la tabla `solicitudes`
--

INSERT INTO `solicitudes` (`VcrIdSol`, `VcrSol`) VALUES
('8001010501', 'Informativo'),
('8001010502', 'Operativo'),
('8001010503', 'Solicitud'),
('8001010504', 'Traslado'),
('8001010505', 'Sin asignar');

--
-- Volcado de datos para la tabla `tipo_combustible`
--

INSERT INTO `tipo_combustible` (`VcrIdComb`, `VcrComb`) VALUES
(1, 'Gasolina corriente'),
(2, 'Gasolina extra'),
(3, 'Diesel'),
(4, 'Gas Natural Vehicular');

--
-- Volcado de datos para la tabla `tipo_documento`
--

INSERT INTO `tipo_documento` (`VcrIdTip`, `VcrTip`) VALUES
(1, 'Cédula de ciudadanía'),
(2, 'Cédula de extranjeria'),
(3, 'Otros');

--
-- Volcado de datos para la tabla `tipo_evento`
--

INSERT INTO `tipo_evento` (`VcrIdEve`, `VcrTipEve`) VALUES
(1, 'Masivo (complejo)'),
(2, 'No masivo (no complejo)'),
(3, 'Deportivo'),
(4, 'Artes escenicas'),
(5, 'Concierto'),
(6, 'Empresarial'),
(7, 'Familiar'),
(8, 'Otros');

--
-- Volcado de datos para la tabla `tipo_material`
--

INSERT INTO `tipo_material` (`VcrIdMat`, `VcrTipMat`) VALUES
(1, 'Concreto'),
(2, 'Ladrillo'),
(3, 'Liviano');

--
-- Volcado de datos para la tabla `tipo_perdida`
--

INSERT INTO `tipo_perdida` (`VcrIdPer`, `VcrNomPer`) VALUES
('integer', 'varchar 40');

--
-- Volcado de datos para la tabla `tipo_riesgo`
--

INSERT INTO `tipo_riesgo` (`VcrIdRie`, `VcrNomRie`, `field1`, `field2`) VALUES
(0, '', NULL, NULL),
(1, 'Riesgo bajo', NULL, NULL),
(2, 'Riesgo medio', NULL, NULL),
(3, 'Riesgo inminente', NULL, NULL),
(4, NULL, NULL, NULL);

--
-- Volcado de datos para la tabla `ubicacion`
--

INSERT INTO `ubicacion` (`VcrIdUbi`, `VcrUbi`, `VcrDesUbi`) VALUES
(8001011701, 'Suelo urbano', 'El lugar de la visita de verificación por condiciones de riesgo se encuentra ubicado dentro\ndel área del perímetro urbano del Distrito.'),
(8001011702, 'Suelo rural', 'El lugar de la visita de verificación por condiciones de riesgo se encuentra ubicado en el\nárea rural del Distrito.'),
(8001011703, 'Suelo de expansión', 'El lugar de la visita de verificación por condiciones de riesgo se encuentra ubicado en el\nárea de expansión urbana del Distrito.\n'),
(8001011704, 'Sin asignar', 'Sin asignar');
COMMIT;

/*!40101 SET CHARACTER_SET_CLIENT=@OLD_CHARACTER_SET_CLIENT */;
/*!40101 SET CHARACTER_SET_RESULTS=@OLD_CHARACTER_SET_RESULTS */;
/*!40101 SET COLLATION_CONNECTION=@OLD_COLLATION_CONNECTION */;
